study,bench,name,seed,cond,arm,rep,noise,pool_frac,policy,chosen,k,beta,n_pool,n_fit,n_conf,n_test,base_metric,gate_metric_delta,blanket_metric_delta,base_accuracy,gate_accuracy,joint_harm,blanket_joint_harm,apply_rate,target_accuracy
conf,mosei,CMAD,0,a,,0,,,selected,cross_mask,5,1.0,1161,1161,1161,1160,0.6305803571428571,0.0502232142857143,0.0736607142857143,0.5353448275862069,0.5827586206896552,0.10086206896551723,0.25775862068965516,0.3232758620689655,0.6137931034482759
conf,mosei,CMAD,0,a,,0,,,selected,cross_mask,5,1.0,1161,1161,50,1160,0.6305803571428571,0.0502232142857143,0.0736607142857143,0.5353448275862069,0.5810344827586207,0.0896551724137931,0.25775862068965516,0.28620689655172415,0.6137931034482759
conf,mosei,CMAD,0,a,,1,,,selected,cross_mask,5,1.0,1161,1161,50,1160,0.6305803571428571,0.0502232142857143,0.0736607142857143,0.5353448275862069,0.5818965517241379,0.09482758620689655,0.25775862068965516,0.30689655172413793,0.6137931034482759
conf,mosei,CMAD,0,a,,2,,,selected,cross_mask,5,1.0,1161,1161,50,1160,0.6305803571428571,0.0502232142857143,0.0736607142857143,0.5353448275862069,0.5818965517241379,0.09482758620689655,0.25775862068965516,0.30689655172413793,0.6137931034482759
conf,mosei,CMAD,0,a,,3,,,selected,cross_mask,5,1.0,1161,1161,50,1160,0.6305803571428571,0.0502232142857143,0.0736607142857143,0.5353448275862069,0.5827586206896552,0.10086206896551723,0.25775862068965516,0.32413793103448274,0.6137931034482759
conf,mosei,CMAD,0,a,,4,,,selected,cross_mask,5,1.0,1161,1161,50,1160,0.6305803571428571,0.03236607142857151,0.0736607142857143,0.5353448275862069,0.5706896551724138,0.04224137931034483,0.25775862068965516,0.15,0.6137931034482759
conf,mosei,CMAD,0,a,,5,,,selected,cross_mask,5,1.0,1161,1161,50,1160,0.6305803571428571,0.0502232142857143,0.0736607142857143,0.5353448275862069,0.5818965517241379,0.09482758620689655,0.25775862068965516,0.30689655172413793,0.6137931034482759
conf,mosei,CMAD,0,a,,6,,,selected,cross_mask,5,1.0,1161,1161,50,1160,0.6305803571428571,0.0502232142857143,0.0736607142857143,0.5353448275862069,0.5827586206896552,0.10086206896551723,0.25775862068965516,0.3232758620689655,0.6137931034482759
conf,mosei,CMAD,0,a,,7,,,selected,cross_mask,5,1.0,1161,1161,50,1160,0.6305803571428571,0.0502232142857143,0.0736607142857143,0.5353448275862069,0.5827586206896552,0.10086206896551723,0.25775862068965516,0.32413793103448274,0.6137931034482759
conf,mosei,CMAD,0,a,,0,,,selected,cross_mask,5,1.0,1161,1161,100,1160,0.6305803571428571,0.0502232142857143,0.0736607142857143,0.5353448275862069,0.5810344827586207,0.0896551724137931,0.25775862068965516,0.28620689655172415,0.6137931034482759
conf,mosei,CMAD,0,a,,1,,,selected,cross_mask,5,1.0,1161,1161,100,1160,0.6305803571428571,0.0502232142857143,0.0736607142857143,0.5353448275862069,0.5827586206896552,0.10086206896551723,0.25775862068965516,0.32413793103448274,0.6137931034482759
conf,mosei,CMAD,0,a,,2,,,selected,cross_mask,5,1.0,1161,1161,100,1160,0.6305803571428571,0.0502232142857143,0.0736607142857143,0.5353448275862069,0.5818965517241379,0.08620689655172414,0.25775862068965516,0.27586206896551724,0.6137931034482759
conf,mosei,CMAD,0,a,,3,,,selected,cross_mask,5,1.0,1161,1161,100,1160,0.6305803571428571,0.0502232142857143,0.0736607142857143,0.5353448275862069,0.5818965517241379,0.09482758620689655,0.25775862068965516,0.30689655172413793,0.6137931034482759
conf,mosei,CMAD,0,a,,4,,,selected,cross_mask,5,1.0,1161,1161,100,1160,0.6305803571428571,0.0502232142857143,0.0736607142857143,0.5353448275862069,0.5827586206896552,0.10086206896551723,0.25775862068965516,0.3232758620689655,0.6137931034482759
conf,mosei,CMAD,0,a,,5,,,selected,cross_mask,5,1.0,1161,1161,100,1160,0.6305803571428571,0.0502232142857143,0.0736607142857143,0.5353448275862069,0.5827586206896552,0.10086206896551723,0.25775862068965516,0.32413793103448274,0.6137931034482759
conf,mosei,CMAD,0,a,,6,,,selected,cross_mask,5,1.0,1161,1161,100,1160,0.6305803571428571,0.0502232142857143,0.0736607142857143,0.5353448275862069,0.5818965517241379,0.09482758620689655,0.25775862068965516,0.30689655172413793,0.6137931034482759
conf,mosei,CMAD,0,a,,7,,,selected,cross_mask,5,1.0,1161,1161,100,1160,0.6305803571428571,0.0502232142857143,0.0736607142857143,0.5353448275862069,0.5810344827586207,0.0896551724137931,0.25775862068965516,0.28620689655172415,0.6137931034482759
conf,mosei,CMAD,0,a,,0,,,selected,cross_mask,5,1.0,1161,1161,200,1160,0.6305803571428571,0.0502232142857143,0.0736607142857143,0.5353448275862069,0.5827586206896552,0.09913793103448276,0.25775862068965516,0.32068965517241377,0.6137931034482759
conf,mosei,CMAD,0,a,,1,,,selected,cross_mask,5,1.0,1161,1161,200,1160,0.6305803571428571,0.0502232142857143,0.0736607142857143,0.5353448275862069,0.5827586206896552,0.10086206896551723,0.25775862068965516,0.3232758620689655,0.6137931034482759
conf,mosei,CMAD,0,a,,2,,,selected,cross_mask,5,1.0,1161,1161,200,1160,0.6305803571428571,0.0502232142857143,0.0736607142857143,0.5353448275862069,0.5827586206896552,0.10086206896551723,0.25775862068965516,0.3232758620689655,0.6137931034482759
conf,mosei,CMAD,0,a,,3,,,selected,cross_mask,5,1.0,1161,1161,200,1160,0.6305803571428571,0.0502232142857143,0.0736607142857143,0.5353448275862069,0.5827586206896552,0.10086206896551723,0.25775862068965516,0.3232758620689655,0.6137931034482759
conf,mosei,CMAD,0,a,,4,,,selected,cross_mask,5,1.0,1161,1161,200,1160,0.6305803571428571,0.0502232142857143,0.0736607142857143,0.5353448275862069,0.5827586206896552,0.10086206896551723,0.25775862068965516,0.3232758620689655,0.6137931034482759
conf,mosei,CMAD,0,a,,5,,,selected,cross_mask,5,1.0,1161,1161,200,1160,0.6305803571428571,0.0502232142857143,0.0736607142857143,0.5353448275862069,0.5827586206896552,0.09913793103448276,0.25775862068965516,0.32068965517241377,0.6137931034482759
conf,mosei,CMAD,0,a,,6,,,selected,cross_mask,5,1.0,1161,1161,200,1160,0.6305803571428571,0.0502232142857143,0.0736607142857143,0.5353448275862069,0.5818965517241379,0.09482758620689655,0.25775862068965516,0.30689655172413793,0.6137931034482759
conf,mosei,CMAD,0,a,,7,,,selected,cross_mask,5,1.0,1161,1161,200,1160,0.6305803571428571,0.0502232142857143,0.0736607142857143,0.5353448275862069,0.5818965517241379,0.08620689655172414,0.25775862068965516,0.27586206896551724,0.6137931034482759
conf,mosei,CMAD,0,a,,0,,,selected,cross_mask,5,1.0,1161,1161,400,1160,0.6305803571428571,0.0502232142857143,0.0736607142857143,0.5353448275862069,0.5827586206896552,0.10086206896551723,0.25775862068965516,0.3232758620689655,0.6137931034482759
conf,mosei,CMAD,0,a,,1,,,selected,cross_mask,5,1.0,1161,1161,400,1160,0.6305803571428571,0.0502232142857143,0.0736607142857143,0.5353448275862069,0.5827586206896552,0.10086206896551723,0.25775862068965516,0.3232758620689655,0.6137931034482759
conf,mosei,CMAD,0,a,,2,,,selected,cross_mask,5,1.0,1161,1161,400,1160,0.6305803571428571,0.0502232142857143,0.0736607142857143,0.5353448275862069,0.5827586206896552,0.10086206896551723,0.25775862068965516,0.3232758620689655,0.6137931034482759
conf,mosei,CMAD,0,a,,3,,,selected,cross_mask,5,1.0,1161,1161,400,1160,0.6305803571428571,0.0502232142857143,0.0736607142857143,0.5353448275862069,0.5827586206896552,0.10086206896551723,0.25775862068965516,0.3232758620689655,0.6137931034482759
conf,mosei,CMAD,0,a,,4,,,selected,cross_mask,5,1.0,1161,1161,400,1160,0.6305803571428571,0.0502232142857143,0.0736607142857143,0.5353448275862069,0.5827586206896552,0.10086206896551723,0.25775862068965516,0.32413793103448274,0.6137931034482759
conf,mosei,CMAD,0,a,,5,,,selected,cross_mask,5,1.0,1161,1161,400,1160,0.6305803571428571,0.0502232142857143,0.0736607142857143,0.5353448275862069,0.5827586206896552,0.09913793103448276,0.25775862068965516,0.32068965517241377,0.6137931034482759
conf,mosei,CMAD,0,a,,6,,,selected,cross_mask,5,1.0,1161,1161,400,1160,0.6305803571428571,0.0502232142857143,0.0736607142857143,0.5353448275862069,0.5818965517241379,0.09482758620689655,0.25775862068965516,0.30689655172413793,0.6137931034482759
conf,mosei,CMAD,0,a,,7,,,selected,cross_mask,5,1.0,1161,1161,400,1160,0.6305803571428571,0.0502232142857143,0.0736607142857143,0.5353448275862069,0.5827586206896552,0.10086206896551723,0.25775862068965516,0.3232758620689655,0.6137931034482759
conf,mosei,CMAD,1,a,,0,,,selected,cross_mask,20,1.0,1161,1161,1161,1160,0.6560088202866593,0.055126791620727644,0.05402425578831316,0.5586206896551724,0.6043103448275862,0.08362068965517241,0.2267241379310345,0.23706896551724138,0.5991379310344828
conf,mosei,CMAD,1,a,,0,,,selected,cross_mask,20,1.0,1161,1161,50,1160,0.6560088202866593,0.05622932745314224,0.05402425578831316,0.5586206896551724,0.6043103448275862,0.08017241379310344,0.2267241379310345,0.23017241379310344,0.5991379310344828
conf,mosei,CMAD,1,a,,1,,,selected,cross_mask,20,1.0,1161,1161,50,1160,0.6560088202866593,0.055126791620727644,0.05402425578831316,0.5586206896551724,0.6043103448275862,0.08362068965517241,0.2267241379310345,0.23706896551724138,0.5991379310344828
conf,mosei,CMAD,1,a,,2,,,selected,cross_mask,20,1.0,1161,1161,50,1160,0.6560088202866593,0.055126791620727644,0.05402425578831316,0.5586206896551724,0.6043103448275862,0.08362068965517241,0.2267241379310345,0.23706896551724138,0.5991379310344828
conf,mosei,CMAD,1,a,,3,,,selected,cross_mask,20,1.0,1161,1161,50,1160,0.6560088202866593,0.055126791620727644,0.05402425578831316,0.5586206896551724,0.6043103448275862,0.08362068965517241,0.2267241379310345,0.23706896551724138,0.5991379310344828
conf,mosei,CMAD,1,a,,4,,,selected,cross_mask,20,1.0,1161,1161,50,1160,0.6560088202866593,0.05622932745314224,0.05402425578831316,0.5586206896551724,0.6043103448275862,0.08017241379310344,0.2267241379310345,0.23017241379310344,0.5991379310344828
conf,mosei,CMAD,1,a,,5,,,selected,cross_mask,20,1.0,1161,1161,50,1160,0.6560088202866593,0.055126791620727644,0.05402425578831316,0.5586206896551724,0.6043103448275862,0.08362068965517241,0.2267241379310345,0.23706896551724138,0.5991379310344828
conf,mosei,CMAD,1,a,,6,,,selected,cross_mask,20,1.0,1161,1161,50,1160,0.6560088202866593,0.055126791620727644,0.05402425578831316,0.5586206896551724,0.6043103448275862,0.08362068965517241,0.2267241379310345,0.23706896551724138,0.5991379310344828
conf,mosei,CMAD,1,a,,7,,,selected,cross_mask,20,1.0,1161,1161,50,1160,0.6560088202866593,0.055126791620727644,0.05402425578831316,0.5586206896551724,0.6043103448275862,0.08362068965517241,0.2267241379310345,0.23706896551724138,0.5991379310344828
conf,mosei,CMAD,1,a,,0,,,selected,cross_mask,20,1.0,1161,1161,100,1160,0.6560088202866593,0.05622932745314224,0.05402425578831316,0.5586206896551724,0.6043103448275862,0.08017241379310344,0.2267241379310345,0.23017241379310344,0.5991379310344828
conf,mosei,CMAD,1,a,,1,,,selected,cross_mask,20,1.0,1161,1161,100,1160,0.6560088202866593,0.055126791620727644,0.05402425578831316,0.5586206896551724,0.6043103448275862,0.08362068965517241,0.2267241379310345,0.23706896551724138,0.5991379310344828
conf,mosei,CMAD,1,a,,2,,,selected,cross_mask,20,1.0,1161,1161,100,1160,0.6560088202866593,0.055126791620727644,0.05402425578831316,0.5586206896551724,0.6043103448275862,0.08362068965517241,0.2267241379310345,0.23706896551724138,0.5991379310344828
conf,mosei,CMAD,1,a,,3,,,selected,cross_mask,20,1.0,1161,1161,100,1160,0.6560088202866593,0.055126791620727644,0.05402425578831316,0.5586206896551724,0.6043103448275862,0.08362068965517241,0.2267241379310345,0.23706896551724138,0.5991379310344828
conf,mosei,CMAD,1,a,,4,,,selected,cross_mask,20,1.0,1161,1161,100,1160,0.6560088202866593,0.055126791620727644,0.05402425578831316,0.5586206896551724,0.6043103448275862,0.08362068965517241,0.2267241379310345,0.23706896551724138,0.5991379310344828
conf,mosei,CMAD,1,a,,5,,,selected,cross_mask,20,1.0,1161,1161,100,1160,0.6560088202866593,0.055126791620727644,0.05402425578831316,0.5586206896551724,0.6043103448275862,0.08362068965517241,0.2267241379310345,0.23706896551724138,0.5991379310344828
conf,mosei,CMAD,1,a,,6,,,selected,cross_mask,20,1.0,1161,1161,100,1160,0.6560088202866593,0.055126791620727644,0.05402425578831316,0.5586206896551724,0.6043103448275862,0.08362068965517241,0.2267241379310345,0.23706896551724138,0.5991379310344828
conf,mosei,CMAD,1,a,,7,,,selected,cross_mask,20,1.0,1161,1161,100,1160,0.6560088202866593,0.055126791620727644,0.05402425578831316,0.5586206896551724,0.6043103448275862,0.08362068965517241,0.2267241379310345,0.23706896551724138,0.5991379310344828
conf,mosei,CMAD,1,a,,0,,,selected,cross_mask,20,1.0,1161,1161,200,1160,0.6560088202866593,0.055126791620727644,0.05402425578831316,0.5586206896551724,0.6043103448275862,0.08362068965517241,0.2267241379310345,0.23706896551724138,0.5991379310344828
conf,mosei,CMAD,1,a,,1,,,selected,cross_mask,20,1.0,1161,1161,200,1160,0.6560088202866593,0.055126791620727644,0.05402425578831316,0.5586206896551724,0.6043103448275862,0.08362068965517241,0.2267241379310345,0.23706896551724138,0.5991379310344828
conf,mosei,CMAD,1,a,,2,,,selected,cross_mask,20,1.0,1161,1161,200,1160,0.6560088202866593,0.055126791620727644,0.05402425578831316,0.5586206896551724,0.6043103448275862,0.08362068965517241,0.2267241379310345,0.23706896551724138,0.5991379310344828
conf,mosei,CMAD,1,a,,3,,,selected,cross_mask,20,1.0,1161,1161,200,1160,0.6560088202866593,0.055126791620727644,0.05402425578831316,0.5586206896551724,0.6043103448275862,0.08362068965517241,0.2267241379310345,0.23706896551724138,0.5991379310344828
conf,mosei,CMAD,1,a,,4,,,selected,cross_mask,20,1.0,1161,1161,200,1160,0.6560088202866593,0.055126791620727644,0.05402425578831316,0.5586206896551724,0.6043103448275862,0.08362068965517241,0.2267241379310345,0.23706896551724138,0.5991379310344828
conf,mosei,CMAD,1,a,,5,,,selected,cross_mask,20,1.0,1161,1161,200,1160,0.6560088202866593,0.05622932745314224,0.05402425578831316,0.5586206896551724,0.6043103448275862,0.08017241379310344,0.2267241379310345,0.23017241379310344,0.5991379310344828
conf,mosei,CMAD,1,a,,6,,,selected,cross_mask,20,1.0,1161,1161,200,1160,0.6560088202866593,0.055126791620727644,0.05402425578831316,0.5586206896551724,0.6043103448275862,0.08362068965517241,0.2267241379310345,0.23706896551724138,0.5991379310344828
conf,mosei,CMAD,1,a,,7,,,selected,cross_mask,20,1.0,1161,1161,200,1160,0.6560088202866593,0.055126791620727644,0.05402425578831316,0.5586206896551724,0.6043103448275862,0.08362068965517241,0.2267241379310345,0.23706896551724138,0.5991379310344828
conf,mosei,CMAD,1,a,,0,,,selected,cross_mask,20,1.0,1161,1161,400,1160,0.6560088202866593,0.05622932745314224,0.05402425578831316,0.5586206896551724,0.6043103448275862,0.08017241379310344,0.2267241379310345,0.23017241379310344,0.5991379310344828
conf,mosei,CMAD,1,a,,1,,,selected,cross_mask,20,1.0,1161,1161,400,1160,0.6560088202866593,0.055126791620727644,0.05402425578831316,0.5586206896551724,0.6043103448275862,0.08362068965517241,0.2267241379310345,0.23706896551724138,0.5991379310344828
conf,mosei,CMAD,1,a,,2,,,selected,cross_mask,20,1.0,1161,1161,400,1160,0.6560088202866593,0.055126791620727644,0.05402425578831316,0.5586206896551724,0.6043103448275862,0.08362068965517241,0.2267241379310345,0.23706896551724138,0.5991379310344828
conf,mosei,CMAD,1,a,,3,,,selected,cross_mask,20,1.0,1161,1161,400,1160,0.6560088202866593,0.055126791620727644,0.05402425578831316,0.5586206896551724,0.6043103448275862,0.08362068965517241,0.2267241379310345,0.23706896551724138,0.5991379310344828
conf,mosei,CMAD,1,a,,4,,,selected,cross_mask,20,1.0,1161,1161,400,1160,0.6560088202866593,0.055126791620727644,0.05402425578831316,0.5586206896551724,0.6043103448275862,0.08362068965517241,0.2267241379310345,0.23706896551724138,0.5991379310344828
conf,mosei,CMAD,1,a,,5,,,selected,cross_mask,20,1.0,1161,1161,400,1160,0.6560088202866593,0.055126791620727644,0.05402425578831316,0.5586206896551724,0.6043103448275862,0.08362068965517241,0.2267241379310345,0.23706896551724138,0.5991379310344828
conf,mosei,CMAD,1,a,,6,,,selected,cross_mask,20,1.0,1161,1161,400,1160,0.6560088202866593,0.055126791620727644,0.05402425578831316,0.5586206896551724,0.6043103448275862,0.08362068965517241,0.2267241379310345,0.23706896551724138,0.5991379310344828
conf,mosei,CMAD,1,a,,7,,,selected,cross_mask,20,1.0,1161,1161,400,1160,0.6560088202866593,0.055126791620727644,0.05402425578831316,0.5586206896551724,0.6043103448275862,0.08362068965517241,0.2267241379310345,0.23706896551724138,0.5991379310344828
conf,mosei,CMAD,2,a,,0,,,selected,cross_mask,3,0.75,1161,1161,1161,1160,0.6396103896103896,0.02813852813852813,0.050865800865800836,0.5586206896551724,0.5870689655172414,0.034482758620689655,0.31982758620689655,0.15862068965517243,0.6051724137931035
conf,mosei,CMAD,2,a,,0,,,selected,cross_mask,3,0.75,1161,1161,50,1160,0.6396103896103896,0.02813852813852813,0.050865800865800836,0.5586206896551724,0.5870689655172414,0.034482758620689655,0.31982758620689655,0.15862068965517243,0.6051724137931035
conf,mosei,CMAD,2,a,,1,,,selected,cross_mask,3,0.75,1161,1161,50,1160,0.6396103896103896,0.024891774891774854,0.050865800865800836,0.5586206896551724,0.5827586206896552,0.009482758620689655,0.31982758620689655,0.06724137931034482,0.6051724137931035
conf,mosei,CMAD,2,a,,2,,,selected,cross_mask,3,0.75,1161,1161,50,1160,0.6396103896103896,0.025974025974025983,0.050865800865800836,0.5586206896551724,0.5844827586206897,0.03103448275862069,0.31982758620689655,0.14655172413793102,0.6051724137931035
conf,mosei,CMAD,2,a,,3,,,selected,cross_mask,3,0.75,1161,1161,50,1160,0.6396103896103896,0.027056277056277,0.050865800865800836,0.5586206896551724,0.5844827586206897,0.014655172413793103,0.31982758620689655,0.08448275862068966,0.6051724137931035
conf,mosei,CMAD,2,a,,4,,,selected,cross_mask,3,0.75,1161,1161,50,1160,0.6396103896103896,0.021645021645021578,0.050865800865800836,0.5586206896551724,0.5801724137931035,0.00603448275862069,0.31982758620689655,0.04224137931034483,0.6051724137931035
conf,mosei,CMAD,2,a,,5,,,selected,cross_mask,3,0.75,1161,1161,50,1160,0.6396103896103896,0.024891774891774854,0.050865800865800836,0.5586206896551724,0.5827586206896552,0.009482758620689655,0.31982758620689655,0.06724137931034482,0.6051724137931035
conf,mosei,CMAD,2,a,,6,,,selected,cross_mask,3,0.75,1161,1161,50,1160,0.6396103896103896,0.02813852813852813,0.050865800865800836,0.5586206896551724,0.5870689655172414,0.034482758620689655,0.31982758620689655,0.15862068965517243,0.6051724137931035
conf,mosei,CMAD,2,a,,7,,,selected,cross_mask,3,0.75,1161,1161,50,1160,0.6396103896103896,0.02813852813852813,0.050865800865800836,0.5586206896551724,0.5870689655172414,0.034482758620689655,0.31982758620689655,0.15862068965517243,0.6051724137931035
conf,mosei,CMAD,2,a,,0,,,selected,cross_mask,3,0.75,1161,1161,100,1160,0.6396103896103896,0.02813852813852813,0.050865800865800836,0.5586206896551724,0.5870689655172414,0.034482758620689655,0.31982758620689655,0.15862068965517243,0.6051724137931035
conf,mosei,CMAD,2,a,,1,,,selected,cross_mask,3,0.75,1161,1161,100,1160,0.6396103896103896,0.02813852813852813,0.050865800865800836,0.5586206896551724,0.5870689655172414,0.034482758620689655,0.31982758620689655,0.15862068965517243,0.6051724137931035
conf,mosei,CMAD,2,a,,2,,,selected,cross_mask,3,0.75,1161,1161,100,1160,0.6396103896103896,0.02813852813852813,0.050865800865800836,0.5586206896551724,0.5870689655172414,0.034482758620689655,0.31982758620689655,0.15862068965517243,0.6051724137931035
conf,mosei,CMAD,2,a,,3,,,selected,cross_mask,3,0.75,1161,1161,100,1160,0.6396103896103896,0.02813852813852813,0.050865800865800836,0.5586206896551724,0.5870689655172414,0.034482758620689655,0.31982758620689655,0.15862068965517243,0.6051724137931035
conf,mosei,CMAD,2,a,,4,,,selected,cross_mask,3,0.75,1161,1161,100,1160,0.6396103896103896,0.02813852813852813,0.050865800865800836,0.5586206896551724,0.5870689655172414,0.034482758620689655,0.31982758620689655,0.15862068965517243,0.6051724137931035
conf,mosei,CMAD,2,a,,5,,,selected,cross_mask,3,0.75,1161,1161,100,1160,0.6396103896103896,0.02813852813852813,0.050865800865800836,0.5586206896551724,0.5870689655172414,0.034482758620689655,0.31982758620689655,0.15862068965517243,0.6051724137931035
conf,mosei,CMAD,2,a,,6,,,selected,cross_mask,3,0.75,1161,1161,100,1160,0.6396103896103896,0.024891774891774854,0.050865800865800836,0.5586206896551724,0.5827586206896552,0.009482758620689655,0.31982758620689655,0.06724137931034482,0.6051724137931035
conf,mosei,CMAD,2,a,,7,,,selected,cross_mask,3,0.75,1161,1161,100,1160,0.6396103896103896,0.025974025974025983,0.050865800865800836,0.5586206896551724,0.5844827586206897,0.03103448275862069,0.31982758620689655,0.14655172413793102,0.6051724137931035
conf,mosei,CMAD,2,a,,0,,,selected,cross_mask,3,0.75,1161,1161,200,1160,0.6396103896103896,0.02813852813852813,0.050865800865800836,0.5586206896551724,0.5870689655172414,0.034482758620689655,0.31982758620689655,0.15862068965517243,0.6051724137931035
conf,mosei,CMAD,2,a,,1,,,selected,cross_mask,3,0.75,1161,1161,200,1160,0.6396103896103896,0.02813852813852813,0.050865800865800836,0.5586206896551724,0.5870689655172414,0.034482758620689655,0.31982758620689655,0.15862068965517243,0.6051724137931035
conf,mosei,CMAD,2,a,,2,,,selected,cross_mask,3,0.75,1161,1161,200,1160,0.6396103896103896,0.02813852813852813,0.050865800865800836,0.5586206896551724,0.5870689655172414,0.034482758620689655,0.31982758620689655,0.15862068965517243,0.6051724137931035
conf,mosei,CMAD,2,a,,3,,,selected,cross_mask,3,0.75,1161,1161,200,1160,0.6396103896103896,0.02813852813852813,0.050865800865800836,0.5586206896551724,0.5870689655172414,0.034482758620689655,0.31982758620689655,0.15862068965517243,0.6051724137931035
conf,mosei,CMAD,2,a,,4,,,selected,cross_mask,3,0.75,1161,1161,200,1160,0.6396103896103896,0.02813852813852813,0.050865800865800836,0.5586206896551724,0.5870689655172414,0.034482758620689655,0.31982758620689655,0.15862068965517243,0.6051724137931035
conf,mosei,CMAD,2,a,,5,,,selected,cross_mask,3,0.75,1161,1161,200,1160,0.6396103896103896,0.02813852813852813,0.050865800865800836,0.5586206896551724,0.5870689655172414,0.034482758620689655,0.31982758620689655,0.15862068965517243,0.6051724137931035
conf,mosei,CMAD,2,a,,6,,,selected,cross_mask,3,0.75,1161,1161,200,1160,0.6396103896103896,0.02813852813852813,0.050865800865800836,0.5586206896551724,0.5870689655172414,0.034482758620689655,0.31982758620689655,0.15862068965517243,0.6051724137931035
conf,mosei,CMAD,2,a,,7,,,selected,cross_mask,3,0.75,1161,1161,200,1160,0.6396103896103896,0.02813852813852813,0.050865800865800836,0.5586206896551724,0.5870689655172414,0.034482758620689655,0.31982758620689655,0.15862068965517243,0.6051724137931035
conf,mosei,CMAD,2,a,,0,,,selected,cross_mask,3,0.75,1161,1161,400,1160,0.6396103896103896,0.02813852813852813,0.050865800865800836,0.5586206896551724,0.5870689655172414,0.034482758620689655,0.31982758620689655,0.15862068965517243,0.6051724137931035
conf,mosei,CMAD,2,a,,1,,,selected,cross_mask,3,0.75,1161,1161,400,1160,0.6396103896103896,0.02813852813852813,0.050865800865800836,0.5586206896551724,0.5870689655172414,0.034482758620689655,0.31982758620689655,0.15862068965517243,0.6051724137931035
conf,mosei,CMAD,2,a,,2,,,selected,cross_mask,3,0.75,1161,1161,400,1160,0.6396103896103896,0.02813852813852813,0.050865800865800836,0.5586206896551724,0.5870689655172414,0.034482758620689655,0.31982758620689655,0.15862068965517243,0.6051724137931035
conf,mosei,CMAD,2,a,,3,,,selected,cross_mask,3,0.75,1161,1161,400,1160,0.6396103896103896,0.02813852813852813,0.050865800865800836,0.5586206896551724,0.5870689655172414,0.034482758620689655,0.31982758620689655,0.15862068965517243,0.6051724137931035
conf,mosei,CMAD,2,a,,4,,,selected,cross_mask,3,0.75,1161,1161,400,1160,0.6396103896103896,0.02813852813852813,0.050865800865800836,0.5586206896551724,0.5870689655172414,0.034482758620689655,0.31982758620689655,0.15862068965517243,0.6051724137931035
conf,mosei,CMAD,2,a,,5,,,selected,cross_mask,3,0.75,1161,1161,400,1160,0.6396103896103896,0.02813852813852813,0.050865800865800836,0.5586206896551724,0.5870689655172414,0.034482758620689655,0.31982758620689655,0.15862068965517243,0.6051724137931035
conf,mosei,CMAD,2,a,,6,,,selected,cross_mask,3,0.75,1161,1161,400,1160,0.6396103896103896,0.02813852813852813,0.050865800865800836,0.5586206896551724,0.5870689655172414,0.034482758620689655,0.31982758620689655,0.15862068965517243,0.6051724137931035
conf,mosei,CMAD,2,a,,7,,,selected,cross_mask,3,0.75,1161,1161,400,1160,0.6396103896103896,0.02813852813852813,0.050865800865800836,0.5586206896551724,0.5870689655172414,0.034482758620689655,0.31982758620689655,0.15862068965517243,0.6051724137931035
conf,mosei,CMAD,3,a,,0,,,selected,cross_mask,5,1.0,1161,1161,1161,1160,0.6038961038961039,0.04220779220779214,0.09090909090909083,0.5224137931034483,0.5646551724137931,0.0939655172413793,0.328448275862069,0.2767241379310345,0.6146551724137931
conf,mosei,CMAD,3,a,,0,,,selected,cross_mask,5,1.0,1161,1161,50,1160,0.6038961038961039,0.04220779220779214,0.09090909090909083,0.5224137931034483,0.5655172413793104,0.0939655172413793,0.328448275862069,0.27844827586206894,0.6146551724137931
conf,mosei,CMAD,3,a,,1,,,selected,cross_mask,5,1.0,1161,1161,50,1160,0.6038961038961039,0.04112554112554112,0.09090909090909083,0.5224137931034483,0.5603448275862069,0.07672413793103448,0.328448275862069,0.2336206896551724,0.6146551724137931
conf,mosei,CMAD,3,a,,2,,,selected,cross_mask,5,1.0,1161,1161,50,1160,0.6038961038961039,0.04220779220779214,0.09090909090909083,0.5224137931034483,0.5655172413793104,0.0939655172413793,0.328448275862069,0.27844827586206894,0.6146551724137931
conf,mosei,CMAD,3,a,,3,,,selected,cross_mask,5,1.0,1161,1161,50,1160,0.6038961038961039,0.04220779220779214,0.09090909090909083,0.5224137931034483,0.5655172413793104,0.0939655172413793,0.328448275862069,0.27844827586206894,0.6146551724137931
conf,mosei,CMAD,3,a,,4,,,selected,cross_mask,5,1.0,1161,1161,50,1160,0.6038961038961039,0.04220779220779214,0.09090909090909083,0.5224137931034483,0.5655172413793104,0.0939655172413793,0.328448275862069,0.27844827586206894,0.6146551724137931
conf,mosei,CMAD,3,a,,5,,,selected,cross_mask,5,1.0,1161,1161,50,1160,0.6038961038961039,0.04220779220779214,0.09090909090909083,0.5224137931034483,0.5620689655172414,0.08017241379310344,0.328448275862069,0.24310344827586206,0.6146551724137931
conf,mosei,CMAD,3,a,,6,,,selected,cross_mask,5,1.0,1161,1161,50,1160,0.6038961038961039,0.04220779220779214,0.09090909090909083,0.5224137931034483,0.5655172413793104,0.0939655172413793,0.328448275862069,0.27844827586206894,0.6146551724137931
conf,mosei,CMAD,3,a,,7,,,selected,cross_mask,5,1.0,1161,1161,50,1160,0.6038961038961039,0.04220779220779214,0.09090909090909083,0.5224137931034483,0.5655172413793104,0.0939655172413793,0.328448275862069,0.27844827586206894,0.6146551724137931
conf,mosei,CMAD,3,a,,0,,,selected,cross_mask,5,1.0,1161,1161,100,1160,0.6038961038961039,0.04220779220779214,0.09090909090909083,0.5224137931034483,0.5655172413793104,0.0939655172413793,0.328448275862069,0.27844827586206894,0.6146551724137931
conf,mosei,CMAD,3,a,,1,,,selected,cross_mask,5,1.0,1161,1161,100,1160,0.6038961038961039,0.04220779220779214,0.09090909090909083,0.5224137931034483,0.5655172413793104,0.0939655172413793,0.328448275862069,0.27844827586206894,0.6146551724137931
conf,mosei,CMAD,3,a,,2,,,selected,cross_mask,5,1.0,1161,1161,100,1160,0.6038961038961039,0.04220779220779214,0.09090909090909083,0.5224137931034483,0.5655172413793104,0.0939655172413793,0.328448275862069,0.27844827586206894,0.6146551724137931
conf,mosei,CMAD,3,a,,3,,,selected,cross_mask,5,1.0,1161,1161,100,1160,0.6038961038961039,0.04329004329004327,0.09090909090909083,0.5224137931034483,0.5629310344827586,0.08103448275862069,0.328448275862069,0.24655172413793103,0.6146551724137931
conf,mosei,CMAD,3,a,,4,,,selected,cross_mask,5,1.0,1161,1161,100,1160,0.6038961038961039,0.04329004329004327,0.09090909090909083,0.5224137931034483,0.5629310344827586,0.08103448275862069,0.328448275862069,0.24568965517241378,0.6146551724137931
conf,mosei,CMAD,3,a,,5,,,selected,cross_mask,5,1.0,1161,1161,100,1160,0.6038961038961039,0.04329004329004327,0.09090909090909083,0.5224137931034483,0.5629310344827586,0.08103448275862069,0.328448275862069,0.24655172413793103,0.6146551724137931
conf,mosei,CMAD,3,a,,6,,,selected,cross_mask,5,1.0,1161,1161,100,1160,0.6038961038961039,0.04220779220779214,0.09090909090909083,0.5224137931034483,0.5620689655172414,0.08017241379310344,0.328448275862069,0.24310344827586206,0.6146551724137931
conf,mosei,CMAD,3,a,,7,,,selected,cross_mask,5,1.0,1161,1161,100,1160,0.6038961038961039,0.04220779220779214,0.09090909090909083,0.5224137931034483,0.5655172413793104,0.0939655172413793,0.328448275862069,0.27844827586206894,0.6146551724137931
conf,mosei,CMAD,3,a,,0,,,selected,cross_mask,5,1.0,1161,1161,200,1160,0.6038961038961039,0.04220779220779214,0.09090909090909083,0.5224137931034483,0.5655172413793104,0.0939655172413793,0.328448275862069,0.27844827586206894,0.6146551724137931
conf,mosei,CMAD,3,a,,1,,,selected,cross_mask,5,1.0,1161,1161,200,1160,0.6038961038961039,0.04220779220779214,0.09090909090909083,0.5224137931034483,0.5620689655172414,0.08017241379310344,0.328448275862069,0.24310344827586206,0.6146551724137931
conf,mosei,CMAD,3,a,,2,,,selected,cross_mask,5,1.0,1161,1161,200,1160,0.6038961038961039,0.04220779220779214,0.09090909090909083,0.5224137931034483,0.5655172413793104,0.0939655172413793,0.328448275862069,0.27844827586206894,0.6146551724137931
conf,mosei,CMAD,3,a,,3,,,selected,cross_mask,5,1.0,1161,1161,200,1160,0.6038961038961039,0.04220779220779214,0.09090909090909083,0.5224137931034483,0.5646551724137931,0.0939655172413793,0.328448275862069,0.2767241379310345,0.6146551724137931
conf,mosei,CMAD,3,a,,4,,,selected,cross_mask,5,1.0,1161,1161,200,1160,0.6038961038961039,0.04220779220779214,0.09090909090909083,0.5224137931034483,0.5620689655172414,0.08103448275862069,0.328448275862069,0.2439655172413793,0.6146551724137931
conf,mosei,CMAD,3,a,,5,,,selected,cross_mask,5,1.0,1161,1161,200,1160,0.6038961038961039,0.04220779220779214,0.09090909090909083,0.5224137931034483,0.5646551724137931,0.0939655172413793,0.328448275862069,0.2767241379310345,0.6146551724137931
conf,mosei,CMAD,3,a,,6,,,selected,cross_mask,5,1.0,1161,1161,200,1160,0.6038961038961039,0.04220779220779214,0.09090909090909083,0.5224137931034483,0.5655172413793104,0.0939655172413793,0.328448275862069,0.27844827586206894,0.6146551724137931
conf,mosei,CMAD,3,a,,7,,,selected,cross_mask,5,1.0,1161,1161,200,1160,0.6038961038961039,0.04220779220779214,0.09090909090909083,0.5224137931034483,0.5655172413793104,0.0939655172413793,0.328448275862069,0.27844827586206894,0.6146551724137931
conf,mosei,CMAD,3,a,,0,,,selected,cross_mask,5,1.0,1161,1161,400,1160,0.6038961038961039,0.04329004329004327,0.09090909090909083,0.5224137931034483,0.5629310344827586,0.08103448275862069,0.328448275862069,0.24655172413793103,0.6146551724137931
conf,mosei,CMAD,3,a,,1,,,selected,cross_mask,5,1.0,1161,1161,400,1160,0.6038961038961039,0.04329004329004327,0.09090909090909083,0.5224137931034483,0.5629310344827586,0.08103448275862069,0.328448275862069,0.24655172413793103,0.6146551724137931
conf,mosei,CMAD,3,a,,2,,,selected,cross_mask,5,1.0,1161,1161,400,1160,0.6038961038961039,0.04220779220779214,0.09090909090909083,0.5224137931034483,0.5655172413793104,0.0939655172413793,0.328448275862069,0.27844827586206894,0.6146551724137931
conf,mosei,CMAD,3,a,,3,,,selected,cross_mask,5,1.0,1161,1161,400,1160,0.6038961038961039,0.04329004329004327,0.09090909090909083,0.5224137931034483,0.5629310344827586,0.08103448275862069,0.328448275862069,0.24655172413793103,0.6146551724137931
conf,mosei,CMAD,3,a,,4,,,selected,cross_mask,5,1.0,1161,1161,400,1160,0.6038961038961039,0.04220779220779214,0.09090909090909083,0.5224137931034483,0.5655172413793104,0.0939655172413793,0.328448275862069,0.27844827586206894,0.6146551724137931
conf,mosei,CMAD,3,a,,5,,,selected,cross_mask,5,1.0,1161,1161,400,1160,0.6038961038961039,0.04220779220779214,0.09090909090909083,0.5224137931034483,0.5655172413793104,0.0939655172413793,0.328448275862069,0.27844827586206894,0.6146551724137931
conf,mosei,CMAD,3,a,,6,,,selected,cross_mask,5,1.0,1161,1161,400,1160,0.6038961038961039,0.04220779220779214,0.09090909090909083,0.5224137931034483,0.5655172413793104,0.0939655172413793,0.328448275862069,0.27844827586206894,0.6146551724137931
conf,mosei,CMAD,3,a,,7,,,selected,cross_mask,5,1.0,1161,1161,400,1160,0.6038961038961039,0.04329004329004327,0.09090909090909083,0.5224137931034483,0.5629310344827586,0.08103448275862069,0.328448275862069,0.24655172413793103,0.6146551724137931
conf,mosei,CMAD,4,a,,0,,,selected,cross_mask,8,1.0,1161,1161,1161,1160,0.6170921198668147,0.05771365149833518,0.06659267480577136,0.5310344827586206,0.5948275862068966,0.13275862068965516,0.3112068965517241,0.41379310344827586,0.6103448275862069
conf,mosei,CMAD,4,a,,0,,,selected,cross_mask,8,1.0,1161,1161,50,1160,0.6170921198668147,0.052164261931187506,0.06659267480577136,0.5310344827586206,0.5879310344827586,0.1146551724137931,0.3112068965517241,0.3482758620689655,0.6103448275862069
conf,mosei,CMAD,4,a,,1,,,selected,cross_mask,8,1.0,1161,1161,50,1160,0.6170921198668147,0.05771365149833518,0.06659267480577136,0.5310344827586206,0.5948275862068966,0.13448275862068965,0.3112068965517241,0.425,0.6103448275862069
conf,mosei,CMAD,4,a,,2,,,selected,cross_mask,8,1.0,1161,1161,50,1160,0.6170921198668147,0.05771365149833518,0.06659267480577136,0.5310344827586206,0.5948275862068966,0.11724137931034483,0.3112068965517241,0.3603448275862069,0.6103448275862069
conf,mosei,CMAD,4,a,,3,,,selected,cross_mask,8,1.0,1161,1161,50,1160,0.6170921198668147,0.05771365149833518,0.06659267480577136,0.5310344827586206,0.5948275862068966,0.1336206896551724,0.3112068965517241,0.4232758620689655,0.6103448275862069
conf,mosei,CMAD,4,a,,4,,,selected,cross_mask,8,1.0,1161,1161,50,1160,0.6170921198668147,0.05771365149833518,0.06659267480577136,0.5310344827586206,0.5948275862068966,0.12327586206896551,0.3112068965517241,0.38362068965517243,0.6103448275862069
conf,mosei,CMAD,4,a,,5,,,selected,cross_mask,8,1.0,1161,1161,50,1160,0.6170921198668147,0.05771365149833518,0.06659267480577136,0.5310344827586206,0.5948275862068966,0.13448275862068965,0.3112068965517241,0.425,0.6103448275862069
conf,mosei,CMAD,4,a,,6,,,selected,cross_mask,8,1.0,1161,1161,50,1160,0.6170921198668147,0.05771365149833518,0.06659267480577136,0.5310344827586206,0.5948275862068966,0.12327586206896551,0.3112068965517241,0.38362068965517243,0.6103448275862069
conf,mosei,CMAD,4,a,,7,,,selected,cross_mask,8,1.0,1161,1161,50,1160,0.6170921198668147,0.05771365149833518,0.06659267480577136,0.5310344827586206,0.5948275862068966,0.12327586206896551,0.3112068965517241,0.38362068965517243,0.6103448275862069
conf,mosei,CMAD,4,a,,0,,,selected,cross_mask,8,1.0,1161,1161,100,1160,0.6170921198668147,0.05771365149833518,0.06659267480577136,0.5310344827586206,0.5948275862068966,0.1336206896551724,0.3112068965517241,0.4232758620689655,0.6103448275862069
conf,mosei,CMAD,4,a,,1,,,selected,cross_mask,8,1.0,1161,1161,100,1160,0.6170921198668147,0.05771365149833518,0.06659267480577136,0.5310344827586206,0.5948275862068966,0.1336206896551724,0.3112068965517241,0.4232758620689655,0.6103448275862069
conf,mosei,CMAD,4,a,,2,,,selected,cross_mask,8,1.0,1161,1161,100,1160,0.6170921198668147,0.05771365149833518,0.06659267480577136,0.5310344827586206,0.5948275862068966,0.12758620689655173,0.3112068965517241,0.39741379310344827,0.6103448275862069
conf,mosei,CMAD,4,a,,3,,,selected,cross_mask,8,1.0,1161,1161,100,1160,0.6170921198668147,0.05771365149833518,0.06659267480577136,0.5310344827586206,0.5948275862068966,0.11724137931034483,0.3112068965517241,0.3603448275862069,0.6103448275862069
conf,mosei,CMAD,4,a,,4,,,selected,cross_mask,8,1.0,1161,1161,100,1160,0.6170921198668147,0.05771365149833518,0.06659267480577136,0.5310344827586206,0.5948275862068966,0.1336206896551724,0.3112068965517241,0.4232758620689655,0.6103448275862069
conf,mosei,CMAD,4,a,,5,,,selected,cross_mask,8,1.0,1161,1161,100,1160,0.6170921198668147,0.05771365149833518,0.06659267480577136,0.5310344827586206,0.5948275862068966,0.12327586206896551,0.3112068965517241,0.38362068965517243,0.6103448275862069
conf,mosei,CMAD,4,a,,6,,,selected,cross_mask,8,1.0,1161,1161,100,1160,0.6170921198668147,0.05771365149833518,0.06659267480577136,0.5310344827586206,0.5948275862068966,0.1336206896551724,0.3112068965517241,0.4232758620689655,0.6103448275862069
conf,mosei,CMAD,4,a,,7,,,selected,cross_mask,8,1.0,1161,1161,100,1160,0.6170921198668147,0.05771365149833518,0.06659267480577136,0.5310344827586206,0.5948275862068966,0.13275862068965516,0.3112068965517241,0.4146551724137931,0.6103448275862069
conf,mosei,CMAD,4,a,,0,,,selected,cross_mask,8,1.0,1161,1161,200,1160,0.6170921198668147,0.05771365149833518,0.06659267480577136,0.5310344827586206,0.5948275862068966,0.1336206896551724,0.3112068965517241,0.4232758620689655,0.6103448275862069
conf,mosei,CMAD,4,a,,1,,,selected,cross_mask,8,1.0,1161,1161,200,1160,0.6170921198668147,0.05771365149833518,0.06659267480577136,0.5310344827586206,0.5948275862068966,0.12327586206896551,0.3112068965517241,0.38362068965517243,0.6103448275862069
conf,mosei,CMAD,4,a,,2,,,selected,cross_mask,8,1.0,1161,1161,200,1160,0.6170921198668147,0.05771365149833518,0.06659267480577136,0.5310344827586206,0.5948275862068966,0.12327586206896551,0.3112068965517241,0.38362068965517243,0.6103448275862069
conf,mosei,CMAD,4,a,,3,,,selected,cross_mask,8,1.0,1161,1161,200,1160,0.6170921198668147,0.05771365149833518,0.06659267480577136,0.5310344827586206,0.5948275862068966,0.11810344827586207,0.3112068965517241,0.3620689655172414,0.6103448275862069
conf,mosei,CMAD,4,a,,4,,,selected,cross_mask,8,1.0,1161,1161,200,1160,0.6170921198668147,0.05771365149833518,0.06659267480577136,0.5310344827586206,0.5948275862068966,0.13017241379310346,0.3112068965517241,0.40344827586206894,0.6103448275862069
conf,mosei,CMAD,4,a,,5,,,selected,cross_mask,8,1.0,1161,1161,200,1160,0.6170921198668147,0.05771365149833518,0.06659267480577136,0.5310344827586206,0.5948275862068966,0.12327586206896551,0.3112068965517241,0.38362068965517243,0.6103448275862069
conf,mosei,CMAD,4,a,,6,,,selected,cross_mask,8,1.0,1161,1161,200,1160,0.6170921198668147,0.05771365149833518,0.06659267480577136,0.5310344827586206,0.5948275862068966,0.12327586206896551,0.3112068965517241,0.38362068965517243,0.6103448275862069
conf,mosei,CMAD,4,a,,7,,,selected,cross_mask,8,1.0,1161,1161,200,1160,0.6170921198668147,0.05771365149833518,0.06659267480577136,0.5310344827586206,0.5948275862068966,0.1336206896551724,0.3112068965517241,0.4232758620689655,0.6103448275862069
conf,mosei,CMAD,4,a,,0,,,selected,cross_mask,8,1.0,1161,1161,400,1160,0.6170921198668147,0.05771365149833518,0.06659267480577136,0.5310344827586206,0.5948275862068966,0.1336206896551724,0.3112068965517241,0.4232758620689655,0.6103448275862069
conf,mosei,CMAD,4,a,,1,,,selected,cross_mask,8,1.0,1161,1161,400,1160,0.6170921198668147,0.05771365149833518,0.06659267480577136,0.5310344827586206,0.5948275862068966,0.1336206896551724,0.3112068965517241,0.4232758620689655,0.6103448275862069
conf,mosei,CMAD,4,a,,2,,,selected,cross_mask,8,1.0,1161,1161,400,1160,0.6170921198668147,0.05771365149833518,0.06659267480577136,0.5310344827586206,0.5948275862068966,0.13017241379310346,0.3112068965517241,0.40344827586206894,0.6103448275862069
conf,mosei,CMAD,4,a,,3,,,selected,cross_mask,8,1.0,1161,1161,400,1160,0.6170921198668147,0.05771365149833518,0.06659267480577136,0.5310344827586206,0.5948275862068966,0.12327586206896551,0.3112068965517241,0.38362068965517243,0.6103448275862069
conf,mosei,CMAD,4,a,,4,,,selected,cross_mask,8,1.0,1161,1161,400,1160,0.6170921198668147,0.05771365149833518,0.06659267480577136,0.5310344827586206,0.5948275862068966,0.12758620689655173,0.3112068965517241,0.39655172413793105,0.6103448275862069
conf,mosei,CMAD,4,a,,5,,,selected,cross_mask,8,1.0,1161,1161,400,1160,0.6170921198668147,0.05771365149833518,0.06659267480577136,0.5310344827586206,0.5948275862068966,0.12758620689655173,0.3112068965517241,0.39741379310344827,0.6103448275862069
conf,mosei,CMAD,4,a,,6,,,selected,cross_mask,8,1.0,1161,1161,400,1160,0.6170921198668147,0.05771365149833518,0.06659267480577136,0.5310344827586206,0.5948275862068966,0.12327586206896551,0.3112068965517241,0.38362068965517243,0.6103448275862069
conf,mosei,CMAD,4,a,,7,,,selected,cross_mask,8,1.0,1161,1161,400,1160,0.6170921198668147,0.05771365149833518,0.06659267480577136,0.5310344827586206,0.5948275862068966,0.13275862068965516,0.3112068965517241,0.4146551724137931,0.6103448275862069
conf,mosei,CMAD,0,v,,0,,,selected,cross_mask,3,0.75,1161,1161,1161,1160,0.6350446428571429,0.0636160714285714,0.05803571428571419,0.5672413793103448,0.6068965517241379,0.12586206896551724,0.3396551724137931,0.3931034482758621,0.6068965517241379
conf,mosei,CMAD,0,v,,0,,,selected,cross_mask,3,0.75,1161,1161,50,1160,0.6350446428571429,0.060267857142857095,0.05803571428571419,0.5672413793103448,0.6025862068965517,0.11982758620689656,0.3396551724137931,0.3706896551724138,0.6068965517241379
conf,mosei,CMAD,0,v,,1,,,selected,cross_mask,3,0.75,1161,1161,50,1160,0.6350446428571429,0.0435267857142857,0.05803571428571419,0.5672413793103448,0.5922413793103448,0.09568965517241379,0.3396551724137931,0.29482758620689653,0.6068965517241379
conf,mosei,CMAD,0,v,,2,,,selected,cross_mask,3,0.75,1161,1161,50,1160,0.6350446428571429,0.024553571428571397,0.05803571428571419,0.5672413793103448,0.5862068965517241,0.029310344827586206,0.3396551724137931,0.1060344827586207,0.6068965517241379
conf,mosei,CMAD,0,v,,3,,,selected,cross_mask,3,0.75,1161,1161,50,1160,0.6350446428571429,0.0636160714285714,0.05803571428571419,0.5672413793103448,0.6077586206896551,0.1310344827586207,0.3396551724137931,0.4103448275862069,0.6068965517241379
conf,mosei,CMAD,0,v,,4,,,selected,cross_mask,3,0.75,1161,1161,50,1160,0.6350446428571429,0.0636160714285714,0.05803571428571419,0.5672413793103448,0.6077586206896551,0.1310344827586207,0.3396551724137931,0.4103448275862069,0.6068965517241379
conf,mosei,CMAD,0,v,,5,,,selected,cross_mask,3,0.75,1161,1161,50,1160,0.6350446428571429,0.06138392857142849,0.05803571428571419,0.5672413793103448,0.603448275862069,0.11982758620689656,0.3396551724137931,0.371551724137931,0.6068965517241379
conf,mosei,CMAD,0,v,,6,,,selected,cross_mask,3,0.75,1161,1161,50,1160,0.6350446428571429,0.0636160714285714,0.05803571428571419,0.5672413793103448,0.6068965517241379,0.12586206896551724,0.3396551724137931,0.3931034482758621,0.6068965517241379
conf,mosei,CMAD,0,v,,7,,,selected,cross_mask,3,0.75,1161,1161,50,1160,0.6350446428571429,0.0636160714285714,0.05803571428571419,0.5672413793103448,0.6077586206896551,0.13189655172413794,0.3396551724137931,0.41120689655172415,0.6068965517241379
conf,mosei,CMAD,0,v,,0,,,selected,cross_mask,3,0.75,1161,1161,100,1160,0.6350446428571429,0.0636160714285714,0.05803571428571419,0.5672413793103448,0.6077586206896551,0.13189655172413794,0.3396551724137931,0.41120689655172415,0.6068965517241379
conf,mosei,CMAD,0,v,,1,,,selected,cross_mask,3,0.75,1161,1161,100,1160,0.6350446428571429,0.0636160714285714,0.05803571428571419,0.5672413793103448,0.6068965517241379,0.12586206896551724,0.3396551724137931,0.3931034482758621,0.6068965517241379
conf,mosei,CMAD,0,v,,2,,,selected,cross_mask,3,0.75,1161,1161,100,1160,0.6350446428571429,0.06138392857142849,0.05803571428571419,0.5672413793103448,0.603448275862069,0.11982758620689656,0.3396551724137931,0.371551724137931,0.6068965517241379
conf,mosei,CMAD,0,v,,3,,,selected,cross_mask,3,0.75,1161,1161,100,1160,0.6350446428571429,0.0636160714285714,0.05803571428571419,0.5672413793103448,0.6068965517241379,0.12586206896551724,0.3396551724137931,0.3931034482758621,0.6068965517241379
conf,mosei,CMAD,0,v,,4,,,selected,cross_mask,3,0.75,1161,1161,100,1160,0.6350446428571429,0.06138392857142849,0.05803571428571419,0.5672413793103448,0.603448275862069,0.11982758620689656,0.3396551724137931,0.371551724137931,0.6068965517241379
conf,mosei,CMAD,0,v,,5,,,selected,cross_mask,3,0.75,1161,1161,100,1160,0.6350446428571429,0.06138392857142849,0.05803571428571419,0.5672413793103448,0.603448275862069,0.11982758620689656,0.3396551724137931,0.371551724137931,0.6068965517241379
conf,mosei,CMAD,0,v,,6,,,selected,cross_mask,3,0.75,1161,1161,100,1160,0.6350446428571429,0.06138392857142849,0.05803571428571419,0.5672413793103448,0.603448275862069,0.11982758620689656,0.3396551724137931,0.371551724137931,0.6068965517241379
conf,mosei,CMAD,0,v,,7,,,selected,cross_mask,3,0.75,1161,1161,100,1160,0.6350446428571429,0.0636160714285714,0.05803571428571419,0.5672413793103448,0.6077586206896551,0.13189655172413794,0.3396551724137931,0.41120689655172415,0.6068965517241379
conf,mosei,CMAD,0,v,,0,,,selected,cross_mask,3,0.75,1161,1161,200,1160,0.6350446428571429,0.0636160714285714,0.05803571428571419,0.5672413793103448,0.6077586206896551,0.13189655172413794,0.3396551724137931,0.41120689655172415,0.6068965517241379
conf,mosei,CMAD,0,v,,1,,,selected,cross_mask,3,0.75,1161,1161,200,1160,0.6350446428571429,0.06138392857142849,0.05803571428571419,0.5672413793103448,0.603448275862069,0.11982758620689656,0.3396551724137931,0.371551724137931,0.6068965517241379
conf,mosei,CMAD,0,v,,2,,,selected,cross_mask,3,0.75,1161,1161,200,1160,0.6350446428571429,0.0636160714285714,0.05803571428571419,0.5672413793103448,0.6068965517241379,0.12586206896551724,0.3396551724137931,0.3931034482758621,0.6068965517241379
conf,mosei,CMAD,0,v,,3,,,selected,cross_mask,3,0.75,1161,1161,200,1160,0.6350446428571429,0.0636160714285714,0.05803571428571419,0.5672413793103448,0.6077586206896551,0.13189655172413794,0.3396551724137931,0.41120689655172415,0.6068965517241379
conf,mosei,CMAD,0,v,,4,,,selected,cross_mask,3,0.75,1161,1161,200,1160,0.6350446428571429,0.0636160714285714,0.05803571428571419,0.5672413793103448,0.6068965517241379,0.12586206896551724,0.3396551724137931,0.3931034482758621,0.6068965517241379
conf,mosei,CMAD,0,v,,5,,,selected,cross_mask,3,0.75,1161,1161,200,1160,0.6350446428571429,0.06138392857142849,0.05803571428571419,0.5672413793103448,0.603448275862069,0.11982758620689656,0.3396551724137931,0.371551724137931,0.6068965517241379
conf,mosei,CMAD,0,v,,6,,,selected,cross_mask,3,0.75,1161,1161,200,1160,0.6350446428571429,0.0435267857142857,0.05803571428571419,0.5672413793103448,0.5922413793103448,0.09568965517241379,0.3396551724137931,0.29482758620689653,0.6068965517241379
conf,mosei,CMAD,0,v,,7,,,selected,cross_mask,3,0.75,1161,1161,200,1160,0.6350446428571429,0.0636160714285714,0.05803571428571419,0.5672413793103448,0.6068965517241379,0.12586206896551724,0.3396551724137931,0.3931034482758621,0.6068965517241379
conf,mosei,CMAD,0,v,,0,,,selected,cross_mask,3,0.75,1161,1161,400,1160,0.6350446428571429,0.0647321428571428,0.05803571428571419,0.5672413793103448,0.6077586206896551,0.12586206896551724,0.3396551724137931,0.39655172413793105,0.6068965517241379
conf,mosei,CMAD,0,v,,1,,,selected,cross_mask,3,0.75,1161,1161,400,1160,0.6350446428571429,0.0636160714285714,0.05803571428571419,0.5672413793103448,0.6068965517241379,0.12586206896551724,0.3396551724137931,0.3931034482758621,0.6068965517241379
conf,mosei,CMAD,0,v,,2,,,selected,cross_mask,3,0.75,1161,1161,400,1160,0.6350446428571429,0.0636160714285714,0.05803571428571419,0.5672413793103448,0.6068965517241379,0.12586206896551724,0.3396551724137931,0.3931034482758621,0.6068965517241379
conf,mosei,CMAD,0,v,,3,,,selected,cross_mask,3,0.75,1161,1161,400,1160,0.6350446428571429,0.0636160714285714,0.05803571428571419,0.5672413793103448,0.6068965517241379,0.12586206896551724,0.3396551724137931,0.3931034482758621,0.6068965517241379
conf,mosei,CMAD,0,v,,4,,,selected,cross_mask,3,0.75,1161,1161,400,1160,0.6350446428571429,0.0636160714285714,0.05803571428571419,0.5672413793103448,0.6077586206896551,0.13189655172413794,0.3396551724137931,0.41120689655172415,0.6068965517241379
conf,mosei,CMAD,0,v,,5,,,selected,cross_mask,3,0.75,1161,1161,400,1160,0.6350446428571429,0.0636160714285714,0.05803571428571419,0.5672413793103448,0.6068965517241379,0.12586206896551724,0.3396551724137931,0.3931034482758621,0.6068965517241379
conf,mosei,CMAD,0,v,,6,,,selected,cross_mask,3,0.75,1161,1161,400,1160,0.6350446428571429,0.0636160714285714,0.05803571428571419,0.5672413793103448,0.6068965517241379,0.12586206896551724,0.3396551724137931,0.3931034482758621,0.6068965517241379
conf,mosei,CMAD,0,v,,7,,,selected,cross_mask,3,0.75,1161,1161,400,1160,0.6350446428571429,0.0636160714285714,0.05803571428571419,0.5672413793103448,0.6068965517241379,0.12586206896551724,0.3396551724137931,0.3931034482758621,0.6068965517241379
conf,mosei,CMAD,1,v,,0,,,selected,cross_mask,5,0.775,1161,1161,1161,1160,0.6306504961411246,0.05292171995589856,0.07717750826901881,0.5603448275862069,0.6008620689655172,0.1413793103448276,0.3336206896551724,0.38275862068965516,0.6206896551724138
conf,mosei,CMAD,1,v,,0,,,selected,cross_mask,5,0.775,1161,1161,50,1160,0.6306504961411246,0.04520396912899671,0.07717750826901881,0.5603448275862069,0.5948275862068966,0.11982758620689656,0.3336206896551724,0.33448275862068966,0.6206896551724138
conf,mosei,CMAD,1,v,,1,,,selected,cross_mask,5,0.775,1161,1161,50,1160,0.6306504961411246,0.048511576626240394,0.07717750826901881,0.5603448275862069,0.5974137931034482,0.12155172413793103,0.3336206896551724,0.3413793103448276,0.6206896551724138
conf,mosei,CMAD,1,v,,2,,,selected,cross_mask,5,0.775,1161,1161,50,1160,0.6306504961411246,0.055126791620727644,0.07717750826901881,0.5603448275862069,0.6025862068965517,0.1456896551724138,0.3336206896551724,0.3905172413793103,0.6206896551724138
conf,mosei,CMAD,1,v,,3,,,selected,cross_mask,5,0.775,1161,1161,50,1160,0.6306504961411246,0.03307607497243659,0.07717750826901881,0.5603448275862069,0.5870689655172414,0.06982758620689655,0.3336206896551724,0.21724137931034482,0.6206896551724138
conf,mosei,CMAD,1,v,,4,,,selected,cross_mask,5,0.775,1161,1161,50,1160,0.6306504961411246,0.03638368246968027,0.07717750826901881,0.5603448275862069,0.5879310344827586,0.1060344827586207,0.3336206896551724,0.29310344827586204,0.6206896551724138
conf,mosei,CMAD,1,v,,5,,,selected,cross_mask,5,0.775,1161,1161,50,1160,0.6306504961411246,0.026460859977949336,0.07717750826901881,0.5603448275862069,0.5810344827586207,0.041379310344827586,0.3336206896551724,0.15862068965517243,0.6206896551724138
conf,mosei,CMAD,1,v,,6,,,selected,cross_mask,5,0.775,1161,1161,50,1160,0.6306504961411246,0.01764057331863289,0.07717750826901881,0.5603448275862069,0.5741379310344827,0.03103448275862069,0.3336206896551724,0.11120689655172414,0.6206896551724138
conf,mosei,CMAD,1,v,,7,,,selected,cross_mask,5,0.775,1161,1161,50,1160,0.6306504961411246,0.055126791620727644,0.07717750826901881,0.5603448275862069,0.6025862068965517,0.1456896551724138,0.3336206896551724,0.3905172413793103,0.6206896551724138
conf,mosei,CMAD,1,v,,0,,,selected,cross_mask,5,0.775,1161,1161,100,1160,0.6306504961411246,0.03638368246968027,0.07717750826901881,0.5603448275862069,0.5879310344827586,0.10775862068965517,0.3336206896551724,0.296551724137931,0.6206896551724138
conf,mosei,CMAD,1,v,,1,,,selected,cross_mask,5,0.775,1161,1161,100,1160,0.6306504961411246,0.055126791620727644,0.07717750826901881,0.5603448275862069,0.6025862068965517,0.1456896551724138,0.3336206896551724,0.3905172413793103,0.6206896551724138
conf,mosei,CMAD,1,v,,2,,,selected,cross_mask,5,0.775,1161,1161,100,1160,0.6306504961411246,0.03638368246968027,0.07717750826901881,0.5603448275862069,0.5879310344827586,0.1060344827586207,0.3336206896551724,0.29310344827586204,0.6206896551724138
conf,mosei,CMAD,1,v,,3,,,selected,cross_mask,5,0.775,1161,1161,100,1160,0.6306504961411246,0.061742006615215006,0.07717750826901881,0.5603448275862069,0.6077586206896551,0.19051724137931034,0.3336206896551724,0.5094827586206897,0.6206896551724138
conf,mosei,CMAD,1,v,,4,,,selected,cross_mask,5,0.775,1161,1161,100,1160,0.6306504961411246,0.061742006615215006,0.07717750826901881,0.5603448275862069,0.6077586206896551,0.19051724137931034,0.3336206896551724,0.5094827586206897,0.6206896551724138
conf,mosei,CMAD,1,v,,5,,,selected,cross_mask,5,0.775,1161,1161,100,1160,0.6306504961411246,0.061742006615215006,0.07717750826901881,0.5603448275862069,0.6077586206896551,0.19051724137931034,0.3336206896551724,0.5094827586206897,0.6206896551724138
conf,mosei,CMAD,1,v,,6,,,selected,cross_mask,5,0.775,1161,1161,100,1160,0.6306504961411246,0.055126791620727644,0.07717750826901881,0.5603448275862069,0.6025862068965517,0.1456896551724138,0.3336206896551724,0.3905172413793103,0.6206896551724138
conf,mosei,CMAD,1,v,,7,,,selected,cross_mask,5,0.775,1161,1161,100,1160,0.6306504961411246,0.048511576626240394,0.07717750826901881,0.5603448275862069,0.5974137931034482,0.12155172413793103,0.3336206896551724,0.3413793103448276,0.6206896551724138
conf,mosei,CMAD,1,v,,0,,,selected,cross_mask,5,0.775,1161,1161,200,1160,0.6306504961411246,0.048511576626240394,0.07717750826901881,0.5603448275862069,0.5974137931034482,0.12155172413793103,0.3336206896551724,0.3413793103448276,0.6206896551724138
conf,mosei,CMAD,1,v,,1,,,selected,cross_mask,5,0.775,1161,1161,200,1160,0.6306504961411246,0.055126791620727644,0.07717750826901881,0.5603448275862069,0.6025862068965517,0.1456896551724138,0.3336206896551724,0.3905172413793103,0.6206896551724138
conf,mosei,CMAD,1,v,,2,,,selected,cross_mask,5,0.775,1161,1161,200,1160,0.6306504961411246,0.048511576626240394,0.07717750826901881,0.5603448275862069,0.5974137931034482,0.12155172413793103,0.3336206896551724,0.3413793103448276,0.6206896551724138
conf,mosei,CMAD,1,v,,3,,,selected,cross_mask,5,0.775,1161,1161,200,1160,0.6306504961411246,0.055126791620727644,0.07717750826901881,0.5603448275862069,0.6025862068965517,0.1456896551724138,0.3336206896551724,0.3905172413793103,0.6206896551724138
conf,mosei,CMAD,1,v,,4,,,selected,cross_mask,5,0.775,1161,1161,200,1160,0.6306504961411246,0.055126791620727644,0.07717750826901881,0.5603448275862069,0.6025862068965517,0.1456896551724138,0.3336206896551724,0.3905172413793103,0.6206896551724138
conf,mosei,CMAD,1,v,,5,,,selected,cross_mask,5,0.775,1161,1161,200,1160,0.6306504961411246,0.055126791620727644,0.07717750826901881,0.5603448275862069,0.6025862068965517,0.1456896551724138,0.3336206896551724,0.3905172413793103,0.6206896551724138
conf,mosei,CMAD,1,v,,6,,,selected,cross_mask,5,0.775,1161,1161,200,1160,0.6306504961411246,0.048511576626240394,0.07717750826901881,0.5603448275862069,0.5974137931034482,0.12155172413793103,0.3336206896551724,0.3413793103448276,0.6206896551724138
conf,mosei,CMAD,1,v,,7,,,selected,cross_mask,5,0.775,1161,1161,200,1160,0.6306504961411246,0.061742006615215006,0.07717750826901881,0.5603448275862069,0.6077586206896551,0.19051724137931034,0.3336206896551724,0.5094827586206897,0.6206896551724138
conf,mosei,CMAD,1,v,,0,,,selected,cross_mask,5,0.775,1161,1161,400,1160,0.6306504961411246,0.05402425578831316,0.07717750826901881,0.5603448275862069,0.6017241379310345,0.14396551724137932,0.3336206896551724,0.3879310344827586,0.6206896551724138
conf,mosei,CMAD,1,v,,1,,,selected,cross_mask,5,0.775,1161,1161,400,1160,0.6306504961411246,0.055126791620727644,0.07717750826901881,0.5603448275862069,0.6025862068965517,0.1456896551724138,0.3336206896551724,0.3905172413793103,0.6206896551724138
conf,mosei,CMAD,1,v,,2,,,selected,cross_mask,5,0.775,1161,1161,400,1160,0.6306504961411246,0.048511576626240394,0.07717750826901881,0.5603448275862069,0.5974137931034482,0.12155172413793103,0.3336206896551724,0.3413793103448276,0.6206896551724138
conf,mosei,CMAD,1,v,,3,,,selected,cross_mask,5,0.775,1161,1161,400,1160,0.6306504961411246,0.055126791620727644,0.07717750826901881,0.5603448275862069,0.6025862068965517,0.1456896551724138,0.3336206896551724,0.3905172413793103,0.6206896551724138
conf,mosei,CMAD,1,v,,4,,,selected,cross_mask,5,0.775,1161,1161,400,1160,0.6306504961411246,0.048511576626240394,0.07717750826901881,0.5603448275862069,0.5974137931034482,0.12155172413793103,0.3336206896551724,0.3413793103448276,0.6206896551724138
conf,mosei,CMAD,1,v,,5,,,selected,cross_mask,5,0.775,1161,1161,400,1160,0.6306504961411246,0.048511576626240394,0.07717750826901881,0.5603448275862069,0.5974137931034482,0.12155172413793103,0.3336206896551724,0.3413793103448276,0.6206896551724138
conf,mosei,CMAD,1,v,,6,,,selected,cross_mask,5,0.775,1161,1161,400,1160,0.6306504961411246,0.055126791620727644,0.07717750826901881,0.5603448275862069,0.6025862068965517,0.1456896551724138,0.3336206896551724,0.3905172413793103,0.6206896551724138
conf,mosei,CMAD,1,v,,7,,,selected,cross_mask,5,0.775,1161,1161,400,1160,0.6306504961411246,0.0628445424476296,0.07717750826901881,0.5603448275862069,0.6112068965517241,0.1543103448275862,0.3336206896551724,0.4267241379310345,0.6206896551724138
conf,mosei,CMAD,2,v,,0,,,selected,cross_mask,5,0.875,1161,1161,1161,1160,0.6385281385281385,0.037878787878787956,0.06818181818181823,0.5663793103448276,0.5956896551724138,0.06982758620689655,0.3396551724137931,0.2,0.6293103448275862
conf,mosei,CMAD,2,v,,0,,,selected,cross_mask,5,0.875,1161,1161,50,1160,0.6385281385281385,0.037878787878787956,0.06818181818181823,0.5663793103448276,0.596551724137931,0.06206896551724138,0.3396551724137931,0.18362068965517242,0.6293103448275862
conf,mosei,CMAD,2,v,,1,,,selected,cross_mask,5,0.875,1161,1161,50,1160,0.6385281385281385,0.03679653679653683,0.06818181818181823,0.5663793103448276,0.5956896551724138,0.06637931034482758,0.3396551724137931,0.19310344827586207,0.6293103448275862
conf,mosei,CMAD,2,v,,2,,,selected,cross_mask,5,0.875,1161,1161,50,1160,0.6385281385281385,0.037878787878787956,0.06818181818181823,0.5663793103448276,0.5956896551724138,0.06982758620689655,0.3396551724137931,0.2,0.6293103448275862
conf,mosei,CMAD,2,v,,3,,,selected,cross_mask,5,0.875,1161,1161,50,1160,0.6385281385281385,0.03679653679653683,0.06818181818181823,0.5663793103448276,0.5956896551724138,0.06637931034482758,0.3396551724137931,0.19310344827586207,0.6293103448275862
conf,mosei,CMAD,2,v,,4,,,selected,cross_mask,5,0.875,1161,1161,50,1160,0.6385281385281385,0.03679653679653683,0.06818181818181823,0.5663793103448276,0.5956896551724138,0.06637931034482758,0.3396551724137931,0.19310344827586207,0.6293103448275862
conf,mosei,CMAD,2,v,,5,,,selected,cross_mask,5,0.875,1161,1161,50,1160,0.6385281385281385,0.03679653679653683,0.06818181818181823,0.5663793103448276,0.5956896551724138,0.06637931034482758,0.3396551724137931,0.19310344827586207,0.6293103448275862
conf,mosei,CMAD,2,v,,6,,,selected,cross_mask,5,0.875,1161,1161,50,1160,0.6385281385281385,0.03679653679653683,0.06818181818181823,0.5663793103448276,0.5956896551724138,0.06637931034482758,0.3396551724137931,0.19310344827586207,0.6293103448275862
conf,mosei,CMAD,2,v,,7,,,selected,cross_mask,5,0.875,1161,1161,50,1160,0.6385281385281385,0.037878787878787956,0.06818181818181823,0.5663793103448276,0.5956896551724138,0.06982758620689655,0.3396551724137931,0.2,0.6293103448275862
conf,mosei,CMAD,2,v,,0,,,selected,cross_mask,5,0.875,1161,1161,100,1160,0.6385281385281385,0.038961038961038974,0.06818181818181823,0.5663793103448276,0.596551724137931,0.06896551724137931,0.3396551724137931,0.19913793103448277,0.6293103448275862
conf,mosei,CMAD,2,v,,1,,,selected,cross_mask,5,0.875,1161,1161,100,1160,0.6385281385281385,0.037878787878787956,0.06818181818181823,0.5663793103448276,0.5956896551724138,0.06982758620689655,0.3396551724137931,0.2,0.6293103448275862
conf,mosei,CMAD,2,v,,2,,,selected,cross_mask,5,0.875,1161,1161,100,1160,0.6385281385281385,0.03679653679653683,0.06818181818181823,0.5663793103448276,0.5956896551724138,0.06637931034482758,0.3396551724137931,0.19310344827586207,0.6293103448275862
conf,mosei,CMAD,2,v,,3,,,selected,cross_mask,5,0.875,1161,1161,100,1160,0.6385281385281385,0.037878787878787956,0.06818181818181823,0.5663793103448276,0.5956896551724138,0.06982758620689655,0.3396551724137931,0.2,0.6293103448275862
conf,mosei,CMAD,2,v,,4,,,selected,cross_mask,5,0.875,1161,1161,100,1160,0.6385281385281385,0.03679653679653683,0.06818181818181823,0.5663793103448276,0.5948275862068966,0.05775862068965517,0.3396551724137931,0.17327586206896553,0.6293103448275862
conf,mosei,CMAD,2,v,,5,,,selected,cross_mask,5,0.875,1161,1161,100,1160,0.6385281385281385,0.037878787878787956,0.06818181818181823,0.5663793103448276,0.596551724137931,0.06206896551724138,0.3396551724137931,0.18362068965517242,0.6293103448275862
conf,mosei,CMAD,2,v,,6,,,selected,cross_mask,5,0.875,1161,1161,100,1160,0.6385281385281385,0.038961038961038974,0.06818181818181823,0.5663793103448276,0.596551724137931,0.06896551724137931,0.3396551724137931,0.19913793103448277,0.6293103448275862
conf,mosei,CMAD,2,v,,7,,,selected,cross_mask,5,0.875,1161,1161,100,1160,0.6385281385281385,0.03679653679653683,0.06818181818181823,0.5663793103448276,0.5956896551724138,0.06637931034482758,0.3396551724137931,0.19310344827586207,0.6293103448275862
conf,mosei,CMAD,2,v,,0,,,selected,cross_mask,5,0.875,1161,1161,200,1160,0.6385281385281385,0.038961038961038974,0.06818181818181823,0.5663793103448276,0.596551724137931,0.06896551724137931,0.3396551724137931,0.19913793103448277,0.6293103448275862
conf,mosei,CMAD,2,v,,1,,,selected,cross_mask,5,0.875,1161,1161,200,1160,0.6385281385281385,0.037878787878787956,0.06818181818181823,0.5663793103448276,0.5956896551724138,0.06982758620689655,0.3396551724137931,0.2,0.6293103448275862
conf,mosei,CMAD,2,v,,2,,,selected,cross_mask,5,0.875,1161,1161,200,1160,0.6385281385281385,0.037878787878787956,0.06818181818181823,0.5663793103448276,0.5956896551724138,0.06982758620689655,0.3396551724137931,0.2,0.6293103448275862
conf,mosei,CMAD,2,v,,3,,,selected,cross_mask,5,0.875,1161,1161,200,1160,0.6385281385281385,0.037878787878787956,0.06818181818181823,0.5663793103448276,0.596551724137931,0.06206896551724138,0.3396551724137931,0.18362068965517242,0.6293103448275862
conf,mosei,CMAD,2,v,,4,,,selected,cross_mask,5,0.875,1161,1161,200,1160,0.6385281385281385,0.03679653679653683,0.06818181818181823,0.5663793103448276,0.5956896551724138,0.06637931034482758,0.3396551724137931,0.19310344827586207,0.6293103448275862
conf,mosei,CMAD,2,v,,5,,,selected,cross_mask,5,0.875,1161,1161,200,1160,0.6385281385281385,0.037878787878787956,0.06818181818181823,0.5663793103448276,0.5956896551724138,0.06982758620689655,0.3396551724137931,0.2,0.6293103448275862
conf,mosei,CMAD,2,v,,6,,,selected,cross_mask,5,0.875,1161,1161,200,1160,0.6385281385281385,0.037878787878787956,0.06818181818181823,0.5663793103448276,0.5956896551724138,0.06982758620689655,0.3396551724137931,0.2,0.6293103448275862
conf,mosei,CMAD,2,v,,7,,,selected,cross_mask,5,0.875,1161,1161,200,1160,0.6385281385281385,0.037878787878787956,0.06818181818181823,0.5663793103448276,0.5956896551724138,0.06982758620689655,0.3396551724137931,0.2,0.6293103448275862
conf,mosei,CMAD,2,v,,0,,,selected,cross_mask,5,0.875,1161,1161,400,1160,0.6385281385281385,0.038961038961038974,0.06818181818181823,0.5663793103448276,0.596551724137931,0.06896551724137931,0.3396551724137931,0.19913793103448277,0.6293103448275862
conf,mosei,CMAD,2,v,,1,,,selected,cross_mask,5,0.875,1161,1161,400,1160,0.6385281385281385,0.03679653679653683,0.06818181818181823,0.5663793103448276,0.5956896551724138,0.06637931034482758,0.3396551724137931,0.19310344827586207,0.6293103448275862
conf,mosei,CMAD,2,v,,2,,,selected,cross_mask,5,0.875,1161,1161,400,1160,0.6385281385281385,0.037878787878787956,0.06818181818181823,0.5663793103448276,0.5956896551724138,0.06982758620689655,0.3396551724137931,0.2,0.6293103448275862
conf,mosei,CMAD,2,v,,3,,,selected,cross_mask,5,0.875,1161,1161,400,1160,0.6385281385281385,0.03679653679653683,0.06818181818181823,0.5663793103448276,0.5956896551724138,0.06637931034482758,0.3396551724137931,0.19310344827586207,0.6293103448275862
conf,mosei,CMAD,2,v,,4,,,selected,cross_mask,5,0.875,1161,1161,400,1160,0.6385281385281385,0.037878787878787956,0.06818181818181823,0.5663793103448276,0.5956896551724138,0.06982758620689655,0.3396551724137931,0.2,0.6293103448275862
conf,mosei,CMAD,2,v,,5,,,selected,cross_mask,5,0.875,1161,1161,400,1160,0.6385281385281385,0.037878787878787956,0.06818181818181823,0.5663793103448276,0.5956896551724138,0.06982758620689655,0.3396551724137931,0.2,0.6293103448275862
conf,mosei,CMAD,2,v,,6,,,selected,cross_mask,5,0.875,1161,1161,400,1160,0.6385281385281385,0.038961038961038974,0.06818181818181823,0.5663793103448276,0.596551724137931,0.06896551724137931,0.3396551724137931,0.19913793103448277,0.6293103448275862
conf,mosei,CMAD,2,v,,7,,,selected,cross_mask,5,0.875,1161,1161,400,1160,0.6385281385281385,0.03679653679653683,0.06818181818181823,0.5663793103448276,0.5956896551724138,0.06637931034482758,0.3396551724137931,0.19310344827586207,0.6293103448275862
conf,mosei,CMAD,3,v,,0,,,selected,cross_mask,3,0.8500000000000001,1161,1161,1161,1160,0.6266233766233766,0.04220779220779214,0.09848484848484851,0.5663793103448276,0.5939655172413794,0.08706896551724137,0.3422413793103448,0.26120689655172413,0.6413793103448275
conf,mosei,CMAD,3,v,,0,,,selected,cross_mask,3,0.8500000000000001,1161,1161,50,1160,0.6266233766233766,0.04004329004328999,0.09848484848484851,0.5663793103448276,0.5922413793103448,0.0853448275862069,0.3422413793103448,0.2560344827586207,0.6413793103448275
conf,mosei,CMAD,3,v,,1,,,selected,cross_mask,3,0.8500000000000001,1161,1161,50,1160,0.6266233766233766,0.04112554112554112,0.09848484848484851,0.5663793103448276,0.593103448275862,0.09051724137931035,0.3422413793103448,0.2681034482758621,0.6413793103448275
conf,mosei,CMAD,3,v,,2,,,selected,cross_mask,3,0.8500000000000001,1161,1161,50,1160,0.6266233766233766,0.04004329004328999,0.09848484848484851,0.5663793103448276,0.5922413793103448,0.08017241379310344,0.3422413793103448,0.2439655172413793,0.6413793103448275
conf,mosei,CMAD,3,v,,3,,,selected,cross_mask,3,0.8500000000000001,1161,1161,50,1160,0.6266233766233766,0.04004329004328999,0.09848484848484851,0.5663793103448276,0.5922413793103448,0.0853448275862069,0.3422413793103448,0.2560344827586207,0.6413793103448275
conf,mosei,CMAD,3,v,,4,,,selected,cross_mask,3,0.8500000000000001,1161,1161,50,1160,0.6266233766233766,0.04004329004328999,0.09848484848484851,0.5663793103448276,0.5922413793103448,0.08017241379310344,0.3422413793103448,0.2439655172413793,0.6413793103448275
conf,mosei,CMAD,3,v,,5,,,selected,cross_mask,3,0.8500000000000001,1161,1161,50,1160,0.6266233766233766,0.04004329004328999,0.09848484848484851,0.5663793103448276,0.5922413793103448,0.09224137931034483,0.3422413793103448,0.27327586206896554,0.6413793103448275
conf,mosei,CMAD,3,v,,6,,,selected,cross_mask,3,0.8500000000000001,1161,1161,50,1160,0.6266233766233766,0.04004329004328999,0.09848484848484851,0.5663793103448276,0.5922413793103448,0.08017241379310344,0.3422413793103448,0.2439655172413793,0.6413793103448275
conf,mosei,CMAD,3,v,,7,,,selected,cross_mask,3,0.8500000000000001,1161,1161,50,1160,0.6266233766233766,0.03246753246753242,0.09848484848484851,0.5663793103448276,0.5870689655172414,0.06810344827586207,0.3422413793103448,0.2120689655172414,0.6413793103448275
conf,mosei,CMAD,3,v,,0,,,selected,cross_mask,3,0.8500000000000001,1161,1161,100,1160,0.6266233766233766,0.04004329004328999,0.09848484848484851,0.5663793103448276,0.5922413793103448,0.0853448275862069,0.3422413793103448,0.2560344827586207,0.6413793103448275
conf,mosei,CMAD,3,v,,1,,,selected,cross_mask,3,0.8500000000000001,1161,1161,100,1160,0.6266233766233766,0.037878787878787845,0.09848484848484851,0.5663793103448276,0.5905172413793104,0.07844827586206897,0.3422413793103448,0.23620689655172414,0.6413793103448275
conf,mosei,CMAD,3,v,,2,,,selected,cross_mask,3,0.8500000000000001,1161,1161,100,1160,0.6266233766233766,0.058441558441558406,0.09848484848484851,0.5663793103448276,0.6068965517241379,0.13448275862068965,0.3422413793103448,0.3853448275862069,0.6413793103448275
conf,mosei,CMAD,3,v,,3,,,selected,cross_mask,3,0.8500000000000001,1161,1161,100,1160,0.6266233766233766,0.037878787878787845,0.09848484848484851,0.5663793103448276,0.5905172413793104,0.07844827586206897,0.3422413793103448,0.23620689655172414,0.6413793103448275
conf,mosei,CMAD,3,v,,4,,,selected,cross_mask,3,0.8500000000000001,1161,1161,100,1160,0.6266233766233766,0.05519480519480513,0.09848484848484851,0.5663793103448276,0.6043103448275862,0.13448275862068965,0.3422413793103448,0.38189655172413794,0.6413793103448275
conf,mosei,CMAD,3,v,,5,,,selected,cross_mask,3,0.8500000000000001,1161,1161,100,1160,0.6266233766233766,0.04112554112554112,0.09848484848484851,0.5663793103448276,0.593103448275862,0.09051724137931035,0.3422413793103448,0.2681034482758621,0.6413793103448275
conf,mosei,CMAD,3,v,,6,,,selected,cross_mask,3,0.8500000000000001,1161,1161,100,1160,0.6266233766233766,0.04112554112554112,0.09848484848484851,0.5663793103448276,0.593103448275862,0.09051724137931035,0.3422413793103448,0.2681034482758621,0.6413793103448275
conf,mosei,CMAD,3,v,,7,,,selected,cross_mask,3,0.8500000000000001,1161,1161,100,1160,0.6266233766233766,0.04112554112554112,0.09848484848484851,0.5663793103448276,0.593103448275862,0.09051724137931035,0.3422413793103448,0.2681034482758621,0.6413793103448275
conf,mosei,CMAD,3,v,,0,,,selected,cross_mask,3,0.8500000000000001,1161,1161,200,1160,0.6266233766233766,0.04004329004328999,0.09848484848484851,0.5663793103448276,0.5922413793103448,0.08017241379310344,0.3422413793103448,0.2439655172413793,0.6413793103448275
conf,mosei,CMAD,3,v,,1,,,selected,cross_mask,3,0.8500000000000001,1161,1161,200,1160,0.6266233766233766,0.04004329004328999,0.09848484848484851,0.5663793103448276,0.5922413793103448,0.08017241379310344,0.3422413793103448,0.2439655172413793,0.6413793103448275
conf,mosei,CMAD,3,v,,2,,,selected,cross_mask,3,0.8500000000000001,1161,1161,200,1160,0.6266233766233766,0.04112554112554112,0.09848484848484851,0.5663793103448276,0.593103448275862,0.09051724137931035,0.3422413793103448,0.2681034482758621,0.6413793103448275
conf,mosei,CMAD,3,v,,3,,,selected,cross_mask,3,0.8500000000000001,1161,1161,200,1160,0.6266233766233766,0.04004329004328999,0.09848484848484851,0.5663793103448276,0.5922413793103448,0.0853448275862069,0.3422413793103448,0.2560344827586207,0.6413793103448275
conf,mosei,CMAD,3,v,,4,,,selected,cross_mask,3,0.8500000000000001,1161,1161,200,1160,0.6266233766233766,0.04004329004328999,0.09848484848484851,0.5663793103448276,0.5922413793103448,0.08017241379310344,0.3422413793103448,0.2439655172413793,0.6413793103448275
conf,mosei,CMAD,3,v,,5,,,selected,cross_mask,3,0.8500000000000001,1161,1161,200,1160,0.6266233766233766,0.04112554112554112,0.09848484848484851,0.5663793103448276,0.593103448275862,0.09051724137931035,0.3422413793103448,0.2681034482758621,0.6413793103448275
conf,mosei,CMAD,3,v,,6,,,selected,cross_mask,3,0.8500000000000001,1161,1161,200,1160,0.6266233766233766,0.04220779220779214,0.09848484848484851,0.5663793103448276,0.5939655172413794,0.08706896551724137,0.3422413793103448,0.26120689655172413,0.6413793103448275
conf,mosei,CMAD,3,v,,7,,,selected,cross_mask,3,0.8500000000000001,1161,1161,200,1160,0.6266233766233766,0.04112554112554112,0.09848484848484851,0.5663793103448276,0.593103448275862,0.09051724137931035,0.3422413793103448,0.2681034482758621,0.6413793103448275
conf,mosei,CMAD,3,v,,0,,,selected,cross_mask,3,0.8500000000000001,1161,1161,400,1160,0.6266233766233766,0.04112554112554112,0.09848484848484851,0.5663793103448276,0.593103448275862,0.09051724137931035,0.3422413793103448,0.2681034482758621,0.6413793103448275
conf,mosei,CMAD,3,v,,1,,,selected,cross_mask,3,0.8500000000000001,1161,1161,400,1160,0.6266233766233766,0.04004329004328999,0.09848484848484851,0.5663793103448276,0.5922413793103448,0.08017241379310344,0.3422413793103448,0.2439655172413793,0.6413793103448275
conf,mosei,CMAD,3,v,,2,,,selected,cross_mask,3,0.8500000000000001,1161,1161,400,1160,0.6266233766233766,0.04112554112554112,0.09848484848484851,0.5663793103448276,0.593103448275862,0.09051724137931035,0.3422413793103448,0.2681034482758621,0.6413793103448275
conf,mosei,CMAD,3,v,,3,,,selected,cross_mask,3,0.8500000000000001,1161,1161,400,1160,0.6266233766233766,0.04004329004328999,0.09848484848484851,0.5663793103448276,0.5922413793103448,0.08017241379310344,0.3422413793103448,0.2439655172413793,0.6413793103448275
conf,mosei,CMAD,3,v,,4,,,selected,cross_mask,3,0.8500000000000001,1161,1161,400,1160,0.6266233766233766,0.04112554112554112,0.09848484848484851,0.5663793103448276,0.593103448275862,0.09051724137931035,0.3422413793103448,0.2681034482758621,0.6413793103448275
conf,mosei,CMAD,3,v,,5,,,selected,cross_mask,3,0.8500000000000001,1161,1161,400,1160,0.6266233766233766,0.04004329004328999,0.09848484848484851,0.5663793103448276,0.5922413793103448,0.08017241379310344,0.3422413793103448,0.2439655172413793,0.6413793103448275
conf,mosei,CMAD,3,v,,6,,,selected,cross_mask,3,0.8500000000000001,1161,1161,400,1160,0.6266233766233766,0.04220779220779214,0.09848484848484851,0.5663793103448276,0.5939655172413794,0.08706896551724137,0.3422413793103448,0.26120689655172413,0.6413793103448275
conf,mosei,CMAD,3,v,,7,,,selected,cross_mask,3,0.8500000000000001,1161,1161,400,1160,0.6266233766233766,0.04004329004328999,0.09848484848484851,0.5663793103448276,0.5922413793103448,0.08017241379310344,0.3422413793103448,0.2439655172413793,0.6413793103448275
conf,mosei,CMAD,4,v,,0,,,selected,cross_mask,5,1.0,1161,1161,1161,1160,0.6182019977802442,0.03440621531631516,0.059933407325194143,0.5465517241379311,0.5724137931034483,0.09827586206896552,0.32155172413793104,0.27586206896551724,0.6068965517241379
conf,mosei,CMAD,4,v,,0,,,selected,cross_mask,5,1.0,1161,1161,50,1160,0.6182019977802442,0.025527192008878985,0.059933407325194143,0.5465517241379311,0.5663793103448276,0.05862068965517241,0.32155172413793104,0.18189655172413793,0.6068965517241379
conf,mosei,CMAD,4,v,,1,,,selected,cross_mask,5,1.0,1161,1161,50,1160,0.6182019977802442,0.03440621531631516,0.059933407325194143,0.5465517241379311,0.5724137931034483,0.09827586206896552,0.32155172413793104,0.27586206896551724,0.6068965517241379
conf,mosei,CMAD,4,v,,2,,,selected,cross_mask,5,1.0,1161,1161,50,1160,0.6182019977802442,0.03440621531631516,0.059933407325194143,0.5465517241379311,0.5724137931034483,0.09827586206896552,0.32155172413793104,0.27586206896551724,0.6068965517241379
conf,mosei,CMAD,4,v,,3,,,selected,cross_mask,5,1.0,1161,1161,50,1160,0.6182019977802442,0.03440621531631516,0.059933407325194143,0.5465517241379311,0.5724137931034483,0.09827586206896552,0.32155172413793104,0.27586206896551724,0.6068965517241379
conf,mosei,CMAD,4,v,,4,,,selected,cross_mask,5,1.0,1161,1161,50,1160,0.6182019977802442,0.04883462819089901,0.059933407325194143,0.5465517241379311,0.5870689655172414,0.10948275862068965,0.32155172413793104,0.31896551724137934,0.6068965517241379
conf,mosei,CMAD,4,v,,5,,,selected,cross_mask,5,1.0,1161,1161,50,1160,0.6182019977802442,0.03440621531631516,0.059933407325194143,0.5465517241379311,0.5724137931034483,0.09827586206896552,0.32155172413793104,0.27586206896551724,0.6068965517241379
conf,mosei,CMAD,4,v,,6,,,selected,cross_mask,5,1.0,1161,1161,50,1160,0.6182019977802442,0.03440621531631516,0.059933407325194143,0.5465517241379311,0.5724137931034483,0.09827586206896552,0.32155172413793104,0.27586206896551724,0.6068965517241379
conf,mosei,CMAD,4,v,,7,,,selected,cross_mask,5,1.0,1161,1161,50,1160,0.6182019977802442,0.04883462819089901,0.059933407325194143,0.5465517241379311,0.5870689655172414,0.10948275862068965,0.32155172413793104,0.31896551724137934,0.6068965517241379
conf,mosei,CMAD,4,v,,0,,,selected,cross_mask,5,1.0,1161,1161,100,1160,0.6182019977802442,0.049944506104328545,0.059933407325194143,0.5465517241379311,0.5879310344827586,0.1060344827586207,0.32155172413793104,0.30948275862068964,0.6068965517241379
conf,mosei,CMAD,4,v,,1,,,selected,cross_mask,5,1.0,1161,1161,100,1160,0.6182019977802442,0.049944506104328545,0.059933407325194143,0.5465517241379311,0.5879310344827586,0.1060344827586207,0.32155172413793104,0.30948275862068964,0.6068965517241379
conf,mosei,CMAD,4,v,,2,,,selected,cross_mask,5,1.0,1161,1161,100,1160,0.6182019977802442,0.049944506104328545,0.059933407325194143,0.5465517241379311,0.5879310344827586,0.10862068965517241,0.32155172413793104,0.3163793103448276,0.6068965517241379
conf,mosei,CMAD,4,v,,3,,,selected,cross_mask,5,1.0,1161,1161,100,1160,0.6182019977802442,0.03440621531631516,0.059933407325194143,0.5465517241379311,0.5724137931034483,0.09827586206896552,0.32155172413793104,0.27586206896551724,0.6068965517241379
conf,mosei,CMAD,4,v,,4,,,selected,cross_mask,5,1.0,1161,1161,100,1160,0.6182019977802442,0.049944506104328545,0.059933407325194143,0.5465517241379311,0.5879310344827586,0.1060344827586207,0.32155172413793104,0.30948275862068964,0.6068965517241379
conf,mosei,CMAD,4,v,,5,,,selected,cross_mask,5,1.0,1161,1161,100,1160,0.6182019977802442,0.049944506104328545,0.059933407325194143,0.5465517241379311,0.5879310344827586,0.1060344827586207,0.32155172413793104,0.30948275862068964,0.6068965517241379
conf,mosei,CMAD,4,v,,6,,,selected,cross_mask,5,1.0,1161,1161,100,1160,0.6182019977802442,0.025527192008878985,0.059933407325194143,0.5465517241379311,0.5663793103448276,0.05517241379310345,0.32155172413793104,0.17413793103448275,0.6068965517241379
conf,mosei,CMAD,4,v,,7,,,selected,cross_mask,5,1.0,1161,1161,100,1160,0.6182019977802442,0.025527192008878985,0.059933407325194143,0.5465517241379311,0.5663793103448276,0.05517241379310345,0.32155172413793104,0.17413793103448275,0.6068965517241379
conf,mosei,CMAD,4,v,,0,,,selected,cross_mask,5,1.0,1161,1161,200,1160,0.6182019977802442,0.03440621531631516,0.059933407325194143,0.5465517241379311,0.5724137931034483,0.09827586206896552,0.32155172413793104,0.27586206896551724,0.6068965517241379
conf,mosei,CMAD,4,v,,1,,,selected,cross_mask,5,1.0,1161,1161,200,1160,0.6182019977802442,0.03440621531631516,0.059933407325194143,0.5465517241379311,0.5724137931034483,0.09827586206896552,0.32155172413793104,0.27586206896551724,0.6068965517241379
conf,mosei,CMAD,4,v,,2,,,selected,cross_mask,5,1.0,1161,1161,200,1160,0.6182019977802442,0.03440621531631516,0.059933407325194143,0.5465517241379311,0.5724137931034483,0.09827586206896552,0.32155172413793104,0.27586206896551724,0.6068965517241379
conf,mosei,CMAD,4,v,,3,,,selected,cross_mask,5,1.0,1161,1161,200,1160,0.6182019977802442,0.03440621531631516,0.059933407325194143,0.5465517241379311,0.5724137931034483,0.09827586206896552,0.32155172413793104,0.27586206896551724,0.6068965517241379
conf,mosei,CMAD,4,v,,4,,,selected,cross_mask,5,1.0,1161,1161,200,1160,0.6182019977802442,0.03440621531631516,0.059933407325194143,0.5465517241379311,0.5724137931034483,0.09827586206896552,0.32155172413793104,0.27586206896551724,0.6068965517241379
conf,mosei,CMAD,4,v,,5,,,selected,cross_mask,5,1.0,1161,1161,200,1160,0.6182019977802442,0.025527192008878985,0.059933407325194143,0.5465517241379311,0.5663793103448276,0.05862068965517241,0.32155172413793104,0.18189655172413793,0.6068965517241379
conf,mosei,CMAD,4,v,,6,,,selected,cross_mask,5,1.0,1161,1161,200,1160,0.6182019977802442,0.049944506104328545,0.059933407325194143,0.5465517241379311,0.5879310344827586,0.1060344827586207,0.32155172413793104,0.30948275862068964,0.6068965517241379
conf,mosei,CMAD,4,v,,7,,,selected,cross_mask,5,1.0,1161,1161,200,1160,0.6182019977802442,0.049944506104328545,0.059933407325194143,0.5465517241379311,0.5879310344827586,0.1060344827586207,0.32155172413793104,0.30948275862068964,0.6068965517241379
conf,mosei,CMAD,4,v,,0,,,selected,cross_mask,5,1.0,1161,1161,400,1160,0.6182019977802442,0.03440621531631516,0.059933407325194143,0.5465517241379311,0.5724137931034483,0.09827586206896552,0.32155172413793104,0.27586206896551724,0.6068965517241379
conf,mosei,CMAD,4,v,,1,,,selected,cross_mask,5,1.0,1161,1161,400,1160,0.6182019977802442,0.049944506104328545,0.059933407325194143,0.5465517241379311,0.5879310344827586,0.1060344827586207,0.32155172413793104,0.30948275862068964,0.6068965517241379
conf,mosei,CMAD,4,v,,2,,,selected,cross_mask,5,1.0,1161,1161,400,1160,0.6182019977802442,0.049944506104328545,0.059933407325194143,0.5465517241379311,0.5879310344827586,0.1060344827586207,0.32155172413793104,0.30948275862068964,0.6068965517241379
conf,mosei,CMAD,4,v,,3,,,selected,cross_mask,5,1.0,1161,1161,400,1160,0.6182019977802442,0.03440621531631516,0.059933407325194143,0.5465517241379311,0.5724137931034483,0.09827586206896552,0.32155172413793104,0.27586206896551724,0.6068965517241379
conf,mosei,CMAD,4,v,,4,,,selected,cross_mask,5,1.0,1161,1161,400,1160,0.6182019977802442,0.039955604883462836,0.059933407325194143,0.5465517241379311,0.5784482758620689,0.10086206896551723,0.32155172413793104,0.28793103448275864,0.6068965517241379
conf,mosei,CMAD,4,v,,5,,,selected,cross_mask,5,1.0,1161,1161,400,1160,0.6182019977802442,0.03440621531631516,0.059933407325194143,0.5465517241379311,0.5724137931034483,0.09827586206896552,0.32155172413793104,0.27586206896551724,0.6068965517241379
conf,mosei,CMAD,4,v,,6,,,selected,cross_mask,5,1.0,1161,1161,400,1160,0.6182019977802442,0.03440621531631516,0.059933407325194143,0.5465517241379311,0.5724137931034483,0.09827586206896552,0.32155172413793104,0.27586206896551724,0.6068965517241379
conf,mosei,CMAD,4,v,,7,,,selected,cross_mask,5,1.0,1161,1161,400,1160,0.6182019977802442,0.039955604883462836,0.059933407325194143,0.5465517241379311,0.5784482758620689,0.10086206896551723,0.32155172413793104,0.28793103448275864,0.6068965517241379
conf,mosei,CMAD,0,av,,0,,,selected,cross_mask,8,1.0,1161,1161,1161,1160,0.6473214285714286,0.0546875,0.078125,0.5836206896551724,0.6129310344827587,0.16982758620689656,0.3913793103448276,0.5456896551724137,0.6241379310344828
conf,mosei,CMAD,0,av,,0,,,selected,cross_mask,8,1.0,1161,1161,50,1160,0.6473214285714286,0.0345982142857143,0.078125,0.5836206896551724,0.6,0.06551724137931035,0.3913793103448276,0.19051724137931034,0.6241379310344828
conf,mosei,CMAD,0,av,,1,,,selected,cross_mask,8,1.0,1161,1161,50,1160,0.6473214285714286,0.0345982142857143,0.078125,0.5836206896551724,0.6,0.06551724137931035,0.3913793103448276,0.19051724137931034,0.6241379310344828
conf,mosei,CMAD,0,av,,2,,,selected,cross_mask,8,1.0,1161,1161,50,1160,0.6473214285714286,0.0546875,0.078125,0.5836206896551724,0.6129310344827587,0.16982758620689656,0.3913793103448276,0.5456896551724137,0.6241379310344828
conf,mosei,CMAD,0,av,,3,,,selected,cross_mask,8,1.0,1161,1161,50,1160,0.6473214285714286,0.0546875,0.078125,0.5836206896551724,0.6129310344827587,0.16982758620689656,0.3913793103448276,0.5456896551724137,0.6241379310344828
conf,mosei,CMAD,0,av,,4,,,selected,cross_mask,8,1.0,1161,1161,50,1160,0.6473214285714286,0.0546875,0.078125,0.5836206896551724,0.6129310344827587,0.16982758620689656,0.3913793103448276,0.5456896551724137,0.6241379310344828
conf,mosei,CMAD,0,av,,5,,,selected,cross_mask,8,1.0,1161,1161,50,1160,0.6473214285714286,0.041294642857142794,0.078125,0.5836206896551724,0.5991379310344828,0.08017241379310344,0.3913793103448276,0.2543103448275862,0.6241379310344828
conf,mosei,CMAD,0,av,,6,,,selected,cross_mask,8,1.0,1161,1161,50,1160,0.6473214285714286,0.0546875,0.078125,0.5836206896551724,0.6129310344827587,0.16982758620689656,0.3913793103448276,0.5456896551724137,0.6241379310344828
conf,mosei,CMAD,0,av,,7,,,selected,cross_mask,8,1.0,1161,1161,50,1160,0.6473214285714286,0.0558035714285714,0.078125,0.5836206896551724,0.6120689655172413,0.15,0.3913793103448276,0.47586206896551725,0.6241379310344828
conf,mosei,CMAD,0,av,,0,,,selected,cross_mask,8,1.0,1161,1161,100,1160,0.6473214285714286,0.0546875,0.078125,0.5836206896551724,0.6129310344827587,0.16982758620689656,0.3913793103448276,0.5456896551724137,0.6241379310344828
conf,mosei,CMAD,0,av,,1,,,selected,cross_mask,8,1.0,1161,1161,100,1160,0.6473214285714286,0.03794642857142849,0.078125,0.5836206896551724,0.596551724137931,0.08706896551724137,0.3913793103448276,0.26982758620689656,0.6241379310344828
conf,mosei,CMAD,0,av,,2,,,selected,cross_mask,8,1.0,1161,1161,100,1160,0.6473214285714286,0.0546875,0.078125,0.5836206896551724,0.6129310344827587,0.16982758620689656,0.3913793103448276,0.5456896551724137,0.6241379310344828
conf,mosei,CMAD,0,av,,3,,,selected,cross_mask,8,1.0,1161,1161,100,1160,0.6473214285714286,0.0546875,0.078125,0.5836206896551724,0.6129310344827587,0.16982758620689656,0.3913793103448276,0.5456896551724137,0.6241379310344828
conf,mosei,CMAD,0,av,,4,,,selected,cross_mask,8,1.0,1161,1161,100,1160,0.6473214285714286,0.0546875,0.078125,0.5836206896551724,0.6129310344827587,0.16982758620689656,0.3913793103448276,0.5456896551724137,0.6241379310344828
conf,mosei,CMAD,0,av,,5,,,selected,cross_mask,8,1.0,1161,1161,100,1160,0.6473214285714286,0.0546875,0.078125,0.5836206896551724,0.6129310344827587,0.16982758620689656,0.3913793103448276,0.5456896551724137,0.6241379310344828
conf,mosei,CMAD,0,av,,6,,,selected,cross_mask,8,1.0,1161,1161,100,1160,0.6473214285714286,0.0546875,0.078125,0.5836206896551724,0.6129310344827587,0.16982758620689656,0.3913793103448276,0.5456896551724137,0.6241379310344828
conf,mosei,CMAD,0,av,,7,,,selected,cross_mask,8,1.0,1161,1161,100,1160,0.6473214285714286,0.0546875,0.078125,0.5836206896551724,0.6129310344827587,0.16982758620689656,0.3913793103448276,0.5456896551724137,0.6241379310344828
conf,mosei,CMAD,0,av,,0,,,selected,cross_mask,8,1.0,1161,1161,200,1160,0.6473214285714286,0.0546875,0.078125,0.5836206896551724,0.6129310344827587,0.16982758620689656,0.3913793103448276,0.5456896551724137,0.6241379310344828
conf,mosei,CMAD,0,av,,1,,,selected,cross_mask,8,1.0,1161,1161,200,1160,0.6473214285714286,0.0546875,0.078125,0.5836206896551724,0.6129310344827587,0.16982758620689656,0.3913793103448276,0.5456896551724137,0.6241379310344828
conf,mosei,CMAD,0,av,,2,,,selected,cross_mask,8,1.0,1161,1161,200,1160,0.6473214285714286,0.0546875,0.078125,0.5836206896551724,0.6129310344827587,0.16982758620689656,0.3913793103448276,0.5456896551724137,0.6241379310344828
conf,mosei,CMAD,0,av,,3,,,selected,cross_mask,8,1.0,1161,1161,200,1160,0.6473214285714286,0.0546875,0.078125,0.5836206896551724,0.6129310344827587,0.16982758620689656,0.3913793103448276,0.5456896551724137,0.6241379310344828
conf,mosei,CMAD,0,av,,4,,,selected,cross_mask,8,1.0,1161,1161,200,1160,0.6473214285714286,0.05357142857142849,0.078125,0.5836206896551724,0.6146551724137931,0.16034482758620688,0.3913793103448276,0.5060344827586207,0.6241379310344828
conf,mosei,CMAD,0,av,,5,,,selected,cross_mask,8,1.0,1161,1161,200,1160,0.6473214285714286,0.0546875,0.078125,0.5836206896551724,0.6129310344827587,0.16982758620689656,0.3913793103448276,0.5456896551724137,0.6241379310344828
conf,mosei,CMAD,0,av,,6,,,selected,cross_mask,8,1.0,1161,1161,200,1160,0.6473214285714286,0.0558035714285714,0.078125,0.5836206896551724,0.6120689655172413,0.15,0.3913793103448276,0.47586206896551725,0.6241379310344828
conf,mosei,CMAD,0,av,,7,,,selected,cross_mask,8,1.0,1161,1161,200,1160,0.6473214285714286,0.0546875,0.078125,0.5836206896551724,0.6129310344827587,0.16982758620689656,0.3913793103448276,0.5456896551724137,0.6241379310344828
conf,mosei,CMAD,0,av,,0,,,selected,cross_mask,8,1.0,1161,1161,400,1160,0.6473214285714286,0.0546875,0.078125,0.5836206896551724,0.6129310344827587,0.16982758620689656,0.3913793103448276,0.5456896551724137,0.6241379310344828
conf,mosei,CMAD,0,av,,1,,,selected,cross_mask,8,1.0,1161,1161,400,1160,0.6473214285714286,0.0546875,0.078125,0.5836206896551724,0.6129310344827587,0.16982758620689656,0.3913793103448276,0.5456896551724137,0.6241379310344828
conf,mosei,CMAD,0,av,,2,,,selected,cross_mask,8,1.0,1161,1161,400,1160,0.6473214285714286,0.0546875,0.078125,0.5836206896551724,0.6129310344827587,0.16982758620689656,0.3913793103448276,0.5456896551724137,0.6241379310344828
conf,mosei,CMAD,0,av,,3,,,selected,cross_mask,8,1.0,1161,1161,400,1160,0.6473214285714286,0.0546875,0.078125,0.5836206896551724,0.6129310344827587,0.16982758620689656,0.3913793103448276,0.5456896551724137,0.6241379310344828
conf,mosei,CMAD,0,av,,4,,,selected,cross_mask,8,1.0,1161,1161,400,1160,0.6473214285714286,0.0546875,0.078125,0.5836206896551724,0.6129310344827587,0.16982758620689656,0.3913793103448276,0.5456896551724137,0.6241379310344828
conf,mosei,CMAD,0,av,,5,,,selected,cross_mask,8,1.0,1161,1161,400,1160,0.6473214285714286,0.0546875,0.078125,0.5836206896551724,0.6129310344827587,0.16982758620689656,0.3913793103448276,0.5456896551724137,0.6241379310344828
conf,mosei,CMAD,0,av,,6,,,selected,cross_mask,8,1.0,1161,1161,400,1160,0.6473214285714286,0.0546875,0.078125,0.5836206896551724,0.6129310344827587,0.16982758620689656,0.3913793103448276,0.5456896551724137,0.6241379310344828
conf,mosei,CMAD,0,av,,7,,,selected,cross_mask,8,1.0,1161,1161,400,1160,0.6473214285714286,0.0546875,0.078125,0.5836206896551724,0.6129310344827587,0.16982758620689656,0.3913793103448276,0.5456896551724137,0.6241379310344828
conf,mosei,CMAD,1,av,,0,,,selected,cross_mask,8,1.0,1161,1161,1161,1160,0.6427783902976847,0.06063947078280041,0.08158765159867698,0.575,0.6198275862068966,0.09137931034482759,0.33448275862068966,0.2810344827586207,0.6396551724137931
conf,mosei,CMAD,1,av,,0,,,selected,cross_mask,8,1.0,1161,1161,50,1160,0.6427783902976847,0.06284454244762949,0.08158765159867698,0.575,0.6206896551724138,0.09310344827586207,0.33448275862068966,0.28448275862068967,0.6396551724137931
conf,mosei,CMAD,1,av,,1,,,selected,cross_mask,8,1.0,1161,1161,50,1160,0.6427783902976847,0.04961411245865488,0.08158765159867698,0.575,0.6137931034482759,0.06896551724137931,0.33448275862068966,0.2120689655172414,0.6396551724137931
conf,mosei,CMAD,1,av,,2,,,selected,cross_mask,8,1.0,1161,1161,50,1160,0.6427783902976847,0.06063947078280041,0.08158765159867698,0.575,0.6198275862068966,0.09137931034482759,0.33448275862068966,0.2810344827586207,0.6396551724137931
conf,mosei,CMAD,1,av,,3,,,selected,cross_mask,8,1.0,1161,1161,50,1160,0.6427783902976847,0.04961411245865488,0.08158765159867698,0.575,0.6137931034482759,0.06896551724137931,0.33448275862068966,0.2103448275862069,0.6396551724137931
conf,mosei,CMAD,1,av,,4,,,selected,cross_mask,8,1.0,1161,1161,50,1160,0.6427783902976847,0.05733186328555673,0.08158765159867698,0.575,0.618103448275862,0.08879310344827586,0.33448275862068966,0.27155172413793105,0.6396551724137931
conf,mosei,CMAD,1,av,,5,,,selected,cross_mask,8,1.0,1161,1161,50,1160,0.6427783902976847,0.04961411245865488,0.08158765159867698,0.575,0.6137931034482759,0.06896551724137931,0.33448275862068966,0.2103448275862069,0.6396551724137931
conf,mosei,CMAD,1,av,,6,,,selected,cross_mask,8,1.0,1161,1161,50,1160,0.6427783902976847,0.04961411245865488,0.08158765159867698,0.575,0.6137931034482759,0.06896551724137931,0.33448275862068966,0.2120689655172414,0.6396551724137931
conf,mosei,CMAD,1,av,,7,,,selected,cross_mask,8,1.0,1161,1161,50,1160,0.6427783902976847,0.04961411245865488,0.08158765159867698,0.575,0.6137931034482759,0.06896551724137931,0.33448275862068966,0.2120689655172414,0.6396551724137931
conf,mosei,CMAD,1,av,,0,,,selected,cross_mask,8,1.0,1161,1161,100,1160,0.6427783902976847,0.06063947078280041,0.08158765159867698,0.575,0.6198275862068966,0.09137931034482759,0.33448275862068966,0.2810344827586207,0.6396551724137931
conf,mosei,CMAD,1,av,,1,,,selected,cross_mask,8,1.0,1161,1161,100,1160,0.6427783902976847,0.06284454244762949,0.08158765159867698,0.575,0.6206896551724138,0.0939655172413793,0.33448275862068966,0.28620689655172415,0.6396551724137931
conf,mosei,CMAD,1,av,,2,,,selected,cross_mask,8,1.0,1161,1161,100,1160,0.6427783902976847,0.04961411245865488,0.08158765159867698,0.575,0.6137931034482759,0.06896551724137931,0.33448275862068966,0.2120689655172414,0.6396551724137931
conf,mosei,CMAD,1,av,,3,,,selected,cross_mask,8,1.0,1161,1161,100,1160,0.6427783902976847,0.06284454244762949,0.08158765159867698,0.575,0.6206896551724138,0.09310344827586207,0.33448275862068966,0.28448275862068967,0.6396551724137931
conf,mosei,CMAD,1,av,,4,,,selected,cross_mask,8,1.0,1161,1161,100,1160,0.6427783902976847,0.06284454244762949,0.08158765159867698,0.575,0.6206896551724138,0.09310344827586207,0.33448275862068966,0.28448275862068967,0.6396551724137931
conf,mosei,CMAD,1,av,,5,,,selected,cross_mask,8,1.0,1161,1161,100,1160,0.6427783902976847,0.06284454244762949,0.08158765159867698,0.575,0.6206896551724138,0.09310344827586207,0.33448275862068966,0.28448275862068967,0.6396551724137931
conf,mosei,CMAD,1,av,,6,,,selected,cross_mask,8,1.0,1161,1161,100,1160,0.6427783902976847,0.06063947078280041,0.08158765159867698,0.575,0.6198275862068966,0.09137931034482759,0.33448275862068966,0.2810344827586207,0.6396551724137931
conf,mosei,CMAD,1,av,,7,,,selected,cross_mask,8,1.0,1161,1161,100,1160,0.6427783902976847,0.04961411245865488,0.08158765159867698,0.575,0.6137931034482759,0.06896551724137931,0.33448275862068966,0.2103448275862069,0.6396551724137931
conf,mosei,CMAD,1,av,,0,,,selected,cross_mask,8,1.0,1161,1161,200,1160,0.6427783902976847,0.061742006615215006,0.08158765159867698,0.575,0.6198275862068966,0.1146551724137931,0.33448275862068966,0.3413793103448276,0.6396551724137931
conf,mosei,CMAD,1,av,,1,,,selected,cross_mask,8,1.0,1161,1161,200,1160,0.6427783902976847,0.06284454244762949,0.08158765159867698,0.575,0.6206896551724138,0.09310344827586207,0.33448275862068966,0.28448275862068967,0.6396551724137931
conf,mosei,CMAD,1,av,,2,,,selected,cross_mask,8,1.0,1161,1161,200,1160,0.6427783902976847,0.06063947078280041,0.08158765159867698,0.575,0.6198275862068966,0.09137931034482759,0.33448275862068966,0.2810344827586207,0.6396551724137931
conf,mosei,CMAD,1,av,,3,,,selected,cross_mask,8,1.0,1161,1161,200,1160,0.6427783902976847,0.06063947078280041,0.08158765159867698,0.575,0.6198275862068966,0.09137931034482759,0.33448275862068966,0.2810344827586207,0.6396551724137931
conf,mosei,CMAD,1,av,,4,,,selected,cross_mask,8,1.0,1161,1161,200,1160,0.6427783902976847,0.06063947078280041,0.08158765159867698,0.575,0.6198275862068966,0.09137931034482759,0.33448275862068966,0.2810344827586207,0.6396551724137931
conf,mosei,CMAD,1,av,,5,,,selected,cross_mask,8,1.0,1161,1161,200,1160,0.6427783902976847,0.06063947078280041,0.08158765159867698,0.575,0.6198275862068966,0.09137931034482759,0.33448275862068966,0.2810344827586207,0.6396551724137931
conf,mosei,CMAD,1,av,,6,,,selected,cross_mask,8,1.0,1161,1161,200,1160,0.6427783902976847,0.06063947078280041,0.08158765159867698,0.575,0.6198275862068966,0.09137931034482759,0.33448275862068966,0.2810344827586207,0.6396551724137931
conf,mosei,CMAD,1,av,,7,,,selected,cross_mask,8,1.0,1161,1161,200,1160,0.6427783902976847,0.06945975744211685,0.08158765159867698,0.575,0.6293103448275862,0.19137931034482758,0.33448275862068966,0.5379310344827586,0.6396551724137931
conf,mosei,CMAD,1,av,,0,,,selected,cross_mask,8,1.0,1161,1161,400,1160,0.6427783902976847,0.06063947078280041,0.08158765159867698,0.575,0.6198275862068966,0.09137931034482759,0.33448275862068966,0.2810344827586207,0.6396551724137931
conf,mosei,CMAD,1,av,,1,,,selected,cross_mask,8,1.0,1161,1161,400,1160,0.6427783902976847,0.06063947078280041,0.08158765159867698,0.575,0.6198275862068966,0.09137931034482759,0.33448275862068966,0.2810344827586207,0.6396551724137931
conf,mosei,CMAD,1,av,,2,,,selected,cross_mask,8,1.0,1161,1161,400,1160,0.6427783902976847,0.06063947078280041,0.08158765159867698,0.575,0.6198275862068966,0.09137931034482759,0.33448275862068966,0.2810344827586207,0.6396551724137931
conf,mosei,CMAD,1,av,,3,,,selected,cross_mask,8,1.0,1161,1161,400,1160,0.6427783902976847,0.06063947078280041,0.08158765159867698,0.575,0.6198275862068966,0.09137931034482759,0.33448275862068966,0.2810344827586207,0.6396551724137931
conf,mosei,CMAD,1,av,,4,,,selected,cross_mask,8,1.0,1161,1161,400,1160,0.6427783902976847,0.06063947078280041,0.08158765159867698,0.575,0.6198275862068966,0.09137931034482759,0.33448275862068966,0.2810344827586207,0.6396551724137931
conf,mosei,CMAD,1,av,,5,,,selected,cross_mask,8,1.0,1161,1161,400,1160,0.6427783902976847,0.06063947078280041,0.08158765159867698,0.575,0.6198275862068966,0.09137931034482759,0.33448275862068966,0.2810344827586207,0.6396551724137931
conf,mosei,CMAD,1,av,,6,,,selected,cross_mask,8,1.0,1161,1161,400,1160,0.6427783902976847,0.06284454244762949,0.08158765159867698,0.575,0.6206896551724138,0.09310344827586207,0.33448275862068966,0.28448275862068967,0.6396551724137931
conf,mosei,CMAD,1,av,,7,,,selected,cross_mask,8,1.0,1161,1161,400,1160,0.6427783902976847,0.06284454244762949,0.08158765159867698,0.575,0.6206896551724138,0.09310344827586207,0.33448275862068966,0.28448275862068967,0.6396551724137931
conf,mosei,CMAD,2,av,,0,,,selected,cross_mask,3,0.775,1161,1161,1161,1160,0.6515151515151515,0.04329004329004327,0.08549783549783552,0.5862068965517241,0.6198275862068966,0.07413793103448275,0.34051724137931033,0.25689655172413794,0.6456896551724138
conf,mosei,CMAD,2,av,,0,,,selected,cross_mask,3,0.775,1161,1161,50,1160,0.6515151515151515,0.04329004329004327,0.08549783549783552,0.5862068965517241,0.6198275862068966,0.07413793103448275,0.34051724137931033,0.25689655172413794,0.6456896551724138
conf,mosei,CMAD,2,av,,1,,,selected,cross_mask,3,0.775,1161,1161,50,1160,0.6515151515151515,0.03463203463203468,0.08549783549783552,0.5862068965517241,0.6137931034482759,0.04827586206896552,0.34051724137931033,0.1896551724137931,0.6456896551724138
conf,mosei,CMAD,2,av,,2,,,selected,cross_mask,3,0.775,1161,1161,50,1160,0.6515151515151515,0.032467532467532534,0.08549783549783552,0.5862068965517241,0.6112068965517241,0.061206896551724135,0.34051724137931033,0.21551724137931033,0.6456896551724138
conf,mosei,CMAD,2,av,,3,,,selected,cross_mask,3,0.775,1161,1161,50,1160,0.6515151515151515,0.04329004329004327,0.08549783549783552,0.5862068965517241,0.6198275862068966,0.07413793103448275,0.34051724137931033,0.25689655172413794,0.6456896551724138
conf,mosei,CMAD,2,av,,4,,,selected,cross_mask,3,0.775,1161,1161,50,1160,0.6515151515151515,0.032467532467532534,0.08549783549783552,0.5862068965517241,0.6112068965517241,0.061206896551724135,0.34051724137931033,0.21551724137931033,0.6456896551724138
conf,mosei,CMAD,2,av,,5,,,selected,cross_mask,3,0.775,1161,1161,50,1160,0.6515151515151515,0.03463203463203468,0.08549783549783552,0.5862068965517241,0.6137931034482759,0.04827586206896552,0.34051724137931033,0.1896551724137931,0.6456896551724138
conf,mosei,CMAD,2,av,,6,,,selected,cross_mask,3,0.775,1161,1161,50,1160,0.6515151515151515,0.04329004329004327,0.08549783549783552,0.5862068965517241,0.6198275862068966,0.07413793103448275,0.34051724137931033,0.25689655172413794,0.6456896551724138
conf,mosei,CMAD,2,av,,7,,,selected,cross_mask,3,0.775,1161,1161,50,1160,0.6515151515151515,0.04329004329004327,0.08549783549783552,0.5862068965517241,0.6198275862068966,0.07413793103448275,0.34051724137931033,0.25689655172413794,0.6456896551724138
conf,mosei,CMAD,2,av,,0,,,selected,cross_mask,3,0.775,1161,1161,100,1160,0.6515151515151515,0.04329004329004327,0.08549783549783552,0.5862068965517241,0.6198275862068966,0.07413793103448275,0.34051724137931033,0.25689655172413794,0.6456896551724138
conf,mosei,CMAD,2,av,,1,,,selected,cross_mask,3,0.775,1161,1161,100,1160,0.6515151515151515,0.03354978354978355,0.08549783549783552,0.5862068965517241,0.6120689655172413,0.061206896551724135,0.34051724137931033,0.21637931034482757,0.6456896551724138
conf,mosei,CMAD,2,av,,2,,,selected,cross_mask,3,0.775,1161,1161,100,1160,0.6515151515151515,0.04329004329004327,0.08549783549783552,0.5862068965517241,0.6198275862068966,0.07413793103448275,0.34051724137931033,0.25689655172413794,0.6456896551724138
conf,mosei,CMAD,2,av,,3,,,selected,cross_mask,3,0.775,1161,1161,100,1160,0.6515151515151515,0.04329004329004327,0.08549783549783552,0.5862068965517241,0.6198275862068966,0.07413793103448275,0.34051724137931033,0.25689655172413794,0.6456896551724138
conf,mosei,CMAD,2,av,,4,,,selected,cross_mask,3,0.775,1161,1161,100,1160,0.6515151515151515,0.04329004329004327,0.08549783549783552,0.5862068965517241,0.6198275862068966,0.07413793103448275,0.34051724137931033,0.25689655172413794,0.6456896551724138
conf,mosei,CMAD,2,av,,5,,,selected,cross_mask,3,0.775,1161,1161,100,1160,0.6515151515151515,0.032467532467532534,0.08549783549783552,0.5862068965517241,0.6129310344827587,0.056896551724137934,0.34051724137931033,0.20689655172413793,0.6456896551724138
conf,mosei,CMAD,2,av,,6,,,selected,cross_mask,3,0.775,1161,1161,100,1160,0.6515151515151515,0.032467532467532534,0.08549783549783552,0.5862068965517241,0.6120689655172413,0.05775862068965517,0.34051724137931033,0.20948275862068966,0.6456896551724138
conf,mosei,CMAD,2,av,,7,,,selected,cross_mask,3,0.775,1161,1161,100,1160,0.6515151515151515,0.032467532467532534,0.08549783549783552,0.5862068965517241,0.6112068965517241,0.061206896551724135,0.34051724137931033,0.21551724137931033,0.6456896551724138
conf,mosei,CMAD,2,av,,0,,,selected,cross_mask,3,0.775,1161,1161,200,1160,0.6515151515151515,0.032467532467532534,0.08549783549783552,0.5862068965517241,0.6112068965517241,0.061206896551724135,0.34051724137931033,0.21551724137931033,0.6456896551724138
conf,mosei,CMAD,2,av,,1,,,selected,cross_mask,3,0.775,1161,1161,200,1160,0.6515151515151515,0.04329004329004327,0.08549783549783552,0.5862068965517241,0.6198275862068966,0.07413793103448275,0.34051724137931033,0.25689655172413794,0.6456896551724138
conf,mosei,CMAD,2,av,,2,,,selected,cross_mask,3,0.775,1161,1161,200,1160,0.6515151515151515,0.04329004329004327,0.08549783549783552,0.5862068965517241,0.6198275862068966,0.07413793103448275,0.34051724137931033,0.25689655172413794,0.6456896551724138
conf,mosei,CMAD,2,av,,3,,,selected,cross_mask,3,0.775,1161,1161,200,1160,0.6515151515151515,0.032467532467532534,0.08549783549783552,0.5862068965517241,0.6112068965517241,0.061206896551724135,0.34051724137931033,0.21551724137931033,0.6456896551724138
conf,mosei,CMAD,2,av,,4,,,selected,cross_mask,3,0.775,1161,1161,200,1160,0.6515151515151515,0.032467532467532534,0.08549783549783552,0.5862068965517241,0.6112068965517241,0.061206896551724135,0.34051724137931033,0.21551724137931033,0.6456896551724138
conf,mosei,CMAD,2,av,,5,,,selected,cross_mask,3,0.775,1161,1161,200,1160,0.6515151515151515,0.04329004329004327,0.08549783549783552,0.5862068965517241,0.6198275862068966,0.07413793103448275,0.34051724137931033,0.25689655172413794,0.6456896551724138
conf,mosei,CMAD,2,av,,6,,,selected,cross_mask,3,0.775,1161,1161,200,1160,0.6515151515151515,0.04329004329004327,0.08549783549783552,0.5862068965517241,0.6198275862068966,0.07413793103448275,0.34051724137931033,0.25689655172413794,0.6456896551724138
conf,mosei,CMAD,2,av,,7,,,selected,cross_mask,3,0.775,1161,1161,200,1160,0.6515151515151515,0.04329004329004327,0.08549783549783552,0.5862068965517241,0.6198275862068966,0.07413793103448275,0.34051724137931033,0.25689655172413794,0.6456896551724138
conf,mosei,CMAD,2,av,,0,,,selected,cross_mask,3,0.775,1161,1161,400,1160,0.6515151515151515,0.04329004329004327,0.08549783549783552,0.5862068965517241,0.6198275862068966,0.07413793103448275,0.34051724137931033,0.25689655172413794,0.6456896551724138
conf,mosei,CMAD,2,av,,1,,,selected,cross_mask,3,0.775,1161,1161,400,1160,0.6515151515151515,0.03354978354978355,0.08549783549783552,0.5862068965517241,0.6120689655172413,0.061206896551724135,0.34051724137931033,0.21637931034482757,0.6456896551724138
conf,mosei,CMAD,2,av,,2,,,selected,cross_mask,3,0.775,1161,1161,400,1160,0.6515151515151515,0.04329004329004327,0.08549783549783552,0.5862068965517241,0.6198275862068966,0.07413793103448275,0.34051724137931033,0.25689655172413794,0.6456896551724138
conf,mosei,CMAD,2,av,,3,,,selected,cross_mask,3,0.775,1161,1161,400,1160,0.6515151515151515,0.04329004329004327,0.08549783549783552,0.5862068965517241,0.6198275862068966,0.07413793103448275,0.34051724137931033,0.25689655172413794,0.6456896551724138
conf,mosei,CMAD,2,av,,4,,,selected,cross_mask,3,0.775,1161,1161,400,1160,0.6515151515151515,0.04329004329004327,0.08549783549783552,0.5862068965517241,0.6198275862068966,0.07413793103448275,0.34051724137931033,0.25689655172413794,0.6456896551724138
conf,mosei,CMAD,2,av,,5,,,selected,cross_mask,3,0.775,1161,1161,400,1160,0.6515151515151515,0.03463203463203468,0.08549783549783552,0.5862068965517241,0.6129310344827587,0.06206896551724138,0.34051724137931033,0.2189655172413793,0.6456896551724138
conf,mosei,CMAD,2,av,,6,,,selected,cross_mask,3,0.775,1161,1161,400,1160,0.6515151515151515,0.03463203463203468,0.08549783549783552,0.5862068965517241,0.6129310344827587,0.06206896551724138,0.34051724137931033,0.2189655172413793,0.6456896551724138
conf,mosei,CMAD,2,av,,7,,,selected,cross_mask,3,0.775,1161,1161,400,1160,0.6515151515151515,0.04329004329004327,0.08549783549783552,0.5862068965517241,0.6198275862068966,0.07413793103448275,0.34051724137931033,0.25689655172413794,0.6456896551724138
conf,mosei,CMAD,3,av,,0,,,selected,cross_mask,5,1.0,1161,1161,1161,1160,0.6255411255411255,0.09848484848484851,0.09740259740259738,0.5724137931034483,0.6439655172413793,0.15689655172413794,0.3594827586206897,0.45517241379310347,0.646551724137931
conf,mosei,CMAD,3,av,,0,,,selected,cross_mask,5,1.0,1161,1161,50,1160,0.6255411255411255,0.05519480519480524,0.09740259740259738,0.5724137931034483,0.6094827586206897,0.08017241379310344,0.3594827586206897,0.20689655172413793,0.646551724137931
conf,mosei,CMAD,3,av,,1,,,selected,cross_mask,5,1.0,1161,1161,50,1160,0.6255411255411255,0.09848484848484851,0.09740259740259738,0.5724137931034483,0.6439655172413793,0.15689655172413794,0.3594827586206897,0.45517241379310347,0.646551724137931
conf,mosei,CMAD,3,av,,2,,,selected,cross_mask,5,1.0,1161,1161,50,1160,0.6255411255411255,0.05844155844155852,0.09740259740259738,0.5724137931034483,0.6120689655172413,0.08189655172413793,0.3594827586206897,0.21120689655172414,0.646551724137931
conf,mosei,CMAD,3,av,,3,,,selected,cross_mask,5,1.0,1161,1161,50,1160,0.6255411255411255,0.09956709956709964,0.09740259740259738,0.5724137931034483,0.6448275862068965,0.1560344827586207,0.3594827586206897,0.4543103448275862,0.646551724137931
conf,mosei,CMAD,3,av,,4,,,selected,cross_mask,5,1.0,1161,1161,50,1160,0.6255411255411255,0.05844155844155852,0.09740259740259738,0.5724137931034483,0.6120689655172413,0.08189655172413793,0.3594827586206897,0.21120689655172414,0.646551724137931
conf,mosei,CMAD,3,av,,5,,,selected,cross_mask,5,1.0,1161,1161,50,1160,0.6255411255411255,0.09199134199134207,0.09740259740259738,0.5724137931034483,0.6379310344827587,0.13879310344827586,0.3594827586206897,0.39482758620689656,0.646551724137931
conf,mosei,CMAD,3,av,,6,,,selected,cross_mask,5,1.0,1161,1161,50,1160,0.6255411255411255,0.09956709956709964,0.09740259740259738,0.5724137931034483,0.6448275862068965,0.1560344827586207,0.3594827586206897,0.4543103448275862,0.646551724137931
conf,mosei,CMAD,3,av,,7,,,selected,cross_mask,5,1.0,1161,1161,50,1160,0.6255411255411255,0.09848484848484851,0.09740259740259738,0.5724137931034483,0.6439655172413793,0.15689655172413794,0.3594827586206897,0.45517241379310347,0.646551724137931
conf,mosei,CMAD,3,av,,0,,,selected,cross_mask,5,1.0,1161,1161,100,1160,0.6255411255411255,0.09956709956709964,0.09740259740259738,0.5724137931034483,0.6448275862068965,0.1560344827586207,0.3594827586206897,0.4543103448275862,0.646551724137931
conf,mosei,CMAD,3,av,,1,,,selected,cross_mask,5,1.0,1161,1161,100,1160,0.6255411255411255,0.09956709956709964,0.09740259740259738,0.5724137931034483,0.6448275862068965,0.1560344827586207,0.3594827586206897,0.4543103448275862,0.646551724137931
conf,mosei,CMAD,3,av,,2,,,selected,cross_mask,5,1.0,1161,1161,100,1160,0.6255411255411255,0.09956709956709964,0.09740259740259738,0.5724137931034483,0.6448275862068965,0.1560344827586207,0.3594827586206897,0.4543103448275862,0.646551724137931
conf,mosei,CMAD,3,av,,3,,,selected,cross_mask,5,1.0,1161,1161,100,1160,0.6255411255411255,0.09956709956709964,0.09740259740259738,0.5724137931034483,0.6448275862068965,0.1560344827586207,0.3594827586206897,0.4543103448275862,0.646551724137931
conf,mosei,CMAD,3,av,,4,,,selected,cross_mask,5,1.0,1161,1161,100,1160,0.6255411255411255,0.09848484848484851,0.09740259740259738,0.5724137931034483,0.6439655172413793,0.15689655172413794,0.3594827586206897,0.45517241379310347,0.646551724137931
conf,mosei,CMAD,3,av,,5,,,selected,cross_mask,5,1.0,1161,1161,100,1160,0.6255411255411255,0.09848484848484851,0.09740259740259738,0.5724137931034483,0.6439655172413793,0.15689655172413794,0.3594827586206897,0.45517241379310347,0.646551724137931
conf,mosei,CMAD,3,av,,6,,,selected,cross_mask,5,1.0,1161,1161,100,1160,0.6255411255411255,0.10064935064935066,0.09740259740259738,0.5724137931034483,0.6448275862068965,0.14913793103448275,0.3594827586206897,0.4370689655172414,0.646551724137931
conf,mosei,CMAD,3,av,,7,,,selected,cross_mask,5,1.0,1161,1161,100,1160,0.6255411255411255,0.09956709956709964,0.09740259740259738,0.5724137931034483,0.6448275862068965,0.1560344827586207,0.3594827586206897,0.4543103448275862,0.646551724137931
conf,mosei,CMAD,3,av,,0,,,selected,cross_mask,5,1.0,1161,1161,200,1160,0.6255411255411255,0.09848484848484851,0.09740259740259738,0.5724137931034483,0.6439655172413793,0.15689655172413794,0.3594827586206897,0.45517241379310347,0.646551724137931
conf,mosei,CMAD,3,av,,1,,,selected,cross_mask,5,1.0,1161,1161,200,1160,0.6255411255411255,0.09956709956709964,0.09740259740259738,0.5724137931034483,0.6448275862068965,0.1560344827586207,0.3594827586206897,0.4543103448275862,0.646551724137931
conf,mosei,CMAD,3,av,,2,,,selected,cross_mask,5,1.0,1161,1161,200,1160,0.6255411255411255,0.10064935064935066,0.09740259740259738,0.5724137931034483,0.6448275862068965,0.14913793103448275,0.3594827586206897,0.4370689655172414,0.646551724137931
conf,mosei,CMAD,3,av,,3,,,selected,cross_mask,5,1.0,1161,1161,200,1160,0.6255411255411255,0.09848484848484851,0.09740259740259738,0.5724137931034483,0.6439655172413793,0.15689655172413794,0.3594827586206897,0.45517241379310347,0.646551724137931
conf,mosei,CMAD,3,av,,4,,,selected,cross_mask,5,1.0,1161,1161,200,1160,0.6255411255411255,0.10064935064935066,0.09740259740259738,0.5724137931034483,0.6448275862068965,0.14913793103448275,0.3594827586206897,0.4370689655172414,0.646551724137931
conf,mosei,CMAD,3,av,,5,,,selected,cross_mask,5,1.0,1161,1161,200,1160,0.6255411255411255,0.09956709956709964,0.09740259740259738,0.5724137931034483,0.6448275862068965,0.1560344827586207,0.3594827586206897,0.4543103448275862,0.646551724137931
conf,mosei,CMAD,3,av,,6,,,selected,cross_mask,5,1.0,1161,1161,200,1160,0.6255411255411255,0.09848484848484851,0.09740259740259738,0.5724137931034483,0.6439655172413793,0.15689655172413794,0.3594827586206897,0.45517241379310347,0.646551724137931
conf,mosei,CMAD,3,av,,7,,,selected,cross_mask,5,1.0,1161,1161,200,1160,0.6255411255411255,0.09956709956709964,0.09740259740259738,0.5724137931034483,0.6448275862068965,0.1560344827586207,0.3594827586206897,0.4543103448275862,0.646551724137931
conf,mosei,CMAD,3,av,,0,,,selected,cross_mask,5,1.0,1161,1161,400,1160,0.6255411255411255,0.09956709956709964,0.09740259740259738,0.5724137931034483,0.6448275862068965,0.1560344827586207,0.3594827586206897,0.4543103448275862,0.646551724137931
conf,mosei,CMAD,3,av,,1,,,selected,cross_mask,5,1.0,1161,1161,400,1160,0.6255411255411255,0.09848484848484851,0.09740259740259738,0.5724137931034483,0.6439655172413793,0.15689655172413794,0.3594827586206897,0.45517241379310347,0.646551724137931
conf,mosei,CMAD,3,av,,2,,,selected,cross_mask,5,1.0,1161,1161,400,1160,0.6255411255411255,0.09848484848484851,0.09740259740259738,0.5724137931034483,0.6439655172413793,0.15689655172413794,0.3594827586206897,0.45517241379310347,0.646551724137931
conf,mosei,CMAD,3,av,,3,,,selected,cross_mask,5,1.0,1161,1161,400,1160,0.6255411255411255,0.09848484848484851,0.09740259740259738,0.5724137931034483,0.6439655172413793,0.15689655172413794,0.3594827586206897,0.45517241379310347,0.646551724137931
conf,mosei,CMAD,3,av,,4,,,selected,cross_mask,5,1.0,1161,1161,400,1160,0.6255411255411255,0.09848484848484851,0.09740259740259738,0.5724137931034483,0.6439655172413793,0.15689655172413794,0.3594827586206897,0.45517241379310347,0.646551724137931
conf,mosei,CMAD,3,av,,5,,,selected,cross_mask,5,1.0,1161,1161,400,1160,0.6255411255411255,0.09848484848484851,0.09740259740259738,0.5724137931034483,0.6439655172413793,0.15689655172413794,0.3594827586206897,0.45517241379310347,0.646551724137931
conf,mosei,CMAD,3,av,,6,,,selected,cross_mask,5,1.0,1161,1161,400,1160,0.6255411255411255,0.09956709956709964,0.09740259740259738,0.5724137931034483,0.6448275862068965,0.1560344827586207,0.3594827586206897,0.4543103448275862,0.646551724137931
conf,mosei,CMAD,3,av,,7,,,selected,cross_mask,5,1.0,1161,1161,400,1160,0.6255411255411255,0.09848484848484851,0.09740259740259738,0.5724137931034483,0.6439655172413793,0.15689655172413794,0.3594827586206897,0.45517241379310347,0.646551724137931
conf,mosei,CMAD,4,av,,0,,,selected,cross_mask,5,1.0,1161,1161,1161,1160,0.6281908990011099,0.031076581576026552,0.06770255271920089,0.5672413793103448,0.5853448275862069,0.09827586206896552,0.30775862068965515,0.3275862068965517,0.6267241379310344
conf,mosei,CMAD,4,av,,0,,,selected,cross_mask,5,1.0,1161,1161,50,1160,0.6281908990011099,0.029966703662597127,0.06770255271920089,0.5672413793103448,0.5853448275862069,0.09482758620689655,0.30775862068965515,0.3146551724137931,0.6267241379310344
conf,mosei,CMAD,4,av,,1,,,selected,cross_mask,5,1.0,1161,1161,50,1160,0.6281908990011099,0.042175360710321796,0.06770255271920089,0.5672413793103448,0.593103448275862,0.14310344827586208,0.30775862068965515,0.4370689655172414,0.6267241379310344
conf,mosei,CMAD,4,av,,2,,,selected,cross_mask,5,1.0,1161,1161,50,1160,0.6281908990011099,0.0388457269700333,0.06770255271920089,0.5672413793103448,0.5896551724137931,0.13879310344827586,0.30775862068965515,0.4206896551724138,0.6267241379310344
conf,mosei,CMAD,4,av,,3,,,selected,cross_mask,5,1.0,1161,1161,50,1160,0.6281908990011099,0.042175360710321796,0.06770255271920089,0.5672413793103448,0.593103448275862,0.14310344827586208,0.30775862068965515,0.4370689655172414,0.6267241379310344
conf,mosei,CMAD,4,av,,4,,,selected,cross_mask,5,1.0,1161,1161,50,1160,0.6281908990011099,0.04328523862375133,0.06770255271920089,0.5672413793103448,0.5948275862068966,0.14310344827586208,0.30775862068965515,0.4413793103448276,0.6267241379310344
conf,mosei,CMAD,4,av,,5,,,selected,cross_mask,5,1.0,1161,1161,50,1160,0.6281908990011099,0.042175360710321796,0.06770255271920089,0.5672413793103448,0.593103448275862,0.14310344827586208,0.30775862068965515,0.4370689655172414,0.6267241379310344
conf,mosei,CMAD,4,av,,6,,,selected,cross_mask,5,1.0,1161,1161,50,1160,0.6281908990011099,0.042175360710321796,0.06770255271920089,0.5672413793103448,0.593103448275862,0.14310344827586208,0.30775862068965515,0.4370689655172414,0.6267241379310344
conf,mosei,CMAD,4,av,,7,,,selected,cross_mask,5,1.0,1161,1161,50,1160,0.6281908990011099,0.029966703662597127,0.06770255271920089,0.5672413793103448,0.5853448275862069,0.09482758620689655,0.30775862068965515,0.3146551724137931,0.6267241379310344
conf,mosei,CMAD,4,av,,0,,,selected,cross_mask,5,1.0,1161,1161,100,1160,0.6281908990011099,0.02885682574916759,0.06770255271920089,0.5672413793103448,0.5844827586206897,0.09310344827586207,0.30775862068965515,0.30603448275862066,0.6267241379310344
conf,mosei,CMAD,4,av,,1,,,selected,cross_mask,5,1.0,1161,1161,100,1160,0.6281908990011099,0.029966703662597127,0.06770255271920089,0.5672413793103448,0.5853448275862069,0.0939655172413793,0.30775862068965515,0.3129310344827586,0.6267241379310344
conf,mosei,CMAD,4,av,,2,,,selected,cross_mask,5,1.0,1161,1161,100,1160,0.6281908990011099,0.0388457269700333,0.06770255271920089,0.5672413793103448,0.5896551724137931,0.13879310344827586,0.30775862068965515,0.4206896551724138,0.6267241379310344
conf,mosei,CMAD,4,av,,3,,,selected,cross_mask,5,1.0,1161,1161,100,1160,0.6281908990011099,0.02663706992230852,0.06770255271920089,0.5672413793103448,0.5818965517241379,0.08793103448275862,0.30775862068965515,0.28620689655172415,0.6267241379310344
conf,mosei,CMAD,4,av,,4,,,selected,cross_mask,5,1.0,1161,1161,100,1160,0.6281908990011099,0.02885682574916759,0.06770255271920089,0.5672413793103448,0.5844827586206897,0.09310344827586207,0.30775862068965515,0.30603448275862066,0.6267241379310344
conf,mosei,CMAD,4,av,,5,,,selected,cross_mask,5,1.0,1161,1161,100,1160,0.6281908990011099,0.02663706992230852,0.06770255271920089,0.5672413793103448,0.5818965517241379,0.08793103448275862,0.30775862068965515,0.28620689655172415,0.6267241379310344
conf,mosei,CMAD,4,av,,6,,,selected,cross_mask,5,1.0,1161,1161,100,1160,0.6281908990011099,0.02885682574916759,0.06770255271920089,0.5672413793103448,0.5844827586206897,0.0896551724137931,0.30775862068965515,0.2939655172413793,0.6267241379310344
conf,mosei,CMAD,4,av,,7,,,selected,cross_mask,5,1.0,1161,1161,100,1160,0.6281908990011099,0.02885682574916759,0.06770255271920089,0.5672413793103448,0.5844827586206897,0.09310344827586207,0.30775862068965515,0.30603448275862066,0.6267241379310344
conf,mosei,CMAD,4,av,,0,,,selected,cross_mask,5,1.0,1161,1161,200,1160,0.6281908990011099,0.029966703662597127,0.06770255271920089,0.5672413793103448,0.5853448275862069,0.09482758620689655,0.30775862068965515,0.3146551724137931,0.6267241379310344
conf,mosei,CMAD,4,av,,1,,,selected,cross_mask,5,1.0,1161,1161,200,1160,0.6281908990011099,0.02885682574916759,0.06770255271920089,0.5672413793103448,0.5844827586206897,0.09568965517241379,0.30775862068965515,0.31551724137931036,0.6267241379310344
conf,mosei,CMAD,4,av,,2,,,selected,cross_mask,5,1.0,1161,1161,200,1160,0.6281908990011099,0.02885682574916759,0.06770255271920089,0.5672413793103448,0.5844827586206897,0.09310344827586207,0.30775862068965515,0.30603448275862066,0.6267241379310344
conf,mosei,CMAD,4,av,,3,,,selected,cross_mask,5,1.0,1161,1161,200,1160,0.6281908990011099,0.02885682574916759,0.06770255271920089,0.5672413793103448,0.5844827586206897,0.09568965517241379,0.30775862068965515,0.31551724137931036,0.6267241379310344
conf,mosei,CMAD,4,av,,4,,,selected,cross_mask,5,1.0,1161,1161,200,1160,0.6281908990011099,0.029966703662597127,0.06770255271920089,0.5672413793103448,0.5853448275862069,0.09482758620689655,0.30775862068965515,0.3146551724137931,0.6267241379310344
conf,mosei,CMAD,4,av,,5,,,selected,cross_mask,5,1.0,1161,1161,200,1160,0.6281908990011099,0.02663706992230852,0.06770255271920089,0.5672413793103448,0.5818965517241379,0.08793103448275862,0.30775862068965515,0.28620689655172415,0.6267241379310344
conf,mosei,CMAD,4,av,,6,,,selected,cross_mask,5,1.0,1161,1161,200,1160,0.6281908990011099,0.029966703662597127,0.06770255271920089,0.5672413793103448,0.5853448275862069,0.09482758620689655,0.30775862068965515,0.3146551724137931,0.6267241379310344
conf,mosei,CMAD,4,av,,7,,,selected,cross_mask,5,1.0,1161,1161,200,1160,0.6281908990011099,0.042175360710321796,0.06770255271920089,0.5672413793103448,0.593103448275862,0.14310344827586208,0.30775862068965515,0.4370689655172414,0.6267241379310344
conf,mosei,CMAD,4,av,,0,,,selected,cross_mask,5,1.0,1161,1161,400,1160,0.6281908990011099,0.0388457269700333,0.06770255271920089,0.5672413793103448,0.5896551724137931,0.13879310344827586,0.30775862068965515,0.4206896551724138,0.6267241379310344
conf,mosei,CMAD,4,av,,1,,,selected,cross_mask,5,1.0,1161,1161,400,1160,0.6281908990011099,0.0388457269700333,0.06770255271920089,0.5672413793103448,0.5896551724137931,0.13879310344827586,0.30775862068965515,0.4206896551724138,0.6267241379310344
conf,mosei,CMAD,4,av,,2,,,selected,cross_mask,5,1.0,1161,1161,400,1160,0.6281908990011099,0.031076581576026552,0.06770255271920089,0.5672413793103448,0.5853448275862069,0.09827586206896552,0.30775862068965515,0.3275862068965517,0.6267241379310344
conf,mosei,CMAD,4,av,,3,,,selected,cross_mask,5,1.0,1161,1161,400,1160,0.6281908990011099,0.0388457269700333,0.06770255271920089,0.5672413793103448,0.5896551724137931,0.13879310344827586,0.30775862068965515,0.4206896551724138,0.6267241379310344
conf,mosei,CMAD,4,av,,4,,,selected,cross_mask,5,1.0,1161,1161,400,1160,0.6281908990011099,0.02885682574916759,0.06770255271920089,0.5672413793103448,0.5844827586206897,0.09310344827586207,0.30775862068965515,0.30603448275862066,0.6267241379310344
conf,mosei,CMAD,4,av,,5,,,selected,cross_mask,5,1.0,1161,1161,400,1160,0.6281908990011099,0.0388457269700333,0.06770255271920089,0.5672413793103448,0.5896551724137931,0.13879310344827586,0.30775862068965515,0.4206896551724138,0.6267241379310344
conf,mosei,CMAD,4,av,,6,,,selected,cross_mask,5,1.0,1161,1161,400,1160,0.6281908990011099,0.02885682574916759,0.06770255271920089,0.5672413793103448,0.5844827586206897,0.09568965517241379,0.30775862068965515,0.31551724137931036,0.6267241379310344
conf,mosei,CMAD,4,av,,7,,,selected,cross_mask,5,1.0,1161,1161,400,1160,0.6281908990011099,0.02885682574916759,0.06770255271920089,0.5672413793103448,0.5844827586206897,0.09310344827586207,0.30775862068965515,0.30603448275862066,0.6267241379310344
conf,mosei,TMDC,0,a,,0,,,selected,cross_mask,20,0.30000000000000004,1165,1165,1165,1164,0.7452934662236987,0.0033222591362126463,0.005537098560354448,0.6469072164948454,0.6494845360824743,0.037800687285223365,0.218213058419244,0.14261168384879724,0.6116838487972509
conf,mosei,TMDC,0,a,,0,,,selected,cross_mask,20,0.30000000000000004,1165,1165,50,1164,0.7452934662236987,0.0033222591362126463,0.005537098560354448,0.6469072164948454,0.6494845360824743,0.037800687285223365,0.218213058419244,0.14261168384879724,0.6116838487972509
conf,mosei,TMDC,0,a,,1,,,selected,cross_mask,20,0.30000000000000004,1165,1165,50,1164,0.7452934662236987,0.0033222591362126463,0.005537098560354448,0.6469072164948454,0.6494845360824743,0.037800687285223365,0.218213058419244,0.14261168384879724,0.6116838487972509
conf,mosei,TMDC,0,a,,2,,,selected,cross_mask,20,0.30000000000000004,1165,1165,50,1164,0.7452934662236987,0.0033222591362126463,0.005537098560354448,0.6469072164948454,0.6494845360824743,0.037800687285223365,0.218213058419244,0.14261168384879724,0.6116838487972509
conf,mosei,TMDC,0,a,,3,,,selected,cross_mask,20,0.30000000000000004,1165,1165,50,1164,0.7452934662236987,0.0033222591362126463,0.005537098560354448,0.6469072164948454,0.6494845360824743,0.037800687285223365,0.218213058419244,0.14261168384879724,0.6116838487972509
conf,mosei,TMDC,0,a,,4,,,selected,cross_mask,20,0.30000000000000004,1165,1165,50,1164,0.7452934662236987,0.0033222591362126463,0.005537098560354448,0.6469072164948454,0.6494845360824743,0.037800687285223365,0.218213058419244,0.14261168384879724,0.6116838487972509
conf,mosei,TMDC,0,a,,5,,,selected,cross_mask,20,0.30000000000000004,1165,1165,50,1164,0.7452934662236987,0.0033222591362126463,0.005537098560354448,0.6469072164948454,0.6494845360824743,0.037800687285223365,0.218213058419244,0.14261168384879724,0.6116838487972509
conf,mosei,TMDC,0,a,,6,,,selected,cross_mask,20,0.30000000000000004,1165,1165,50,1164,0.7452934662236987,0.0033222591362126463,0.005537098560354448,0.6469072164948454,0.6494845360824743,0.037800687285223365,0.218213058419244,0.14261168384879724,0.6116838487972509
conf,mosei,TMDC,0,a,,7,,,selected,cross_mask,20,0.30000000000000004,1165,1165,50,1164,0.7452934662236987,0.0033222591362126463,0.005537098560354448,0.6469072164948454,0.6494845360824743,0.037800687285223365,0.218213058419244,0.14261168384879724,0.6116838487972509
conf,mosei,TMDC,0,a,,0,,,selected,cross_mask,20,0.30000000000000004,1165,1165,100,1164,0.7452934662236987,0.0033222591362126463,0.005537098560354448,0.6469072164948454,0.6494845360824743,0.037800687285223365,0.218213058419244,0.14261168384879724,0.6116838487972509
conf,mosei,TMDC,0,a,,1,,,selected,cross_mask,20,0.30000000000000004,1165,1165,100,1164,0.7452934662236987,0.0033222591362126463,0.005537098560354448,0.6469072164948454,0.6494845360824743,0.037800687285223365,0.218213058419244,0.14261168384879724,0.6116838487972509
conf,mosei,TMDC,0,a,,2,,,selected,cross_mask,20,0.30000000000000004,1165,1165,100,1164,0.7452934662236987,0.0033222591362126463,0.005537098560354448,0.6469072164948454,0.6494845360824743,0.037800687285223365,0.218213058419244,0.14261168384879724,0.6116838487972509
conf,mosei,TMDC,0,a,,3,,,selected,cross_mask,20,0.30000000000000004,1165,1165,100,1164,0.7452934662236987,0.0033222591362126463,0.005537098560354448,0.6469072164948454,0.6494845360824743,0.037800687285223365,0.218213058419244,0.14261168384879724,0.6116838487972509
conf,mosei,TMDC,0,a,,4,,,selected,cross_mask,20,0.30000000000000004,1165,1165,100,1164,0.7452934662236987,0.0033222591362126463,0.005537098560354448,0.6469072164948454,0.6494845360824743,0.037800687285223365,0.218213058419244,0.14261168384879724,0.6116838487972509
conf,mosei,TMDC,0,a,,5,,,selected,cross_mask,20,0.30000000000000004,1165,1165,100,1164,0.7452934662236987,0.0033222591362126463,0.005537098560354448,0.6469072164948454,0.6494845360824743,0.037800687285223365,0.218213058419244,0.14261168384879724,0.6116838487972509
conf,mosei,TMDC,0,a,,6,,,selected,cross_mask,20,0.30000000000000004,1165,1165,100,1164,0.7452934662236987,0.0033222591362126463,0.005537098560354448,0.6469072164948454,0.6494845360824743,0.037800687285223365,0.218213058419244,0.14261168384879724,0.6116838487972509
conf,mosei,TMDC,0,a,,7,,,selected,cross_mask,20,0.30000000000000004,1165,1165,100,1164,0.7452934662236987,0.0033222591362126463,0.005537098560354448,0.6469072164948454,0.6494845360824743,0.037800687285223365,0.218213058419244,0.14261168384879724,0.6116838487972509
conf,mosei,TMDC,0,a,,0,,,selected,cross_mask,20,0.30000000000000004,1165,1165,200,1164,0.7452934662236987,0.0033222591362126463,0.005537098560354448,0.6469072164948454,0.6494845360824743,0.037800687285223365,0.218213058419244,0.14261168384879724,0.6116838487972509
conf,mosei,TMDC,0,a,,1,,,selected,cross_mask,20,0.30000000000000004,1165,1165,200,1164,0.7452934662236987,0.0033222591362126463,0.005537098560354448,0.6469072164948454,0.6494845360824743,0.037800687285223365,0.218213058419244,0.14261168384879724,0.6116838487972509
conf,mosei,TMDC,0,a,,2,,,selected,cross_mask,20,0.30000000000000004,1165,1165,200,1164,0.7452934662236987,0.0033222591362126463,0.005537098560354448,0.6469072164948454,0.6494845360824743,0.037800687285223365,0.218213058419244,0.14261168384879724,0.6116838487972509
conf,mosei,TMDC,0,a,,3,,,selected,cross_mask,20,0.30000000000000004,1165,1165,200,1164,0.7452934662236987,0.0033222591362126463,0.005537098560354448,0.6469072164948454,0.6494845360824743,0.037800687285223365,0.218213058419244,0.14261168384879724,0.6116838487972509
conf,mosei,TMDC,0,a,,4,,,selected,cross_mask,20,0.30000000000000004,1165,1165,200,1164,0.7452934662236987,0.0033222591362126463,0.005537098560354448,0.6469072164948454,0.6494845360824743,0.037800687285223365,0.218213058419244,0.14261168384879724,0.6116838487972509
conf,mosei,TMDC,0,a,,5,,,selected,cross_mask,20,0.30000000000000004,1165,1165,200,1164,0.7452934662236987,0.0033222591362126463,0.005537098560354448,0.6469072164948454,0.6494845360824743,0.037800687285223365,0.218213058419244,0.14261168384879724,0.6116838487972509
conf,mosei,TMDC,0,a,,6,,,selected,cross_mask,20,0.30000000000000004,1165,1165,200,1164,0.7452934662236987,0.0033222591362126463,0.005537098560354448,0.6469072164948454,0.6494845360824743,0.037800687285223365,0.218213058419244,0.14261168384879724,0.6116838487972509
conf,mosei,TMDC,0,a,,7,,,selected,cross_mask,20,0.30000000000000004,1165,1165,200,1164,0.7452934662236987,0.0033222591362126463,0.005537098560354448,0.6469072164948454,0.6494845360824743,0.037800687285223365,0.218213058419244,0.14261168384879724,0.6116838487972509
conf,mosei,TMDC,0,a,,0,,,selected,cross_mask,20,0.30000000000000004,1165,1165,400,1164,0.7452934662236987,0.0033222591362126463,0.005537098560354448,0.6469072164948454,0.6494845360824743,0.037800687285223365,0.218213058419244,0.14261168384879724,0.6116838487972509
conf,mosei,TMDC,0,a,,1,,,selected,cross_mask,20,0.30000000000000004,1165,1165,400,1164,0.7452934662236987,0.0033222591362126463,0.005537098560354448,0.6469072164948454,0.6494845360824743,0.037800687285223365,0.218213058419244,0.14261168384879724,0.6116838487972509
conf,mosei,TMDC,0,a,,2,,,selected,cross_mask,20,0.30000000000000004,1165,1165,400,1164,0.7452934662236987,0.0033222591362126463,0.005537098560354448,0.6469072164948454,0.6494845360824743,0.037800687285223365,0.218213058419244,0.14261168384879724,0.6116838487972509
conf,mosei,TMDC,0,a,,3,,,selected,cross_mask,20,0.30000000000000004,1165,1165,400,1164,0.7452934662236987,0.0033222591362126463,0.005537098560354448,0.6469072164948454,0.6494845360824743,0.037800687285223365,0.218213058419244,0.14261168384879724,0.6116838487972509
conf,mosei,TMDC,0,a,,4,,,selected,cross_mask,20,0.30000000000000004,1165,1165,400,1164,0.7452934662236987,0.0033222591362126463,0.005537098560354448,0.6469072164948454,0.6494845360824743,0.037800687285223365,0.218213058419244,0.14261168384879724,0.6116838487972509
conf,mosei,TMDC,0,a,,5,,,selected,cross_mask,20,0.30000000000000004,1165,1165,400,1164,0.7452934662236987,0.0033222591362126463,0.005537098560354448,0.6469072164948454,0.6494845360824743,0.037800687285223365,0.218213058419244,0.14261168384879724,0.6116838487972509
conf,mosei,TMDC,0,a,,6,,,selected,cross_mask,20,0.30000000000000004,1165,1165,400,1164,0.7452934662236987,0.0033222591362126463,0.005537098560354448,0.6469072164948454,0.6494845360824743,0.037800687285223365,0.218213058419244,0.14261168384879724,0.6116838487972509
conf,mosei,TMDC,0,a,,7,,,selected,cross_mask,20,0.30000000000000004,1165,1165,400,1164,0.7452934662236987,0.0033222591362126463,0.005537098560354448,0.6469072164948454,0.6494845360824743,0.037800687285223365,0.218213058419244,0.14261168384879724,0.6116838487972509
conf,mosei,TMDC,1,a,,0,,,selected,cross_mask,3,0.4,1165,1165,1165,1164,0.7022900763358778,0.0010905125408943173,0.02399127589967287,0.6211340206185567,0.6211340206185567,0.08161512027491409,0.32646048109965636,0.27319587628865977,0.615979381443299
conf,mosei,TMDC,1,a,,0,,,selected,cross_mask,3,0.4,1165,1165,50,1164,0.7022900763358778,0.01526717557251911,0.02399127589967287,0.6211340206185567,0.634020618556701,0.1211340206185567,0.32646048109965636,0.37371134020618557,0.615979381443299
conf,mosei,TMDC,1,a,,1,,,selected,cross_mask,3,0.4,1165,1165,50,1164,0.7022900763358778,0.0010905125408943173,0.02399127589967287,0.6211340206185567,0.6211340206185567,0.08762886597938144,0.32646048109965636,0.2852233676975945,0.615979381443299
conf,mosei,TMDC,1,a,,2,,,selected,cross_mask,3,0.4,1165,1165,50,1164,0.7022900763358778,-0.0010905125408942062,0.02399127589967287,0.6211340206185567,0.6194158075601375,0.07388316151202749,0.32646048109965636,0.25,0.615979381443299
conf,mosei,TMDC,1,a,,3,,,selected,cross_mask,3,0.4,1165,1165,50,1164,0.7022900763358778,0.0010905125408943173,0.02399127589967287,0.6211340206185567,0.6211340206185567,0.08161512027491409,0.32646048109965636,0.27319587628865977,0.615979381443299
conf,mosei,TMDC,1,a,,4,,,selected,cross_mask,3,0.4,1165,1165,50,1164,0.7022900763358778,0.01526717557251911,0.02399127589967287,0.6211340206185567,0.634020618556701,0.1211340206185567,0.32646048109965636,0.37371134020618557,0.615979381443299
conf,mosei,TMDC,1,a,,5,,,selected,cross_mask,3,0.4,1165,1165,50,1164,0.7022900763358778,0.0010905125408943173,0.02399127589967287,0.6211340206185567,0.6211340206185567,0.08505154639175258,0.32646048109965636,0.2800687285223368,0.615979381443299
conf,mosei,TMDC,1,a,,6,,,selected,cross_mask,3,0.4,1165,1165,50,1164,0.7022900763358778,0.0,0.02399127589967287,0.6211340206185567,0.6202749140893471,0.07388316151202749,0.32646048109965636,0.25687285223367695,0.615979381443299
conf,mosei,TMDC,1,a,,7,,,selected,cross_mask,3,0.4,1165,1165,50,1164,0.7022900763358778,0.0,0.02399127589967287,0.6211340206185567,0.6202749140893471,0.07388316151202749,0.32646048109965636,0.25687285223367695,0.615979381443299
conf,mosei,TMDC,1,a,,0,,,selected,cross_mask,3,0.4,1165,1165,100,1164,0.7022900763358778,0.0010905125408943173,0.02399127589967287,0.6211340206185567,0.6211340206185567,0.08161512027491409,0.32646048109965636,0.27319587628865977,0.615979381443299
conf,mosei,TMDC,1,a,,1,,,selected,cross_mask,3,0.4,1165,1165,100,1164,0.7022900763358778,0.0010905125408943173,0.02399127589967287,0.6211340206185567,0.6211340206185567,0.08161512027491409,0.32646048109965636,0.27319587628865977,0.615979381443299
conf,mosei,TMDC,1,a,,2,,,selected,cross_mask,3,0.4,1165,1165,100,1164,0.7022900763358778,0.0010905125408943173,0.02399127589967287,0.6211340206185567,0.6211340206185567,0.08505154639175258,0.32646048109965636,0.2800687285223368,0.615979381443299
conf,mosei,TMDC,1,a,,3,,,selected,cross_mask,3,0.4,1165,1165,100,1164,0.7022900763358778,-0.0010905125408942062,0.02399127589967287,0.6211340206185567,0.6194158075601375,0.07388316151202749,0.32646048109965636,0.25,0.615979381443299
conf,mosei,TMDC,1,a,,4,,,selected,cross_mask,3,0.4,1165,1165,100,1164,0.7022900763358778,0.0010905125408943173,0.02399127589967287,0.6211340206185567,0.6211340206185567,0.08161512027491409,0.32646048109965636,0.27319587628865977,0.615979381443299
conf,mosei,TMDC,1,a,,5,,,selected,cross_mask,3,0.4,1165,1165,100,1164,0.7022900763358778,0.0010905125408943173,0.02399127589967287,0.6211340206185567,0.6211340206185567,0.08161512027491409,0.32646048109965636,0.27319587628865977,0.615979381443299
conf,mosei,TMDC,1,a,,6,,,selected,cross_mask,3,0.4,1165,1165,100,1164,0.7022900763358778,0.0,0.02399127589967287,0.6211340206185567,0.6202749140893471,0.07388316151202749,0.32646048109965636,0.25687285223367695,0.615979381443299
conf,mosei,TMDC,1,a,,7,,,selected,cross_mask,3,0.4,1165,1165,100,1164,0.7022900763358778,0.0010905125408943173,0.02399127589967287,0.6211340206185567,0.6211340206185567,0.08161512027491409,0.32646048109965636,0.27319587628865977,0.615979381443299
conf,mosei,TMDC,1,a,,0,,,selected,cross_mask,3,0.4,1165,1165,200,1164,0.7022900763358778,0.01526717557251911,0.02399127589967287,0.6211340206185567,0.634020618556701,0.1211340206185567,0.32646048109965636,0.37371134020618557,0.615979381443299
conf,mosei,TMDC,1,a,,1,,,selected,cross_mask,3,0.4,1165,1165,200,1164,0.7022900763358778,0.0010905125408943173,0.02399127589967287,0.6211340206185567,0.6211340206185567,0.08161512027491409,0.32646048109965636,0.27319587628865977,0.615979381443299
conf,mosei,TMDC,1,a,,2,,,selected,cross_mask,3,0.4,1165,1165,200,1164,0.7022900763358778,0.0010905125408943173,0.02399127589967287,0.6211340206185567,0.6211340206185567,0.08505154639175258,0.32646048109965636,0.2800687285223368,0.615979381443299
conf,mosei,TMDC,1,a,,3,,,selected,cross_mask,3,0.4,1165,1165,200,1164,0.7022900763358778,0.0010905125408943173,0.02399127589967287,0.6211340206185567,0.6211340206185567,0.08161512027491409,0.32646048109965636,0.27319587628865977,0.615979381443299
conf,mosei,TMDC,1,a,,4,,,selected,cross_mask,3,0.4,1165,1165,200,1164,0.7022900763358778,0.0,0.02399127589967287,0.6211340206185567,0.6202749140893471,0.07388316151202749,0.32646048109965636,0.25687285223367695,0.615979381443299
conf,mosei,TMDC,1,a,,5,,,selected,cross_mask,3,0.4,1165,1165,200,1164,0.7022900763358778,0.0010905125408943173,0.02399127589967287,0.6211340206185567,0.6211340206185567,0.08161512027491409,0.32646048109965636,0.27319587628865977,0.615979381443299
conf,mosei,TMDC,1,a,,6,,,selected,cross_mask,3,0.4,1165,1165,200,1164,0.7022900763358778,0.0,0.02399127589967287,0.6211340206185567,0.6202749140893471,0.07388316151202749,0.32646048109965636,0.25687285223367695,0.615979381443299
conf,mosei,TMDC,1,a,,7,,,selected,cross_mask,3,0.4,1165,1165,200,1164,0.7022900763358778,0.0010905125408943173,0.02399127589967287,0.6211340206185567,0.6211340206185567,0.08505154639175258,0.32646048109965636,0.2800687285223368,0.615979381443299
conf,mosei,TMDC,1,a,,0,,,selected,cross_mask,3,0.4,1165,1165,400,1164,0.7022900763358778,0.0010905125408943173,0.02399127589967287,0.6211340206185567,0.6211340206185567,0.08161512027491409,0.32646048109965636,0.27319587628865977,0.615979381443299
conf,mosei,TMDC,1,a,,1,,,selected,cross_mask,3,0.4,1165,1165,400,1164,0.7022900763358778,0.0010905125408943173,0.02399127589967287,0.6211340206185567,0.6211340206185567,0.08161512027491409,0.32646048109965636,0.27319587628865977,0.615979381443299
conf,mosei,TMDC,1,a,,2,,,selected,cross_mask,3,0.4,1165,1165,400,1164,0.7022900763358778,0.0010905125408943173,0.02399127589967287,0.6211340206185567,0.6211340206185567,0.08505154639175258,0.32646048109965636,0.2800687285223368,0.615979381443299
conf,mosei,TMDC,1,a,,3,,,selected,cross_mask,3,0.4,1165,1165,400,1164,0.7022900763358778,0.0010905125408943173,0.02399127589967287,0.6211340206185567,0.6211340206185567,0.08161512027491409,0.32646048109965636,0.27319587628865977,0.615979381443299
conf,mosei,TMDC,1,a,,4,,,selected,cross_mask,3,0.4,1165,1165,400,1164,0.7022900763358778,0.0010905125408943173,0.02399127589967287,0.6211340206185567,0.6211340206185567,0.08161512027491409,0.32646048109965636,0.27319587628865977,0.615979381443299
conf,mosei,TMDC,1,a,,5,,,selected,cross_mask,3,0.4,1165,1165,400,1164,0.7022900763358778,0.0010905125408943173,0.02399127589967287,0.6211340206185567,0.6211340206185567,0.08505154639175258,0.32646048109965636,0.2800687285223368,0.615979381443299
conf,mosei,TMDC,1,a,,6,,,selected,cross_mask,3,0.4,1165,1165,400,1164,0.7022900763358778,0.0,0.02399127589967287,0.6211340206185567,0.6202749140893471,0.07388316151202749,0.32646048109965636,0.25687285223367695,0.615979381443299
conf,mosei,TMDC,1,a,,7,,,selected,cross_mask,3,0.4,1165,1165,400,1164,0.7022900763358778,0.0010905125408943173,0.02399127589967287,0.6211340206185567,0.6211340206185567,0.08161512027491409,0.32646048109965636,0.27319587628865977,0.615979381443299
conf,mosei,TMDC,2,a,,0,,,selected,cross_mask,3,0.45,1165,1165,1165,1164,0.7787709497206704,0.012290502793296132,-0.004469273743016755,0.6743986254295533,0.6881443298969072,0.0781786941580756,0.3470790378006873,0.33075601374570446,0.634020618556701
conf,mosei,TMDC,2,a,,0,,,selected,cross_mask,3,0.45,1165,1165,50,1164,0.7787709497206704,0.012290502793296132,-0.004469273743016755,0.6743986254295533,0.6881443298969072,0.0781786941580756,0.3470790378006873,0.33075601374570446,0.634020618556701
conf,mosei,TMDC,2,a,,1,,,selected,cross_mask,3,0.45,1165,1165,50,1164,0.7787709497206704,0.012290502793296132,-0.004469273743016755,0.6743986254295533,0.6881443298969072,0.0781786941580756,0.3470790378006873,0.33075601374570446,0.634020618556701
conf,mosei,TMDC,2,a,,2,,,selected,cross_mask,3,0.45,1165,1165,50,1164,0.7787709497206704,0.012290502793296132,-0.004469273743016755,0.6743986254295533,0.6881443298969072,0.0781786941580756,0.3470790378006873,0.33075601374570446,0.634020618556701
conf,mosei,TMDC,2,a,,3,,,selected,cross_mask,3,0.45,1165,1165,50,1164,0.7787709497206704,0.012290502793296132,-0.004469273743016755,0.6743986254295533,0.6881443298969072,0.0781786941580756,0.3470790378006873,0.3316151202749141,0.634020618556701
conf,mosei,TMDC,2,a,,4,,,selected,cross_mask,3,0.45,1165,1165,50,1164,0.7787709497206704,0.00893854748603351,-0.004469273743016755,0.6743986254295533,0.6847079037800687,0.07646048109965636,0.3470790378006873,0.3230240549828179,0.634020618556701
conf,mosei,TMDC,2,a,,5,,,selected,cross_mask,3,0.45,1165,1165,50,1164,0.7787709497206704,0.012290502793296132,-0.004469273743016755,0.6743986254295533,0.6881443298969072,0.0781786941580756,0.3470790378006873,0.33075601374570446,0.634020618556701
conf,mosei,TMDC,2,a,,6,,,selected,cross_mask,3,0.45,1165,1165,50,1164,0.7787709497206704,0.004469273743016755,-0.004469273743016755,0.6743986254295533,0.679553264604811,0.044673539518900345,0.3470790378006873,0.21649484536082475,0.634020618556701
conf,mosei,TMDC,2,a,,7,,,selected,cross_mask,3,0.45,1165,1165,50,1164,0.7787709497206704,0.012290502793296132,-0.004469273743016755,0.6743986254295533,0.6881443298969072,0.0781786941580756,0.3470790378006873,0.3316151202749141,0.634020618556701
conf,mosei,TMDC,2,a,,0,,,selected,cross_mask,3,0.45,1165,1165,100,1164,0.7787709497206704,0.012290502793296132,-0.004469273743016755,0.6743986254295533,0.6881443298969072,0.0781786941580756,0.3470790378006873,0.3316151202749141,0.634020618556701
conf,mosei,TMDC,2,a,,1,,,selected,cross_mask,3,0.45,1165,1165,100,1164,0.7787709497206704,0.011173184357541888,-0.004469273743016755,0.6743986254295533,0.6872852233676976,0.07903780068728522,0.3470790378006873,0.3333333333333333,0.634020618556701
conf,mosei,TMDC,2,a,,2,,,selected,cross_mask,3,0.45,1165,1165,100,1164,0.7787709497206704,0.012290502793296132,-0.004469273743016755,0.6743986254295533,0.6881443298969072,0.0781786941580756,0.3470790378006873,0.3316151202749141,0.634020618556701
conf,mosei,TMDC,2,a,,3,,,selected,cross_mask,3,0.45,1165,1165,100,1164,0.7787709497206704,0.012290502793296132,-0.004469273743016755,0.6743986254295533,0.6881443298969072,0.0781786941580756,0.3470790378006873,0.3316151202749141,0.634020618556701
conf,mosei,TMDC,2,a,,4,,,selected,cross_mask,3,0.45,1165,1165,100,1164,0.7787709497206704,0.012290502793296132,-0.004469273743016755,0.6743986254295533,0.6881443298969072,0.0781786941580756,0.3470790378006873,0.3316151202749141,0.634020618556701
conf,mosei,TMDC,2,a,,5,,,selected,cross_mask,3,0.45,1165,1165,100,1164,0.7787709497206704,0.012290502793296132,-0.004469273743016755,0.6743986254295533,0.6881443298969072,0.0781786941580756,0.3470790378006873,0.3316151202749141,0.634020618556701
conf,mosei,TMDC,2,a,,6,,,selected,cross_mask,3,0.45,1165,1165,100,1164,0.7787709497206704,0.012290502793296132,-0.004469273743016755,0.6743986254295533,0.6881443298969072,0.0781786941580756,0.3470790378006873,0.33075601374570446,0.634020618556701
conf,mosei,TMDC,2,a,,7,,,selected,cross_mask,3,0.45,1165,1165,100,1164,0.7787709497206704,0.012290502793296132,-0.004469273743016755,0.6743986254295533,0.6881443298969072,0.0781786941580756,0.3470790378006873,0.33075601374570446,0.634020618556701
conf,mosei,TMDC,2,a,,0,,,selected,cross_mask,3,0.45,1165,1165,200,1164,0.7787709497206704,0.00893854748603351,-0.004469273743016755,0.6743986254295533,0.6847079037800687,0.07646048109965636,0.3470790378006873,0.3230240549828179,0.634020618556701
conf,mosei,TMDC,2,a,,1,,,selected,cross_mask,3,0.45,1165,1165,200,1164,0.7787709497206704,0.012290502793296132,-0.004469273743016755,0.6743986254295533,0.6881443298969072,0.0781786941580756,0.3470790378006873,0.33075601374570446,0.634020618556701
conf,mosei,TMDC,2,a,,2,,,selected,cross_mask,3,0.45,1165,1165,200,1164,0.7787709497206704,0.012290502793296132,-0.004469273743016755,0.6743986254295533,0.6881443298969072,0.0781786941580756,0.3470790378006873,0.3316151202749141,0.634020618556701
conf,mosei,TMDC,2,a,,3,,,selected,cross_mask,3,0.45,1165,1165,200,1164,0.7787709497206704,0.012290502793296132,-0.004469273743016755,0.6743986254295533,0.6881443298969072,0.0781786941580756,0.3470790378006873,0.33075601374570446,0.634020618556701
conf,mosei,TMDC,2,a,,4,,,selected,cross_mask,3,0.45,1165,1165,200,1164,0.7787709497206704,0.012290502793296132,-0.004469273743016755,0.6743986254295533,0.6881443298969072,0.0781786941580756,0.3470790378006873,0.33075601374570446,0.634020618556701
conf,mosei,TMDC,2,a,,5,,,selected,cross_mask,3,0.45,1165,1165,200,1164,0.7787709497206704,0.012290502793296132,-0.004469273743016755,0.6743986254295533,0.6881443298969072,0.0781786941580756,0.3470790378006873,0.33075601374570446,0.634020618556701
conf,mosei,TMDC,2,a,,6,,,selected,cross_mask,3,0.45,1165,1165,200,1164,0.7787709497206704,0.012290502793296132,-0.004469273743016755,0.6743986254295533,0.6881443298969072,0.0781786941580756,0.3470790378006873,0.3316151202749141,0.634020618556701
conf,mosei,TMDC,2,a,,7,,,selected,cross_mask,3,0.45,1165,1165,200,1164,0.7787709497206704,0.012290502793296132,-0.004469273743016755,0.6743986254295533,0.6881443298969072,0.0781786941580756,0.3470790378006873,0.3316151202749141,0.634020618556701
conf,mosei,TMDC,2,a,,0,,,selected,cross_mask,3,0.45,1165,1165,400,1164,0.7787709497206704,0.00893854748603351,-0.004469273743016755,0.6743986254295533,0.6847079037800687,0.07646048109965636,0.3470790378006873,0.3230240549828179,0.634020618556701
conf,mosei,TMDC,2,a,,1,,,selected,cross_mask,3,0.45,1165,1165,400,1164,0.7787709497206704,0.012290502793296132,-0.004469273743016755,0.6743986254295533,0.6881443298969072,0.0781786941580756,0.3470790378006873,0.33075601374570446,0.634020618556701
conf,mosei,TMDC,2,a,,2,,,selected,cross_mask,3,0.45,1165,1165,400,1164,0.7787709497206704,0.012290502793296132,-0.004469273743016755,0.6743986254295533,0.6881443298969072,0.0781786941580756,0.3470790378006873,0.3316151202749141,0.634020618556701
conf,mosei,TMDC,2,a,,3,,,selected,cross_mask,3,0.45,1165,1165,400,1164,0.7787709497206704,0.011173184357541888,-0.004469273743016755,0.6743986254295533,0.686426116838488,0.07646048109965636,0.3470790378006873,0.32560137457044674,0.634020618556701
conf,mosei,TMDC,2,a,,4,,,selected,cross_mask,3,0.45,1165,1165,400,1164,0.7787709497206704,0.012290502793296132,-0.004469273743016755,0.6743986254295533,0.6881443298969072,0.0781786941580756,0.3470790378006873,0.33075601374570446,0.634020618556701
conf,mosei,TMDC,2,a,,5,,,selected,cross_mask,3,0.45,1165,1165,400,1164,0.7787709497206704,0.011173184357541888,-0.004469273743016755,0.6743986254295533,0.686426116838488,0.07646048109965636,0.3470790378006873,0.32560137457044674,0.634020618556701
conf,mosei,TMDC,2,a,,6,,,selected,cross_mask,3,0.45,1165,1165,400,1164,0.7787709497206704,0.012290502793296132,-0.004469273743016755,0.6743986254295533,0.6881443298969072,0.0781786941580756,0.3470790378006873,0.33075601374570446,0.634020618556701
conf,mosei,TMDC,2,a,,7,,,selected,cross_mask,3,0.45,1165,1165,400,1164,0.7787709497206704,0.012290502793296132,-0.004469273743016755,0.6743986254295533,0.6881443298969072,0.0781786941580756,0.3470790378006873,0.3316151202749141,0.634020618556701
conf,mosei,TMDC,3,a,,0,,,selected,cross_mask,8,0.275,1165,1165,1165,1164,0.7185761957730812,0.008898776418242549,0.012235817575083408,0.6280068728522337,0.634020618556701,0.013745704467353952,0.4587628865979381,0.0506872852233677,0.5996563573883161
conf,mosei,TMDC,3,a,,0,,,selected,cross_mask,8,0.275,1165,1165,50,1164,0.7185761957730812,0.008898776418242549,0.012235817575083408,0.6280068728522337,0.634020618556701,0.013745704467353952,0.4587628865979381,0.0506872852233677,0.5996563573883161
conf,mosei,TMDC,3,a,,1,,,selected,cross_mask,8,0.275,1165,1165,50,1164,0.7185761957730812,0.008898776418242549,0.012235817575083408,0.6280068728522337,0.634020618556701,0.013745704467353952,0.4587628865979381,0.0506872852233677,0.5996563573883161
conf,mosei,TMDC,3,a,,2,,,selected,cross_mask,8,0.275,1165,1165,50,1164,0.7185761957730812,0.008898776418242549,0.012235817575083408,0.6280068728522337,0.634020618556701,0.013745704467353952,0.4587628865979381,0.0506872852233677,0.5996563573883161
conf,mosei,TMDC,3,a,,3,,,selected,cross_mask,8,0.275,1165,1165,50,1164,0.7185761957730812,0.008898776418242549,0.012235817575083408,0.6280068728522337,0.634020618556701,0.013745704467353952,0.4587628865979381,0.0506872852233677,0.5996563573883161
conf,mosei,TMDC,3,a,,4,,,selected,cross_mask,8,0.275,1165,1165,50,1164,0.7185761957730812,0.008898776418242549,0.012235817575083408,0.6280068728522337,0.634020618556701,0.013745704467353952,0.4587628865979381,0.0506872852233677,0.5996563573883161
conf,mosei,TMDC,3,a,,5,,,selected,cross_mask,8,0.275,1165,1165,50,1164,0.7185761957730812,0.008898776418242549,0.012235817575083408,0.6280068728522337,0.634020618556701,0.013745704467353952,0.4587628865979381,0.0506872852233677,0.5996563573883161
conf,mosei,TMDC,3,a,,6,,,selected,cross_mask,8,0.275,1165,1165,50,1164,0.7185761957730812,0.008898776418242549,0.012235817575083408,0.6280068728522337,0.634020618556701,0.013745704467353952,0.4587628865979381,0.0506872852233677,0.5996563573883161
conf,mosei,TMDC,3,a,,7,,,selected,cross_mask,8,0.275,1165,1165,50,1164,0.7185761957730812,0.008898776418242549,0.012235817575083408,0.6280068728522337,0.634020618556701,0.013745704467353952,0.4587628865979381,0.0506872852233677,0.5996563573883161
conf,mosei,TMDC,3,a,,0,,,selected,cross_mask,8,0.275,1165,1165,100,1164,0.7185761957730812,0.008898776418242549,0.012235817575083408,0.6280068728522337,0.634020618556701,0.013745704467353952,0.4587628865979381,0.0506872852233677,0.5996563573883161
conf,mosei,TMDC,3,a,,1,,,selected,cross_mask,8,0.275,1165,1165,100,1164,0.7185761957730812,0.008898776418242549,0.012235817575083408,0.6280068728522337,0.634020618556701,0.013745704467353952,0.4587628865979381,0.0506872852233677,0.5996563573883161
conf,mosei,TMDC,3,a,,2,,,selected,cross_mask,8,0.275,1165,1165,100,1164,0.7185761957730812,0.008898776418242549,0.012235817575083408,0.6280068728522337,0.634020618556701,0.013745704467353952,0.4587628865979381,0.0506872852233677,0.5996563573883161
conf,mosei,TMDC,3,a,,3,,,selected,cross_mask,8,0.275,1165,1165,100,1164,0.7185761957730812,0.008898776418242549,0.012235817575083408,0.6280068728522337,0.634020618556701,0.013745704467353952,0.4587628865979381,0.0506872852233677,0.5996563573883161
conf,mosei,TMDC,3,a,,4,,,selected,cross_mask,8,0.275,1165,1165,100,1164,0.7185761957730812,0.008898776418242549,0.012235817575083408,0.6280068728522337,0.634020618556701,0.013745704467353952,0.4587628865979381,0.0506872852233677,0.5996563573883161
conf,mosei,TMDC,3,a,,5,,,selected,cross_mask,8,0.275,1165,1165,100,1164,0.7185761957730812,0.008898776418242549,0.012235817575083408,0.6280068728522337,0.634020618556701,0.013745704467353952,0.4587628865979381,0.0506872852233677,0.5996563573883161
conf,mosei,TMDC,3,a,,6,,,selected,cross_mask,8,0.275,1165,1165,100,1164,0.7185761957730812,0.008898776418242549,0.012235817575083408,0.6280068728522337,0.634020618556701,0.013745704467353952,0.4587628865979381,0.0506872852233677,0.5996563573883161
conf,mosei,TMDC,3,a,,7,,,selected,cross_mask,8,0.275,1165,1165,100,1164,0.7185761957730812,0.008898776418242549,0.012235817575083408,0.6280068728522337,0.634020618556701,0.013745704467353952,0.4587628865979381,0.0506872852233677,0.5996563573883161
conf,mosei,TMDC,3,a,,0,,,selected,cross_mask,8,0.275,1165,1165,200,1164,0.7185761957730812,0.008898776418242549,0.012235817575083408,0.6280068728522337,0.634020618556701,0.013745704467353952,0.4587628865979381,0.0506872852233677,0.5996563573883161
conf,mosei,TMDC,3,a,,1,,,selected,cross_mask,8,0.275,1165,1165,200,1164,0.7185761957730812,0.008898776418242549,0.012235817575083408,0.6280068728522337,0.634020618556701,0.013745704467353952,0.4587628865979381,0.0506872852233677,0.5996563573883161
conf,mosei,TMDC,3,a,,2,,,selected,cross_mask,8,0.275,1165,1165,200,1164,0.7185761957730812,0.008898776418242549,0.012235817575083408,0.6280068728522337,0.634020618556701,0.013745704467353952,0.4587628865979381,0.0506872852233677,0.5996563573883161
conf,mosei,TMDC,3,a,,3,,,selected,cross_mask,8,0.275,1165,1165,200,1164,0.7185761957730812,0.008898776418242549,0.012235817575083408,0.6280068728522337,0.634020618556701,0.013745704467353952,0.4587628865979381,0.0506872852233677,0.5996563573883161
conf,mosei,TMDC,3,a,,4,,,selected,cross_mask,8,0.275,1165,1165,200,1164,0.7185761957730812,0.008898776418242549,0.012235817575083408,0.6280068728522337,0.634020618556701,0.013745704467353952,0.4587628865979381,0.0506872852233677,0.5996563573883161
conf,mosei,TMDC,3,a,,5,,,selected,cross_mask,8,0.275,1165,1165,200,1164,0.7185761957730812,0.008898776418242549,0.012235817575083408,0.6280068728522337,0.634020618556701,0.013745704467353952,0.4587628865979381,0.0506872852233677,0.5996563573883161
conf,mosei,TMDC,3,a,,6,,,selected,cross_mask,8,0.275,1165,1165,200,1164,0.7185761957730812,0.008898776418242549,0.012235817575083408,0.6280068728522337,0.634020618556701,0.013745704467353952,0.4587628865979381,0.0506872852233677,0.5996563573883161
conf,mosei,TMDC,3,a,,7,,,selected,cross_mask,8,0.275,1165,1165,200,1164,0.7185761957730812,0.008898776418242549,0.012235817575083408,0.6280068728522337,0.634020618556701,0.013745704467353952,0.4587628865979381,0.0506872852233677,0.5996563573883161
conf,mosei,TMDC,3,a,,0,,,selected,cross_mask,8,0.275,1165,1165,400,1164,0.7185761957730812,0.008898776418242549,0.012235817575083408,0.6280068728522337,0.634020618556701,0.013745704467353952,0.4587628865979381,0.0506872852233677,0.5996563573883161
conf,mosei,TMDC,3,a,,1,,,selected,cross_mask,8,0.275,1165,1165,400,1164,0.7185761957730812,0.008898776418242549,0.012235817575083408,0.6280068728522337,0.634020618556701,0.013745704467353952,0.4587628865979381,0.0506872852233677,0.5996563573883161
conf,mosei,TMDC,3,a,,2,,,selected,cross_mask,8,0.275,1165,1165,400,1164,0.7185761957730812,0.008898776418242549,0.012235817575083408,0.6280068728522337,0.634020618556701,0.013745704467353952,0.4587628865979381,0.0506872852233677,0.5996563573883161
conf,mosei,TMDC,3,a,,3,,,selected,cross_mask,8,0.275,1165,1165,400,1164,0.7185761957730812,0.008898776418242549,0.012235817575083408,0.6280068728522337,0.634020618556701,0.013745704467353952,0.4587628865979381,0.0506872852233677,0.5996563573883161
conf,mosei,TMDC,3,a,,4,,,selected,cross_mask,8,0.275,1165,1165,400,1164,0.7185761957730812,0.008898776418242549,0.012235817575083408,0.6280068728522337,0.634020618556701,0.013745704467353952,0.4587628865979381,0.0506872852233677,0.5996563573883161
conf,mosei,TMDC,3,a,,5,,,selected,cross_mask,8,0.275,1165,1165,400,1164,0.7185761957730812,0.008898776418242549,0.012235817575083408,0.6280068728522337,0.634020618556701,0.013745704467353952,0.4587628865979381,0.0506872852233677,0.5996563573883161
conf,mosei,TMDC,3,a,,6,,,selected,cross_mask,8,0.275,1165,1165,400,1164,0.7185761957730812,0.008898776418242549,0.012235817575083408,0.6280068728522337,0.634020618556701,0.013745704467353952,0.4587628865979381,0.0506872852233677,0.5996563573883161
conf,mosei,TMDC,3,a,,7,,,selected,cross_mask,8,0.275,1165,1165,400,1164,0.7185761957730812,0.008898776418242549,0.012235817575083408,0.6280068728522337,0.634020618556701,0.013745704467353952,0.4587628865979381,0.0506872852233677,0.5996563573883161
conf,mosei,TMDC,4,a,,0,,,selected,cross_mask,8,0.25,1165,1165,1165,1164,0.7312430011198209,-0.0011198208286674616,-0.013437849944008984,0.6297250859106529,0.6288659793814433,0.09707903780068729,0.23883161512027493,0.33676975945017185,0.5867697594501718
conf,mosei,TMDC,4,a,,0,,,selected,cross_mask,8,0.25,1165,1165,50,1164,0.7312430011198209,-0.0011198208286674616,-0.013437849944008984,0.6297250859106529,0.6288659793814433,0.09707903780068729,0.23883161512027493,0.33676975945017185,0.5867697594501718
conf,mosei,TMDC,4,a,,1,,,selected,cross_mask,8,0.25,1165,1165,50,1164,0.7312430011198209,-0.0011198208286674616,-0.013437849944008984,0.6297250859106529,0.6288659793814433,0.09707903780068729,0.23883161512027493,0.33676975945017185,0.5867697594501718
conf,mosei,TMDC,4,a,,2,,,selected,cross_mask,8,0.25,1165,1165,50,1164,0.7312430011198209,-0.0011198208286674616,-0.013437849944008984,0.6297250859106529,0.6288659793814433,0.09707903780068729,0.23883161512027493,0.33676975945017185,0.5867697594501718
conf,mosei,TMDC,4,a,,3,,,selected,cross_mask,8,0.25,1165,1165,50,1164,0.7312430011198209,-0.0011198208286674616,-0.013437849944008984,0.6297250859106529,0.6288659793814433,0.09707903780068729,0.23883161512027493,0.33676975945017185,0.5867697594501718
conf,mosei,TMDC,4,a,,4,,,selected,cross_mask,8,0.25,1165,1165,50,1164,0.7312430011198209,-0.0011198208286674616,-0.013437849944008984,0.6297250859106529,0.6288659793814433,0.09707903780068729,0.23883161512027493,0.33676975945017185,0.5867697594501718
conf,mosei,TMDC,4,a,,5,,,selected,cross_mask,8,0.25,1165,1165,50,1164,0.7312430011198209,-0.0011198208286674616,-0.013437849944008984,0.6297250859106529,0.6288659793814433,0.09707903780068729,0.23883161512027493,0.33676975945017185,0.5867697594501718
conf,mosei,TMDC,4,a,,6,,,selected,cross_mask,8,0.25,1165,1165,50,1164,0.7312430011198209,-0.0011198208286674616,-0.013437849944008984,0.6297250859106529,0.6288659793814433,0.09707903780068729,0.23883161512027493,0.33676975945017185,0.5867697594501718
conf,mosei,TMDC,4,a,,7,,,selected,cross_mask,8,0.25,1165,1165,50,1164,0.7312430011198209,-0.0011198208286674616,-0.013437849944008984,0.6297250859106529,0.6288659793814433,0.09707903780068729,0.23883161512027493,0.33676975945017185,0.5867697594501718
conf,mosei,TMDC,4,a,,0,,,selected,cross_mask,8,0.25,1165,1165,100,1164,0.7312430011198209,-0.0011198208286674616,-0.013437849944008984,0.6297250859106529,0.6288659793814433,0.09707903780068729,0.23883161512027493,0.33676975945017185,0.5867697594501718
conf,mosei,TMDC,4,a,,1,,,selected,cross_mask,8,0.25,1165,1165,100,1164,0.7312430011198209,-0.0011198208286674616,-0.013437849944008984,0.6297250859106529,0.6288659793814433,0.09707903780068729,0.23883161512027493,0.33676975945017185,0.5867697594501718
conf,mosei,TMDC,4,a,,2,,,selected,cross_mask,8,0.25,1165,1165,100,1164,0.7312430011198209,-0.0011198208286674616,-0.013437849944008984,0.6297250859106529,0.6288659793814433,0.09707903780068729,0.23883161512027493,0.33676975945017185,0.5867697594501718
conf,mosei,TMDC,4,a,,3,,,selected,cross_mask,8,0.25,1165,1165,100,1164,0.7312430011198209,-0.0011198208286674616,-0.013437849944008984,0.6297250859106529,0.6288659793814433,0.09707903780068729,0.23883161512027493,0.33676975945017185,0.5867697594501718
conf,mosei,TMDC,4,a,,4,,,selected,cross_mask,8,0.25,1165,1165,100,1164,0.7312430011198209,-0.0011198208286674616,-0.013437849944008984,0.6297250859106529,0.6288659793814433,0.09707903780068729,0.23883161512027493,0.33676975945017185,0.5867697594501718
conf,mosei,TMDC,4,a,,5,,,selected,cross_mask,8,0.25,1165,1165,100,1164,0.7312430011198209,-0.0011198208286674616,-0.013437849944008984,0.6297250859106529,0.6288659793814433,0.09707903780068729,0.23883161512027493,0.33676975945017185,0.5867697594501718
conf,mosei,TMDC,4,a,,6,,,selected,cross_mask,8,0.25,1165,1165,100,1164,0.7312430011198209,-0.0011198208286674616,-0.013437849944008984,0.6297250859106529,0.6288659793814433,0.09707903780068729,0.23883161512027493,0.33676975945017185,0.5867697594501718
conf,mosei,TMDC,4,a,,7,,,selected,cross_mask,8,0.25,1165,1165,100,1164,0.7312430011198209,-0.0011198208286674616,-0.013437849944008984,0.6297250859106529,0.6288659793814433,0.09707903780068729,0.23883161512027493,0.33676975945017185,0.5867697594501718
conf,mosei,TMDC,4,a,,0,,,selected,cross_mask,8,0.25,1165,1165,200,1164,0.7312430011198209,-0.0011198208286674616,-0.013437849944008984,0.6297250859106529,0.6288659793814433,0.09707903780068729,0.23883161512027493,0.33676975945017185,0.5867697594501718
conf,mosei,TMDC,4,a,,1,,,selected,cross_mask,8,0.25,1165,1165,200,1164,0.7312430011198209,-0.0011198208286674616,-0.013437849944008984,0.6297250859106529,0.6288659793814433,0.09707903780068729,0.23883161512027493,0.33676975945017185,0.5867697594501718
conf,mosei,TMDC,4,a,,2,,,selected,cross_mask,8,0.25,1165,1165,200,1164,0.7312430011198209,-0.0011198208286674616,-0.013437849944008984,0.6297250859106529,0.6288659793814433,0.09707903780068729,0.23883161512027493,0.33676975945017185,0.5867697594501718
conf,mosei,TMDC,4,a,,3,,,selected,cross_mask,8,0.25,1165,1165,200,1164,0.7312430011198209,-0.0011198208286674616,-0.013437849944008984,0.6297250859106529,0.6288659793814433,0.09707903780068729,0.23883161512027493,0.33676975945017185,0.5867697594501718
conf,mosei,TMDC,4,a,,4,,,selected,cross_mask,8,0.25,1165,1165,200,1164,0.7312430011198209,-0.0011198208286674616,-0.013437849944008984,0.6297250859106529,0.6288659793814433,0.09707903780068729,0.23883161512027493,0.33676975945017185,0.5867697594501718
conf,mosei,TMDC,4,a,,5,,,selected,cross_mask,8,0.25,1165,1165,200,1164,0.7312430011198209,-0.0011198208286674616,-0.013437849944008984,0.6297250859106529,0.6288659793814433,0.09707903780068729,0.23883161512027493,0.33676975945017185,0.5867697594501718
conf,mosei,TMDC,4,a,,6,,,selected,cross_mask,8,0.25,1165,1165,200,1164,0.7312430011198209,-0.0011198208286674616,-0.013437849944008984,0.6297250859106529,0.6288659793814433,0.09707903780068729,0.23883161512027493,0.33676975945017185,0.5867697594501718
conf,mosei,TMDC,4,a,,7,,,selected,cross_mask,8,0.25,1165,1165,200,1164,0.7312430011198209,-0.0011198208286674616,-0.013437849944008984,0.6297250859106529,0.6288659793814433,0.09707903780068729,0.23883161512027493,0.33676975945017185,0.5867697594501718
conf,mosei,TMDC,4,a,,0,,,selected,cross_mask,8,0.25,1165,1165,400,1164,0.7312430011198209,-0.0011198208286674616,-0.013437849944008984,0.6297250859106529,0.6288659793814433,0.09707903780068729,0.23883161512027493,0.33676975945017185,0.5867697594501718
conf,mosei,TMDC,4,a,,1,,,selected,cross_mask,8,0.25,1165,1165,400,1164,0.7312430011198209,-0.0011198208286674616,-0.013437849944008984,0.6297250859106529,0.6288659793814433,0.09707903780068729,0.23883161512027493,0.33676975945017185,0.5867697594501718
conf,mosei,TMDC,4,a,,2,,,selected,cross_mask,8,0.25,1165,1165,400,1164,0.7312430011198209,-0.0011198208286674616,-0.013437849944008984,0.6297250859106529,0.6288659793814433,0.09707903780068729,0.23883161512027493,0.33676975945017185,0.5867697594501718
conf,mosei,TMDC,4,a,,3,,,selected,cross_mask,8,0.25,1165,1165,400,1164,0.7312430011198209,-0.0011198208286674616,-0.013437849944008984,0.6297250859106529,0.6288659793814433,0.09707903780068729,0.23883161512027493,0.33676975945017185,0.5867697594501718
conf,mosei,TMDC,4,a,,4,,,selected,cross_mask,8,0.25,1165,1165,400,1164,0.7312430011198209,-0.0011198208286674616,-0.013437849944008984,0.6297250859106529,0.6288659793814433,0.09707903780068729,0.23883161512027493,0.33676975945017185,0.5867697594501718
conf,mosei,TMDC,4,a,,5,,,selected,cross_mask,8,0.25,1165,1165,400,1164,0.7312430011198209,-0.0011198208286674616,-0.013437849944008984,0.6297250859106529,0.6288659793814433,0.09707903780068729,0.23883161512027493,0.33676975945017185,0.5867697594501718
conf,mosei,TMDC,4,a,,6,,,selected,cross_mask,8,0.25,1165,1165,400,1164,0.7312430011198209,-0.0011198208286674616,-0.013437849944008984,0.6297250859106529,0.6288659793814433,0.09707903780068729,0.23883161512027493,0.33676975945017185,0.5867697594501718
conf,mosei,TMDC,4,a,,7,,,selected,cross_mask,8,0.25,1165,1165,400,1164,0.7312430011198209,-0.0011198208286674616,-0.013437849944008984,0.6297250859106529,0.6288659793814433,0.09707903780068729,0.23883161512027493,0.33676975945017185,0.5867697594501718
conf,mosei,TMDC,0,v,,0,,,selected,cross_mask,5,0.5750000000000001,1165,1165,1165,1164,0.6821705426356589,0.029900332225913595,0.03543743078626804,0.6262886597938144,0.6486254295532646,0.16151202749140894,0.37800687285223367,0.5455326460481099,0.6529209621993127
conf,mosei,TMDC,0,v,,0,,,selected,cross_mask,5,0.5750000000000001,1165,1165,50,1164,0.6821705426356589,0.013289036544850474,0.03543743078626804,0.6262886597938144,0.6348797250859106,0.05240549828178694,0.37800687285223367,0.17869415807560138,0.6529209621993127
conf,mosei,TMDC,0,v,,1,,,selected,cross_mask,5,0.5750000000000001,1165,1165,50,1164,0.6821705426356589,0.013289036544850474,0.03543743078626804,0.6262886597938144,0.6348797250859106,0.05240549828178694,0.37800687285223367,0.17869415807560138,0.6529209621993127
conf,mosei,TMDC,0,v,,2,,,selected,cross_mask,5,0.5750000000000001,1165,1165,50,1164,0.6821705426356589,0.029900332225913595,0.03543743078626804,0.6262886597938144,0.6486254295532646,0.16237113402061856,0.37800687285223367,0.5498281786941581,0.6529209621993127
conf,mosei,TMDC,0,v,,3,,,selected,cross_mask,5,0.5750000000000001,1165,1165,50,1164,0.6821705426356589,0.013289036544850474,0.03543743078626804,0.6262886597938144,0.6348797250859106,0.05240549828178694,0.37800687285223367,0.17869415807560138,0.6529209621993127
conf,mosei,TMDC,0,v,,4,,,selected,cross_mask,5,0.5750000000000001,1165,1165,50,1164,0.6821705426356589,0.029900332225913595,0.03543743078626804,0.6262886597938144,0.6486254295532646,0.16237113402061856,0.37800687285223367,0.5498281786941581,0.6529209621993127
conf,mosei,TMDC,0,v,,5,,,selected,cross_mask,5,0.5750000000000001,1165,1165,50,1164,0.6821705426356589,0.029900332225913595,0.03543743078626804,0.6262886597938144,0.6486254295532646,0.16237113402061856,0.37800687285223367,0.5498281786941581,0.6529209621993127
conf,mosei,TMDC,0,v,,6,,,selected,cross_mask,5,0.5750000000000001,1165,1165,50,1164,0.6821705426356589,0.029900332225913595,0.03543743078626804,0.6262886597938144,0.6486254295532646,0.16151202749140894,0.37800687285223367,0.5455326460481099,0.6529209621993127
conf,mosei,TMDC,0,v,,7,,,selected,cross_mask,5,0.5750000000000001,1165,1165,50,1164,0.6821705426356589,0.013289036544850474,0.03543743078626804,0.6262886597938144,0.6348797250859106,0.05240549828178694,0.37800687285223367,0.17869415807560138,0.6529209621993127
conf,mosei,TMDC,0,v,,0,,,selected,cross_mask,5,0.5750000000000001,1165,1165,100,1164,0.6821705426356589,0.025470653377630104,0.03543743078626804,0.6262886597938144,0.6451890034364262,0.15034364261168384,0.37800687285223367,0.4836769759450172,0.6529209621993127
conf,mosei,TMDC,0,v,,1,,,selected,cross_mask,5,0.5750000000000001,1165,1165,100,1164,0.6821705426356589,0.03543743078626804,0.03543743078626804,0.6262886597938144,0.6537800687285223,0.1718213058419244,0.37800687285223367,0.5979381443298969,0.6529209621993127
conf,mosei,TMDC,0,v,,2,,,selected,cross_mask,5,0.5750000000000001,1165,1165,100,1164,0.6821705426356589,0.013289036544850474,0.03543743078626804,0.6262886597938144,0.6348797250859106,0.05240549828178694,0.37800687285223367,0.17869415807560138,0.6529209621993127
conf,mosei,TMDC,0,v,,3,,,selected,cross_mask,5,0.5750000000000001,1165,1165,100,1164,0.6821705426356589,0.013289036544850474,0.03543743078626804,0.6262886597938144,0.6348797250859106,0.05240549828178694,0.37800687285223367,0.17611683848797252,0.6529209621993127
conf,mosei,TMDC,0,v,,4,,,selected,cross_mask,5,0.5750000000000001,1165,1165,100,1164,0.6821705426356589,0.029900332225913595,0.03543743078626804,0.6262886597938144,0.6486254295532646,0.16237113402061856,0.37800687285223367,0.5498281786941581,0.6529209621993127
conf,mosei,TMDC,0,v,,5,,,selected,cross_mask,5,0.5750000000000001,1165,1165,100,1164,0.6821705426356589,0.029900332225913595,0.03543743078626804,0.6262886597938144,0.6486254295532646,0.16237113402061856,0.37800687285223367,0.5498281786941581,0.6529209621993127
conf,mosei,TMDC,0,v,,6,,,selected,cross_mask,5,0.5750000000000001,1165,1165,100,1164,0.6821705426356589,0.017718715393133966,0.03543743078626804,0.6262886597938144,0.6374570446735395,0.07130584192439862,0.37800687285223367,0.23711340206185566,0.6529209621993127
conf,mosei,TMDC,0,v,,7,,,selected,cross_mask,5,0.5750000000000001,1165,1165,100,1164,0.6821705426356589,0.029900332225913595,0.03543743078626804,0.6262886597938144,0.6486254295532646,0.16151202749140894,0.37800687285223367,0.5455326460481099,0.6529209621993127
conf,mosei,TMDC,0,v,,0,,,selected,cross_mask,5,0.5750000000000001,1165,1165,200,1164,0.6821705426356589,0.029900332225913595,0.03543743078626804,0.6262886597938144,0.6486254295532646,0.16151202749140894,0.37800687285223367,0.5455326460481099,0.6529209621993127
conf,mosei,TMDC,0,v,,1,,,selected,cross_mask,5,0.5750000000000001,1165,1165,200,1164,0.6821705426356589,0.029900332225913595,0.03543743078626804,0.6262886597938144,0.6486254295532646,0.16151202749140894,0.37800687285223367,0.5455326460481099,0.6529209621993127
conf,mosei,TMDC,0,v,,2,,,selected,cross_mask,5,0.5750000000000001,1165,1165,200,1164,0.6821705426356589,0.013289036544850474,0.03543743078626804,0.6262886597938144,0.6348797250859106,0.05240549828178694,0.37800687285223367,0.17611683848797252,0.6529209621993127
conf,mosei,TMDC,0,v,,3,,,selected,cross_mask,5,0.5750000000000001,1165,1165,200,1164,0.6821705426356589,0.029900332225913595,0.03543743078626804,0.6262886597938144,0.6486254295532646,0.16151202749140894,0.37800687285223367,0.5455326460481099,0.6529209621993127
conf,mosei,TMDC,0,v,,4,,,selected,cross_mask,5,0.5750000000000001,1165,1165,200,1164,0.6821705426356589,0.029900332225913595,0.03543743078626804,0.6262886597938144,0.6486254295532646,0.16237113402061856,0.37800687285223367,0.5498281786941581,0.6529209621993127
conf,mosei,TMDC,0,v,,5,,,selected,cross_mask,5,0.5750000000000001,1165,1165,200,1164,0.6821705426356589,0.029900332225913595,0.03543743078626804,0.6262886597938144,0.6486254295532646,0.16151202749140894,0.37800687285223367,0.5455326460481099,0.6529209621993127
conf,mosei,TMDC,0,v,,6,,,selected,cross_mask,5,0.5750000000000001,1165,1165,200,1164,0.6821705426356589,0.025470653377630104,0.03543743078626804,0.6262886597938144,0.6451890034364262,0.15034364261168384,0.37800687285223367,0.48195876288659795,0.6529209621993127
conf,mosei,TMDC,0,v,,7,,,selected,cross_mask,5,0.5750000000000001,1165,1165,200,1164,0.6821705426356589,0.025470653377630104,0.03543743078626804,0.6262886597938144,0.6451890034364262,0.15034364261168384,0.37800687285223367,0.4836769759450172,0.6529209621993127
conf,mosei,TMDC,0,v,,0,,,selected,cross_mask,5,0.5750000000000001,1165,1165,400,1164,0.6821705426356589,0.029900332225913595,0.03543743078626804,0.6262886597938144,0.6486254295532646,0.16151202749140894,0.37800687285223367,0.5455326460481099,0.6529209621993127
conf,mosei,TMDC,0,v,,1,,,selected,cross_mask,5,0.5750000000000001,1165,1165,400,1164,0.6821705426356589,0.013289036544850474,0.03543743078626804,0.6262886597938144,0.6348797250859106,0.05240549828178694,0.37800687285223367,0.17611683848797252,0.6529209621993127
conf,mosei,TMDC,0,v,,2,,,selected,cross_mask,5,0.5750000000000001,1165,1165,400,1164,0.6821705426356589,0.029900332225913595,0.03543743078626804,0.6262886597938144,0.6486254295532646,0.16237113402061856,0.37800687285223367,0.5498281786941581,0.6529209621993127
conf,mosei,TMDC,0,v,,3,,,selected,cross_mask,5,0.5750000000000001,1165,1165,400,1164,0.6821705426356589,0.029900332225913595,0.03543743078626804,0.6262886597938144,0.6486254295532646,0.16237113402061856,0.37800687285223367,0.5498281786941581,0.6529209621993127
conf,mosei,TMDC,0,v,,4,,,selected,cross_mask,5,0.5750000000000001,1165,1165,400,1164,0.6821705426356589,0.029900332225913595,0.03543743078626804,0.6262886597938144,0.6486254295532646,0.16151202749140894,0.37800687285223367,0.5455326460481099,0.6529209621993127
conf,mosei,TMDC,0,v,,5,,,selected,cross_mask,5,0.5750000000000001,1165,1165,400,1164,0.6821705426356589,0.029900332225913595,0.03543743078626804,0.6262886597938144,0.6486254295532646,0.16151202749140894,0.37800687285223367,0.5455326460481099,0.6529209621993127
conf,mosei,TMDC,0,v,,6,,,selected,cross_mask,5,0.5750000000000001,1165,1165,400,1164,0.6821705426356589,0.025470653377630104,0.03543743078626804,0.6262886597938144,0.6451890034364262,0.15034364261168384,0.37800687285223367,0.4836769759450172,0.6529209621993127
conf,mosei,TMDC,0,v,,7,,,selected,cross_mask,5,0.5750000000000001,1165,1165,400,1164,0.6821705426356589,0.029900332225913595,0.03543743078626804,0.6262886597938144,0.6486254295532646,0.16237113402061856,0.37800687285223367,0.5498281786941581,0.6529209621993127
conf,mosei,TMDC,1,v,,0,,,selected,cross_mask,8,0.65,1165,1165,1165,1164,0.6564885496183206,0.04580152671755722,0.058887677208287914,0.6142611683848798,0.6494845360824743,0.13487972508591065,0.3943298969072165,0.4166666666666667,0.6486254295532646
conf,mosei,TMDC,1,v,,0,,,selected,cross_mask,8,0.65,1165,1165,50,1164,0.6564885496183206,0.04907306434023995,0.058887677208287914,0.6142611683848798,0.6512027491408935,0.10738831615120274,0.3943298969072165,0.33075601374570446,0.6486254295532646
conf,mosei,TMDC,1,v,,1,,,selected,cross_mask,8,0.65,1165,1165,50,1164,0.6564885496183206,0.04907306434023995,0.058887677208287914,0.6142611683848798,0.6503436426116839,0.10481099656357389,0.3943298969072165,0.32646048109965636,0.6486254295532646
conf,mosei,TMDC,1,v,,2,,,selected,cross_mask,8,0.65,1165,1165,50,1164,0.6564885496183206,0.04907306434023995,0.058887677208287914,0.6142611683848798,0.6520618556701031,0.13573883161512026,0.3943298969072165,0.43127147766323026,0.6486254295532646
conf,mosei,TMDC,1,v,,3,,,selected,cross_mask,8,0.65,1165,1165,50,1164,0.6564885496183206,0.04143947655398039,0.058887677208287914,0.6142611683848798,0.6434707903780069,0.0506872852233677,0.3943298969072165,0.17611683848797252,0.6486254295532646
conf,mosei,TMDC,1,v,,4,,,selected,cross_mask,8,0.65,1165,1165,50,1164,0.6564885496183206,0.04907306434023995,0.058887677208287914,0.6142611683848798,0.6503436426116839,0.10481099656357389,0.3943298969072165,0.32646048109965636,0.6486254295532646
conf,mosei,TMDC,1,v,,5,,,selected,cross_mask,8,0.65,1165,1165,50,1164,0.6564885496183206,0.058887677208287914,0.058887677208287914,0.6142611683848798,0.6580756013745704,0.17611683848797252,0.3943298969072165,0.6357388316151202,0.6486254295532646
conf,mosei,TMDC,1,v,,6,,,selected,cross_mask,8,0.65,1165,1165,50,1164,0.6564885496183206,0.0425299890948746,0.058887677208287914,0.6142611683848798,0.6443298969072165,0.05326460481099656,0.3943298969072165,0.18298969072164947,0.6486254295532646
conf,mosei,TMDC,1,v,,7,,,selected,cross_mask,8,0.65,1165,1165,50,1164,0.6564885496183206,0.04907306434023995,0.058887677208287914,0.6142611683848798,0.6520618556701031,0.13573883161512026,0.3943298969072165,0.43127147766323026,0.6486254295532646
conf,mosei,TMDC,1,v,,0,,,selected,cross_mask,8,0.65,1165,1165,100,1164,0.6564885496183206,0.04907306434023995,0.058887677208287914,0.6142611683848798,0.6520618556701031,0.13573883161512026,0.3943298969072165,0.43127147766323026,0.6486254295532646
conf,mosei,TMDC,1,v,,1,,,selected,cross_mask,8,0.65,1165,1165,100,1164,0.6564885496183206,0.04907306434023995,0.058887677208287914,0.6142611683848798,0.6503436426116839,0.10481099656357389,0.3943298969072165,0.32646048109965636,0.6486254295532646
conf,mosei,TMDC,1,v,,2,,,selected,cross_mask,8,0.65,1165,1165,100,1164,0.6564885496183206,0.04580152671755722,0.058887677208287914,0.6142611683848798,0.6494845360824743,0.13487972508591065,0.3943298969072165,0.4166666666666667,0.6486254295532646
conf,mosei,TMDC,1,v,,3,,,selected,cross_mask,8,0.65,1165,1165,100,1164,0.6564885496183206,0.04907306434023995,0.058887677208287914,0.6142611683848798,0.6503436426116839,0.10481099656357389,0.3943298969072165,0.32646048109965636,0.6486254295532646
conf,mosei,TMDC,1,v,,4,,,selected,cross_mask,8,0.65,1165,1165,100,1164,0.6564885496183206,0.04907306434023995,0.058887677208287914,0.6142611683848798,0.6520618556701031,0.13573883161512026,0.3943298969072165,0.43127147766323026,0.6486254295532646
conf,mosei,TMDC,1,v,,5,,,selected,cross_mask,8,0.65,1165,1165,100,1164,0.6564885496183206,0.04798255179934574,0.058887677208287914,0.6142611683848798,0.647766323024055,0.09450171821305842,0.3943298969072165,0.29381443298969073,0.6486254295532646
conf,mosei,TMDC,1,v,,6,,,selected,cross_mask,8,0.65,1165,1165,100,1164,0.6564885496183206,0.04907306434023995,0.058887677208287914,0.6142611683848798,0.6520618556701031,0.13573883161512026,0.3943298969072165,0.43127147766323026,0.6486254295532646
conf,mosei,TMDC,1,v,,7,,,selected,cross_mask,8,0.65,1165,1165,100,1164,0.6564885496183206,0.05016357688113415,0.058887677208287914,0.6142611683848798,0.6512027491408935,0.11855670103092783,0.3943298969072165,0.36082474226804123,0.6486254295532646
conf,mosei,TMDC,1,v,,0,,,selected,cross_mask,8,0.65,1165,1165,200,1164,0.6564885496183206,0.04907306434023995,0.058887677208287914,0.6142611683848798,0.6520618556701031,0.13573883161512026,0.3943298969072165,0.43127147766323026,0.6486254295532646
conf,mosei,TMDC,1,v,,1,,,selected,cross_mask,8,0.65,1165,1165,200,1164,0.6564885496183206,0.04580152671755722,0.058887677208287914,0.6142611683848798,0.6494845360824743,0.13487972508591065,0.3943298969072165,0.4166666666666667,0.6486254295532646
conf,mosei,TMDC,1,v,,2,,,selected,cross_mask,8,0.65,1165,1165,200,1164,0.6564885496183206,0.04580152671755722,0.058887677208287914,0.6142611683848798,0.6494845360824743,0.13487972508591065,0.3943298969072165,0.4166666666666667,0.6486254295532646
conf,mosei,TMDC,1,v,,3,,,selected,cross_mask,8,0.65,1165,1165,200,1164,0.6564885496183206,0.05016357688113415,0.058887677208287914,0.6142611683848798,0.6512027491408935,0.11683848797250859,0.3943298969072165,0.35738831615120276,0.6486254295532646
conf,mosei,TMDC,1,v,,4,,,selected,cross_mask,8,0.65,1165,1165,200,1164,0.6564885496183206,0.04907306434023995,0.058887677208287914,0.6142611683848798,0.6520618556701031,0.13573883161512026,0.3943298969072165,0.43127147766323026,0.6486254295532646
conf,mosei,TMDC,1,v,,5,,,selected,cross_mask,8,0.65,1165,1165,200,1164,0.6564885496183206,0.04907306434023995,0.058887677208287914,0.6142611683848798,0.6503436426116839,0.10481099656357389,0.3943298969072165,0.32646048109965636,0.6486254295532646
conf,mosei,TMDC,1,v,,6,,,selected,cross_mask,8,0.65,1165,1165,200,1164,0.6564885496183206,0.04907306434023995,0.058887677208287914,0.6142611683848798,0.6520618556701031,0.13573883161512026,0.3943298969072165,0.43127147766323026,0.6486254295532646
conf,mosei,TMDC,1,v,,7,,,selected,cross_mask,8,0.65,1165,1165,200,1164,0.6564885496183206,0.04907306434023995,0.058887677208287914,0.6142611683848798,0.6520618556701031,0.13573883161512026,0.3943298969072165,0.43127147766323026,0.6486254295532646
conf,mosei,TMDC,1,v,,0,,,selected,cross_mask,8,0.65,1165,1165,400,1164,0.6564885496183206,0.05016357688113415,0.058887677208287914,0.6142611683848798,0.6512027491408935,0.11855670103092783,0.3943298969072165,0.36082474226804123,0.6486254295532646
conf,mosei,TMDC,1,v,,1,,,selected,cross_mask,8,0.65,1165,1165,400,1164,0.6564885496183206,0.04907306434023995,0.058887677208287914,0.6142611683848798,0.6520618556701031,0.13573883161512026,0.3943298969072165,0.43127147766323026,0.6486254295532646
conf,mosei,TMDC,1,v,,2,,,selected,cross_mask,8,0.65,1165,1165,400,1164,0.6564885496183206,0.05016357688113415,0.058887677208287914,0.6142611683848798,0.6512027491408935,0.11683848797250859,0.3943298969072165,0.35738831615120276,0.6486254295532646
conf,mosei,TMDC,1,v,,3,,,selected,cross_mask,8,0.65,1165,1165,400,1164,0.6564885496183206,0.04907306434023995,0.058887677208287914,0.6142611683848798,0.6503436426116839,0.11597938144329897,0.3943298969072165,0.3548109965635739,0.6486254295532646
conf,mosei,TMDC,1,v,,4,,,selected,cross_mask,8,0.65,1165,1165,400,1164,0.6564885496183206,0.04907306434023995,0.058887677208287914,0.6142611683848798,0.6512027491408935,0.10738831615120274,0.3943298969072165,0.33075601374570446,0.6486254295532646
conf,mosei,TMDC,1,v,,5,,,selected,cross_mask,8,0.65,1165,1165,400,1164,0.6564885496183206,0.04580152671755722,0.058887677208287914,0.6142611683848798,0.6494845360824743,0.13487972508591065,0.3943298969072165,0.4166666666666667,0.6486254295532646
conf,mosei,TMDC,1,v,,6,,,selected,cross_mask,8,0.65,1165,1165,400,1164,0.6564885496183206,0.04580152671755722,0.058887677208287914,0.6142611683848798,0.6494845360824743,0.13487972508591065,0.3943298969072165,0.4166666666666667,0.6486254295532646
conf,mosei,TMDC,1,v,,7,,,selected,cross_mask,8,0.65,1165,1165,400,1164,0.6564885496183206,0.04580152671755722,0.058887677208287914,0.6142611683848798,0.6494845360824743,0.13487972508591065,0.3943298969072165,0.4166666666666667,0.6486254295532646
conf,mosei,TMDC,2,v,,0,,,selected,cross_mask,5,0.675,1165,1165,1165,1164,0.7027932960893855,0.05698324022346368,0.05698324022346368,0.6365979381443299,0.6786941580756014,0.12886597938144329,0.3848797250859107,0.39948453608247425,0.6743986254295533
conf,mosei,TMDC,2,v,,0,,,selected,cross_mask,5,0.675,1165,1165,50,1164,0.7027932960893855,0.03463687150837991,0.05698324022346368,0.6365979381443299,0.6632302405498282,0.05584192439862543,0.3848797250859107,0.20189003436426117,0.6743986254295533
conf,mosei,TMDC,2,v,,1,,,selected,cross_mask,5,0.675,1165,1165,50,1164,0.7027932960893855,0.04916201117318442,0.05698324022346368,0.6365979381443299,0.6683848797250859,0.08934707903780069,0.3848797250859107,0.29553264604810997,0.6743986254295533
conf,mosei,TMDC,2,v,,2,,,selected,cross_mask,5,0.675,1165,1165,50,1164,0.7027932960893855,0.027932960893854775,0.05698324022346368,0.6365979381443299,0.6572164948453608,0.04209621993127148,0.3848797250859107,0.15120274914089346,0.6743986254295533
conf,mosei,TMDC,2,v,,3,,,selected,cross_mask,5,0.675,1165,1165,50,1164,0.7027932960893855,0.060335195530726304,0.05698324022346368,0.6365979381443299,0.6821305841924399,0.14347079037800686,0.3848797250859107,0.43041237113402064,0.6743986254295533
conf,mosei,TMDC,2,v,,4,,,selected,cross_mask,5,0.675,1165,1165,50,1164,0.7027932960893855,0.05810055865921793,0.05698324022346368,0.6365979381443299,0.6821305841924399,0.16924398625429554,0.3848797250859107,0.5171821305841925,0.6743986254295533
conf,mosei,TMDC,2,v,,5,,,selected,cross_mask,5,0.675,1165,1165,50,1164,0.7027932960893855,0.05810055865921793,0.05698324022346368,0.6365979381443299,0.6821305841924399,0.16237113402061856,0.3848797250859107,0.4896907216494845,0.6743986254295533
conf,mosei,TMDC,2,v,,6,,,selected,cross_mask,5,0.675,1165,1165,50,1164,0.7027932960893855,0.05810055865921793,0.05698324022346368,0.6365979381443299,0.6769759450171822,0.109106529209622,0.3848797250859107,0.35051546391752575,0.6743986254295533
conf,mosei,TMDC,2,v,,7,,,selected,cross_mask,5,0.675,1165,1165,50,1164,0.7027932960893855,0.05810055865921793,0.05698324022346368,0.6365979381443299,0.6769759450171822,0.109106529209622,0.3848797250859107,0.35051546391752575,0.6743986254295533
conf,mosei,TMDC,2,v,,0,,,selected,cross_mask,5,0.675,1165,1165,100,1164,0.7027932960893855,0.05698324022346368,0.05698324022346368,0.6365979381443299,0.6786941580756014,0.12886597938144329,0.3848797250859107,0.39948453608247425,0.6743986254295533
conf,mosei,TMDC,2,v,,1,,,selected,cross_mask,5,0.675,1165,1165,100,1164,0.7027932960893855,0.05810055865921793,0.05698324022346368,0.6365979381443299,0.6821305841924399,0.16237113402061856,0.3848797250859107,0.4896907216494845,0.6743986254295533
conf,mosei,TMDC,2,v,,2,,,selected,cross_mask,5,0.675,1165,1165,100,1164,0.7027932960893855,0.05363128491620117,0.05698324022346368,0.6365979381443299,0.6761168384879725,0.1254295532646048,0.3848797250859107,0.38402061855670105,0.6743986254295533
conf,mosei,TMDC,2,v,,3,,,selected,cross_mask,5,0.675,1165,1165,100,1164,0.7027932960893855,0.05586592178770955,0.05698324022346368,0.6365979381443299,0.6804123711340206,0.16666666666666666,0.3848797250859107,0.5008591065292096,0.6743986254295533
conf,mosei,TMDC,2,v,,4,,,selected,cross_mask,5,0.675,1165,1165,100,1164,0.7027932960893855,0.05698324022346368,0.05698324022346368,0.6365979381443299,0.6786941580756014,0.12886597938144329,0.3848797250859107,0.39948453608247425,0.6743986254295533
conf,mosei,TMDC,2,v,,5,,,selected,cross_mask,5,0.675,1165,1165,100,1164,0.7027932960893855,0.05586592178770955,0.05698324022346368,0.6365979381443299,0.6778350515463918,0.12972508591065293,0.3848797250859107,0.4012027491408935,0.6743986254295533
conf,mosei,TMDC,2,v,,6,,,selected,cross_mask,5,0.675,1165,1165,100,1164,0.7027932960893855,0.05810055865921793,0.05698324022346368,0.6365979381443299,0.6769759450171822,0.109106529209622,0.3848797250859107,0.35137457044673537,0.6743986254295533
conf,mosei,TMDC,2,v,,7,,,selected,cross_mask,5,0.675,1165,1165,100,1164,0.7027932960893855,0.05363128491620117,0.05698324022346368,0.6365979381443299,0.6761168384879725,0.1254295532646048,0.3848797250859107,0.38402061855670105,0.6743986254295533
conf,mosei,TMDC,2,v,,0,,,selected,cross_mask,5,0.675,1165,1165,200,1164,0.7027932960893855,0.051396648044692794,0.05698324022346368,0.6365979381443299,0.6709621993127147,0.09536082474226804,0.3848797250859107,0.31443298969072164,0.6743986254295533
conf,mosei,TMDC,2,v,,1,,,selected,cross_mask,5,0.675,1165,1165,200,1164,0.7027932960893855,0.05586592178770955,0.05698324022346368,0.6365979381443299,0.6769759450171822,0.11683848797250859,0.3848797250859107,0.36769759450171824,0.6743986254295533
conf,mosei,TMDC,2,v,,2,,,selected,cross_mask,5,0.675,1165,1165,200,1164,0.7027932960893855,0.05810055865921793,0.05698324022346368,0.6365979381443299,0.6821305841924399,0.16237113402061856,0.3848797250859107,0.4896907216494845,0.6743986254295533
conf,mosei,TMDC,2,v,,3,,,selected,cross_mask,5,0.675,1165,1165,200,1164,0.7027932960893855,0.05810055865921793,0.05698324022346368,0.6365979381443299,0.6769759450171822,0.109106529209622,0.3848797250859107,0.35051546391752575,0.6743986254295533
conf,mosei,TMDC,2,v,,4,,,selected,cross_mask,5,0.675,1165,1165,200,1164,0.7027932960893855,0.05810055865921793,0.05698324022346368,0.6365979381443299,0.6821305841924399,0.16237113402061856,0.3848797250859107,0.4896907216494845,0.6743986254295533
conf,mosei,TMDC,2,v,,5,,,selected,cross_mask,5,0.675,1165,1165,200,1164,0.7027932960893855,0.060335195530726304,0.05698324022346368,0.6365979381443299,0.6821305841924399,0.14347079037800686,0.3848797250859107,0.43041237113402064,0.6743986254295533
conf,mosei,TMDC,2,v,,6,,,selected,cross_mask,5,0.675,1165,1165,200,1164,0.7027932960893855,0.05810055865921793,0.05698324022346368,0.6365979381443299,0.6769759450171822,0.109106529209622,0.3848797250859107,0.35051546391752575,0.6743986254295533
conf,mosei,TMDC,2,v,,7,,,selected,cross_mask,5,0.675,1165,1165,200,1164,0.7027932960893855,0.05810055865921793,0.05698324022346368,0.6365979381443299,0.6769759450171822,0.109106529209622,0.3848797250859107,0.35051546391752575,0.6743986254295533
conf,mosei,TMDC,2,v,,0,,,selected,cross_mask,5,0.675,1165,1165,400,1164,0.7027932960893855,0.05698324022346368,0.05698324022346368,0.6365979381443299,0.6786941580756014,0.12886597938144329,0.3848797250859107,0.39948453608247425,0.6743986254295533
conf,mosei,TMDC,2,v,,1,,,selected,cross_mask,5,0.675,1165,1165,400,1164,0.7027932960893855,0.05363128491620117,0.05698324022346368,0.6365979381443299,0.6761168384879725,0.1254295532646048,0.3848797250859107,0.38402061855670105,0.6743986254295533
conf,mosei,TMDC,2,v,,2,,,selected,cross_mask,5,0.675,1165,1165,400,1164,0.7027932960893855,0.05586592178770955,0.05698324022346368,0.6365979381443299,0.6778350515463918,0.12972508591065293,0.3848797250859107,0.4012027491408935,0.6743986254295533
conf,mosei,TMDC,2,v,,3,,,selected,cross_mask,5,0.675,1165,1165,400,1164,0.7027932960893855,0.05810055865921793,0.05698324022346368,0.6365979381443299,0.6769759450171822,0.109106529209622,0.3848797250859107,0.35137457044673537,0.6743986254295533
conf,mosei,TMDC,2,v,,4,,,selected,cross_mask,5,0.675,1165,1165,400,1164,0.7027932960893855,0.05363128491620117,0.05698324022346368,0.6365979381443299,0.6761168384879725,0.1254295532646048,0.3848797250859107,0.38402061855670105,0.6743986254295533
conf,mosei,TMDC,2,v,,5,,,selected,cross_mask,5,0.675,1165,1165,400,1164,0.7027932960893855,0.05363128491620117,0.05698324022346368,0.6365979381443299,0.6761168384879725,0.1254295532646048,0.3848797250859107,0.38402061855670105,0.6743986254295533
conf,mosei,TMDC,2,v,,6,,,selected,cross_mask,5,0.675,1165,1165,400,1164,0.7027932960893855,0.05810055865921793,0.05698324022346368,0.6365979381443299,0.6769759450171822,0.109106529209622,0.3848797250859107,0.35051546391752575,0.6743986254295533
conf,mosei,TMDC,2,v,,7,,,selected,cross_mask,5,0.675,1165,1165,400,1164,0.7027932960893855,0.05586592178770955,0.05698324022346368,0.6365979381443299,0.6778350515463918,0.12972508591065293,0.3848797250859107,0.4012027491408935,0.6743986254295533
conf,mosei,TMDC,3,v,,0,,,selected,cross_mask,5,0.625,1165,1165,1165,1164,0.657397107897664,0.07563959955506117,0.07563959955506117,0.6108247422680413,0.6709621993127147,0.13917525773195877,0.38917525773195877,0.4475945017182131,0.6649484536082474
conf,mosei,TMDC,3,v,,0,,,selected,cross_mask,5,0.625,1165,1165,50,1164,0.657397107897664,0.07452725250278092,0.07563959955506117,0.6108247422680413,0.6701030927835051,0.13831615120274915,0.38917525773195877,0.44587628865979384,0.6649484536082474
conf,mosei,TMDC,3,v,,1,,,selected,cross_mask,5,0.625,1165,1165,50,1164,0.657397107897664,0.07675194660734153,0.07563959955506117,0.6108247422680413,0.6718213058419243,0.1400343642611684,0.38917525773195877,0.45017182130584193,0.6649484536082474
conf,mosei,TMDC,3,v,,2,,,selected,cross_mask,5,0.625,1165,1165,50,1164,0.657397107897664,0.07675194660734153,0.07563959955506117,0.6108247422680413,0.6718213058419243,0.13917525773195877,0.38917525773195877,0.4484536082474227,0.6649484536082474
conf,mosei,TMDC,3,v,,3,,,selected,cross_mask,5,0.625,1165,1165,50,1164,0.657397107897664,0.05228031145717471,0.07563959955506117,0.6108247422680413,0.6537800687285223,0.059278350515463915,0.38917525773195877,0.21391752577319587,0.6649484536082474
conf,mosei,TMDC,3,v,,4,,,selected,cross_mask,5,0.625,1165,1165,50,1164,0.657397107897664,0.07675194660734153,0.07563959955506117,0.6108247422680413,0.6718213058419243,0.13917525773195877,0.38917525773195877,0.4484536082474227,0.6649484536082474
conf,mosei,TMDC,3,v,,5,,,selected,cross_mask,5,0.625,1165,1165,50,1164,0.657397107897664,0.07675194660734153,0.07563959955506117,0.6108247422680413,0.6718213058419243,0.13917525773195877,0.38917525773195877,0.4484536082474227,0.6649484536082474
conf,mosei,TMDC,3,v,,6,,,selected,cross_mask,5,0.625,1165,1165,50,1164,0.657397107897664,0.07563959955506117,0.07563959955506117,0.6108247422680413,0.6701030927835051,0.12886597938144329,0.38917525773195877,0.42010309278350516,0.6649484536082474
conf,mosei,TMDC,3,v,,7,,,selected,cross_mask,5,0.625,1165,1165,50,1164,0.657397107897664,0.0400444938820913,0.07563959955506117,0.6108247422680413,0.6460481099656358,0.04209621993127148,0.38917525773195877,0.15893470790378006,0.6649484536082474
conf,mosei,TMDC,3,v,,0,,,selected,cross_mask,5,0.625,1165,1165,100,1164,0.657397107897664,0.07675194660734153,0.07563959955506117,0.6108247422680413,0.6718213058419243,0.13917525773195877,0.38917525773195877,0.4484536082474227,0.6649484536082474
conf,mosei,TMDC,3,v,,1,,,selected,cross_mask,5,0.625,1165,1165,100,1164,0.657397107897664,0.07675194660734153,0.07563959955506117,0.6108247422680413,0.6718213058419243,0.13917525773195877,0.38917525773195877,0.4484536082474227,0.6649484536082474
conf,mosei,TMDC,3,v,,2,,,selected,cross_mask,5,0.625,1165,1165,100,1164,0.657397107897664,0.07675194660734153,0.07563959955506117,0.6108247422680413,0.6718213058419243,0.13917525773195877,0.38917525773195877,0.4484536082474227,0.6649484536082474
conf,mosei,TMDC,3,v,,3,,,selected,cross_mask,5,0.625,1165,1165,100,1164,0.657397107897664,0.07452725250278092,0.07563959955506117,0.6108247422680413,0.6701030927835051,0.13831615120274915,0.38917525773195877,0.44587628865979384,0.6649484536082474
conf,mosei,TMDC,3,v,,4,,,selected,cross_mask,5,0.625,1165,1165,100,1164,0.657397107897664,0.05228031145717471,0.07563959955506117,0.6108247422680413,0.6537800687285223,0.059278350515463915,0.38917525773195877,0.21477663230240548,0.6649484536082474
conf,mosei,TMDC,3,v,,5,,,selected,cross_mask,5,0.625,1165,1165,100,1164,0.657397107897664,0.07452725250278092,0.07563959955506117,0.6108247422680413,0.6701030927835051,0.13831615120274915,0.38917525773195877,0.44587628865979384,0.6649484536082474
conf,mosei,TMDC,3,v,,6,,,selected,cross_mask,5,0.625,1165,1165,100,1164,0.657397107897664,0.07675194660734153,0.07563959955506117,0.6108247422680413,0.6718213058419243,0.13917525773195877,0.38917525773195877,0.4484536082474227,0.6649484536082474
conf,mosei,TMDC,3,v,,7,,,selected,cross_mask,5,0.625,1165,1165,100,1164,0.657397107897664,0.07563959955506117,0.07563959955506117,0.6108247422680413,0.6709621993127147,0.13917525773195877,0.38917525773195877,0.4475945017182131,0.6649484536082474
conf,mosei,TMDC,3,v,,0,,,selected,cross_mask,5,0.625,1165,1165,200,1164,0.657397107897664,0.07675194660734153,0.07563959955506117,0.6108247422680413,0.6718213058419243,0.13917525773195877,0.38917525773195877,0.4484536082474227,0.6649484536082474
conf,mosei,TMDC,3,v,,1,,,selected,cross_mask,5,0.625,1165,1165,200,1164,0.657397107897664,0.07563959955506117,0.07563959955506117,0.6108247422680413,0.6709621993127147,0.13917525773195877,0.38917525773195877,0.4475945017182131,0.6649484536082474
conf,mosei,TMDC,3,v,,2,,,selected,cross_mask,5,0.625,1165,1165,200,1164,0.657397107897664,0.07563959955506117,0.07563959955506117,0.6108247422680413,0.6709621993127147,0.13917525773195877,0.38917525773195877,0.4475945017182131,0.6649484536082474
conf,mosei,TMDC,3,v,,3,,,selected,cross_mask,5,0.625,1165,1165,200,1164,0.657397107897664,0.07452725250278092,0.07563959955506117,0.6108247422680413,0.6701030927835051,0.13831615120274915,0.38917525773195877,0.44587628865979384,0.6649484536082474
conf,mosei,TMDC,3,v,,4,,,selected,cross_mask,5,0.625,1165,1165,200,1164,0.657397107897664,0.07563959955506117,0.07563959955506117,0.6108247422680413,0.6709621993127147,0.13917525773195877,0.38917525773195877,0.4475945017182131,0.6649484536082474
conf,mosei,TMDC,3,v,,5,,,selected,cross_mask,5,0.625,1165,1165,200,1164,0.657397107897664,0.07452725250278092,0.07563959955506117,0.6108247422680413,0.6701030927835051,0.13831615120274915,0.38917525773195877,0.44587628865979384,0.6649484536082474
conf,mosei,TMDC,3,v,,6,,,selected,cross_mask,5,0.625,1165,1165,200,1164,0.657397107897664,0.07675194660734153,0.07563959955506117,0.6108247422680413,0.6718213058419243,0.13917525773195877,0.38917525773195877,0.4484536082474227,0.6649484536082474
conf,mosei,TMDC,3,v,,7,,,selected,cross_mask,5,0.625,1165,1165,200,1164,0.657397107897664,0.07675194660734153,0.07563959955506117,0.6108247422680413,0.6718213058419243,0.13917525773195877,0.38917525773195877,0.4484536082474227,0.6649484536082474
conf,mosei,TMDC,3,v,,0,,,selected,cross_mask,5,0.625,1165,1165,400,1164,0.657397107897664,0.07563959955506117,0.07563959955506117,0.6108247422680413,0.6709621993127147,0.13917525773195877,0.38917525773195877,0.4475945017182131,0.6649484536082474
conf,mosei,TMDC,3,v,,1,,,selected,cross_mask,5,0.625,1165,1165,400,1164,0.657397107897664,0.07452725250278092,0.07563959955506117,0.6108247422680413,0.6701030927835051,0.13831615120274915,0.38917525773195877,0.44587628865979384,0.6649484536082474
conf,mosei,TMDC,3,v,,2,,,selected,cross_mask,5,0.625,1165,1165,400,1164,0.657397107897664,0.07675194660734153,0.07563959955506117,0.6108247422680413,0.6718213058419243,0.13402061855670103,0.38917525773195877,0.4372852233676976,0.6649484536082474
conf,mosei,TMDC,3,v,,3,,,selected,cross_mask,5,0.625,1165,1165,400,1164,0.657397107897664,0.07452725250278092,0.07563959955506117,0.6108247422680413,0.6701030927835051,0.13831615120274915,0.38917525773195877,0.44587628865979384,0.6649484536082474
conf,mosei,TMDC,3,v,,4,,,selected,cross_mask,5,0.625,1165,1165,400,1164,0.657397107897664,0.07675194660734153,0.07563959955506117,0.6108247422680413,0.6718213058419243,0.13917525773195877,0.38917525773195877,0.4484536082474227,0.6649484536082474
conf,mosei,TMDC,3,v,,5,,,selected,cross_mask,5,0.625,1165,1165,400,1164,0.657397107897664,0.07452725250278092,0.07563959955506117,0.6108247422680413,0.6701030927835051,0.13831615120274915,0.38917525773195877,0.44587628865979384,0.6649484536082474
conf,mosei,TMDC,3,v,,6,,,selected,cross_mask,5,0.625,1165,1165,400,1164,0.657397107897664,0.07675194660734153,0.07563959955506117,0.6108247422680413,0.6718213058419243,0.13917525773195877,0.38917525773195877,0.4484536082474227,0.6649484536082474
conf,mosei,TMDC,3,v,,7,,,selected,cross_mask,5,0.625,1165,1165,400,1164,0.657397107897664,0.07675194660734153,0.07563959955506117,0.6108247422680413,0.6718213058419243,0.13917525773195877,0.38917525773195877,0.4484536082474227,0.6649484536082474
conf,mosei,TMDC,4,v,,0,,,selected,cross_mask,12,0.6000000000000001,1165,1165,1165,1164,0.6539753639417694,0.04143337066069419,0.043673012318029114,0.595360824742268,0.6194158075601375,0.12714776632302405,0.4802405498281787,0.39690721649484534,0.6151202749140894
conf,mosei,TMDC,4,v,,0,,,selected,cross_mask,12,0.6000000000000001,1165,1165,50,1164,0.6539753639417694,0.04255319148936165,0.043673012318029114,0.595360824742268,0.6194158075601375,0.1331615120274914,0.4802405498281787,0.41237113402061853,0.6151202749140894
conf,mosei,TMDC,4,v,,1,,,selected,cross_mask,12,0.6000000000000001,1165,1165,50,1164,0.6539753639417694,0.04255319148936165,0.043673012318029114,0.595360824742268,0.6202749140893471,0.11082474226804123,0.4802405498281787,0.34621993127147765,0.6151202749140894
conf,mosei,TMDC,4,v,,2,,,selected,cross_mask,12,0.6000000000000001,1165,1165,50,1164,0.6539753639417694,0.04255319148936165,0.043673012318029114,0.595360824742268,0.6194158075601375,0.1331615120274914,0.4802405498281787,0.41237113402061853,0.6151202749140894
conf,mosei,TMDC,4,v,,3,,,selected,cross_mask,12,0.6000000000000001,1165,1165,50,1164,0.6539753639417694,0.04143337066069419,0.043673012318029114,0.595360824742268,0.6194158075601375,0.12371134020618557,0.4802405498281787,0.38745704467353953,0.6151202749140894
conf,mosei,TMDC,4,v,,4,,,selected,cross_mask,12,0.6000000000000001,1165,1165,50,1164,0.6539753639417694,0.04031354983202684,0.043673012318029114,0.595360824742268,0.6185567010309279,0.08934707903780069,0.4802405498281787,0.24828178694158076,0.6151202749140894
conf,mosei,TMDC,4,v,,5,,,selected,cross_mask,12,0.6000000000000001,1165,1165,50,1164,0.6539753639417694,0.04255319148936165,0.043673012318029114,0.595360824742268,0.6194158075601375,0.1331615120274914,0.4802405498281787,0.41237113402061853,0.6151202749140894
conf,mosei,TMDC,4,v,,6,,,selected,cross_mask,12,0.6000000000000001,1165,1165,50,1164,0.6539753639417694,0.04143337066069419,0.043673012318029114,0.595360824742268,0.6194158075601375,0.12714776632302405,0.4802405498281787,0.39690721649484534,0.6151202749140894
conf,mosei,TMDC,4,v,,7,,,selected,cross_mask,12,0.6000000000000001,1165,1165,50,1164,0.6539753639417694,0.04143337066069419,0.043673012318029114,0.595360824742268,0.6194158075601375,0.12714776632302405,0.4802405498281787,0.39690721649484534,0.6151202749140894
conf,mosei,TMDC,4,v,,0,,,selected,cross_mask,12,0.6000000000000001,1165,1165,100,1164,0.6539753639417694,0.04143337066069419,0.043673012318029114,0.595360824742268,0.6194158075601375,0.12714776632302405,0.4802405498281787,0.39690721649484534,0.6151202749140894
conf,mosei,TMDC,4,v,,1,,,selected,cross_mask,12,0.6000000000000001,1165,1165,100,1164,0.6539753639417694,0.04143337066069419,0.043673012318029114,0.595360824742268,0.6194158075601375,0.12714776632302405,0.4802405498281787,0.39690721649484534,0.6151202749140894
conf,mosei,TMDC,4,v,,2,,,selected,cross_mask,12,0.6000000000000001,1165,1165,100,1164,0.6539753639417694,0.04143337066069419,0.043673012318029114,0.595360824742268,0.6194158075601375,0.12714776632302405,0.4802405498281787,0.39690721649484534,0.6151202749140894
conf,mosei,TMDC,4,v,,3,,,selected,cross_mask,12,0.6000000000000001,1165,1165,100,1164,0.6539753639417694,0.04143337066069419,0.043673012318029114,0.595360824742268,0.6194158075601375,0.12714776632302405,0.4802405498281787,0.39690721649484534,0.6151202749140894
conf,mosei,TMDC,4,v,,4,,,selected,cross_mask,12,0.6000000000000001,1165,1165,100,1164,0.6539753639417694,0.04143337066069419,0.043673012318029114,0.595360824742268,0.6194158075601375,0.12714776632302405,0.4802405498281787,0.39690721649484534,0.6151202749140894
conf,mosei,TMDC,4,v,,5,,,selected,cross_mask,12,0.6000000000000001,1165,1165,100,1164,0.6539753639417694,0.04143337066069419,0.043673012318029114,0.595360824742268,0.6194158075601375,0.12714776632302405,0.4802405498281787,0.39690721649484534,0.6151202749140894
conf,mosei,TMDC,4,v,,6,,,selected,cross_mask,12,0.6000000000000001,1165,1165,100,1164,0.6539753639417694,0.04143337066069419,0.043673012318029114,0.595360824742268,0.6194158075601375,0.12714776632302405,0.4802405498281787,0.39690721649484534,0.6151202749140894
conf,mosei,TMDC,4,v,,7,,,selected,cross_mask,12,0.6000000000000001,1165,1165,100,1164,0.6539753639417694,0.04143337066069419,0.043673012318029114,0.595360824742268,0.6194158075601375,0.12714776632302405,0.4802405498281787,0.39690721649484534,0.6151202749140894
conf,mosei,TMDC,4,v,,0,,,selected,cross_mask,12,0.6000000000000001,1165,1165,200,1164,0.6539753639417694,0.04255319148936165,0.043673012318029114,0.595360824742268,0.6194158075601375,0.1331615120274914,0.4802405498281787,0.41237113402061853,0.6151202749140894
conf,mosei,TMDC,4,v,,1,,,selected,cross_mask,12,0.6000000000000001,1165,1165,200,1164,0.6539753639417694,0.04143337066069419,0.043673012318029114,0.595360824742268,0.6194158075601375,0.12714776632302405,0.4802405498281787,0.39690721649484534,0.6151202749140894
conf,mosei,TMDC,4,v,,2,,,selected,cross_mask,12,0.6000000000000001,1165,1165,200,1164,0.6539753639417694,0.04143337066069419,0.043673012318029114,0.595360824742268,0.6194158075601375,0.12714776632302405,0.4802405498281787,0.39690721649484534,0.6151202749140894
conf,mosei,TMDC,4,v,,3,,,selected,cross_mask,12,0.6000000000000001,1165,1165,200,1164,0.6539753639417694,0.04143337066069419,0.043673012318029114,0.595360824742268,0.6194158075601375,0.12714776632302405,0.4802405498281787,0.39690721649484534,0.6151202749140894
conf,mosei,TMDC,4,v,,4,,,selected,cross_mask,12,0.6000000000000001,1165,1165,200,1164,0.6539753639417694,0.04143337066069419,0.043673012318029114,0.595360824742268,0.6194158075601375,0.12714776632302405,0.4802405498281787,0.39690721649484534,0.6151202749140894
conf,mosei,TMDC,4,v,,5,,,selected,cross_mask,12,0.6000000000000001,1165,1165,200,1164,0.6539753639417694,0.04143337066069419,0.043673012318029114,0.595360824742268,0.6194158075601375,0.12714776632302405,0.4802405498281787,0.39690721649484534,0.6151202749140894
conf,mosei,TMDC,4,v,,6,,,selected,cross_mask,12,0.6000000000000001,1165,1165,200,1164,0.6539753639417694,0.04143337066069419,0.043673012318029114,0.595360824742268,0.6194158075601375,0.12714776632302405,0.4802405498281787,0.39690721649484534,0.6151202749140894
conf,mosei,TMDC,4,v,,7,,,selected,cross_mask,12,0.6000000000000001,1165,1165,200,1164,0.6539753639417694,0.04143337066069419,0.043673012318029114,0.595360824742268,0.6194158075601375,0.12714776632302405,0.4802405498281787,0.39690721649484534,0.6151202749140894
conf,mosei,TMDC,4,v,,0,,,selected,cross_mask,12,0.6000000000000001,1165,1165,400,1164,0.6539753639417694,0.04143337066069419,0.043673012318029114,0.595360824742268,0.6194158075601375,0.12714776632302405,0.4802405498281787,0.39690721649484534,0.6151202749140894
conf,mosei,TMDC,4,v,,1,,,selected,cross_mask,12,0.6000000000000001,1165,1165,400,1164,0.6539753639417694,0.04143337066069419,0.043673012318029114,0.595360824742268,0.6194158075601375,0.12714776632302405,0.4802405498281787,0.39690721649484534,0.6151202749140894
conf,mosei,TMDC,4,v,,2,,,selected,cross_mask,12,0.6000000000000001,1165,1165,400,1164,0.6539753639417694,0.04143337066069419,0.043673012318029114,0.595360824742268,0.6194158075601375,0.12714776632302405,0.4802405498281787,0.39690721649484534,0.6151202749140894
conf,mosei,TMDC,4,v,,3,,,selected,cross_mask,12,0.6000000000000001,1165,1165,400,1164,0.6539753639417694,0.04143337066069419,0.043673012318029114,0.595360824742268,0.6194158075601375,0.12714776632302405,0.4802405498281787,0.39690721649484534,0.6151202749140894
conf,mosei,TMDC,4,v,,4,,,selected,cross_mask,12,0.6000000000000001,1165,1165,400,1164,0.6539753639417694,0.04143337066069419,0.043673012318029114,0.595360824742268,0.6194158075601375,0.12714776632302405,0.4802405498281787,0.3917525773195876,0.6151202749140894
conf,mosei,TMDC,4,v,,5,,,selected,cross_mask,12,0.6000000000000001,1165,1165,400,1164,0.6539753639417694,0.04143337066069419,0.043673012318029114,0.595360824742268,0.6194158075601375,0.12714776632302405,0.4802405498281787,0.39690721649484534,0.6151202749140894
conf,mosei,TMDC,4,v,,6,,,selected,cross_mask,12,0.6000000000000001,1165,1165,400,1164,0.6539753639417694,0.04255319148936165,0.043673012318029114,0.595360824742268,0.6194158075601375,0.1331615120274914,0.4802405498281787,0.41237113402061853,0.6151202749140894
conf,mosei,TMDC,4,v,,7,,,selected,cross_mask,12,0.6000000000000001,1165,1165,400,1164,0.6539753639417694,0.04255319148936165,0.043673012318029114,0.595360824742268,0.6194158075601375,0.1331615120274914,0.4802405498281787,0.41237113402061853,0.6151202749140894
conf,mosei,TMDC,0,av,,0,,,selected,cross_mask,3,0.7000000000000001,1165,1165,1165,1164,0.6910299003322259,0.02879291251384275,0.060908084163898146,0.6400343642611683,0.6701030927835051,0.08762886597938144,0.35051546391752575,0.3634020618556701,0.6752577319587629
conf,mosei,TMDC,0,av,,0,,,selected,cross_mask,3,0.7000000000000001,1165,1165,50,1164,0.6910299003322259,0.02879291251384275,0.060908084163898146,0.6400343642611683,0.6701030927835051,0.08762886597938144,0.35051546391752575,0.3634020618556701,0.6752577319587629
conf,mosei,TMDC,0,av,,1,,,selected,cross_mask,3,0.7000000000000001,1165,1165,50,1164,0.6910299003322259,0.029900332225913595,0.060908084163898146,0.6400343642611683,0.6701030927835051,0.09621993127147767,0.35051546391752575,0.38917525773195877,0.6752577319587629
conf,mosei,TMDC,0,av,,2,,,selected,cross_mask,3,0.7000000000000001,1165,1165,50,1164,0.6910299003322259,0.02879291251384275,0.060908084163898146,0.6400343642611683,0.6701030927835051,0.08762886597938144,0.35051546391752575,0.3634020618556701,0.6752577319587629
conf,mosei,TMDC,0,av,,3,,,selected,cross_mask,3,0.7000000000000001,1165,1165,50,1164,0.6910299003322259,0.027685492801771905,0.060908084163898146,0.6400343642611683,0.6692439862542955,0.08505154639175258,0.35051546391752575,0.3556701030927835,0.6752577319587629
conf,mosei,TMDC,0,av,,4,,,selected,cross_mask,3,0.7000000000000001,1165,1165,50,1164,0.6910299003322259,0.029900332225913595,0.060908084163898146,0.6400343642611683,0.6701030927835051,0.09621993127147767,0.35051546391752575,0.38917525773195877,0.6752577319587629
conf,mosei,TMDC,0,av,,5,,,selected,cross_mask,3,0.7000000000000001,1165,1165,50,1164,0.6910299003322259,0.029900332225913595,0.060908084163898146,0.6400343642611683,0.6701030927835051,0.09621993127147767,0.35051546391752575,0.38917525773195877,0.6752577319587629
conf,mosei,TMDC,0,av,,6,,,selected,cross_mask,3,0.7000000000000001,1165,1165,50,1164,0.6910299003322259,0.029900332225913595,0.060908084163898146,0.6400343642611683,0.6701030927835051,0.09621993127147767,0.35051546391752575,0.38917525773195877,0.6752577319587629
conf,mosei,TMDC,0,av,,7,,,selected,cross_mask,3,0.7000000000000001,1165,1165,50,1164,0.6910299003322259,0.029900332225913595,0.060908084163898146,0.6400343642611683,0.6701030927835051,0.09621993127147767,0.35051546391752575,0.38917525773195877,0.6752577319587629
conf,mosei,TMDC,0,av,,0,,,selected,cross_mask,3,0.7000000000000001,1165,1165,100,1164,0.6910299003322259,0.029900332225913595,0.060908084163898146,0.6400343642611683,0.6709621993127147,0.08762886597938144,0.35051546391752575,0.36683848797250856,0.6752577319587629
conf,mosei,TMDC,0,av,,1,,,selected,cross_mask,3,0.7000000000000001,1165,1165,100,1164,0.6910299003322259,0.02879291251384275,0.060908084163898146,0.6400343642611683,0.6701030927835051,0.08762886597938144,0.35051546391752575,0.3634020618556701,0.6752577319587629
conf,mosei,TMDC,0,av,,2,,,selected,cross_mask,3,0.7000000000000001,1165,1165,100,1164,0.6910299003322259,0.02879291251384275,0.060908084163898146,0.6400343642611683,0.6701030927835051,0.09192439862542956,0.35051546391752575,0.37628865979381443,0.6752577319587629
conf,mosei,TMDC,0,av,,3,,,selected,cross_mask,3,0.7000000000000001,1165,1165,100,1164,0.6910299003322259,0.02879291251384275,0.060908084163898146,0.6400343642611683,0.6701030927835051,0.08762886597938144,0.35051546391752575,0.3634020618556701,0.6752577319587629
conf,mosei,TMDC,0,av,,4,,,selected,cross_mask,3,0.7000000000000001,1165,1165,100,1164,0.6910299003322259,0.02879291251384275,0.060908084163898146,0.6400343642611683,0.6701030927835051,0.08762886597938144,0.35051546391752575,0.3634020618556701,0.6752577319587629
conf,mosei,TMDC,0,av,,5,,,selected,cross_mask,3,0.7000000000000001,1165,1165,100,1164,0.6910299003322259,0.029900332225913595,0.060908084163898146,0.6400343642611683,0.6709621993127147,0.08762886597938144,0.35051546391752575,0.36683848797250856,0.6752577319587629
conf,mosei,TMDC,0,av,,6,,,selected,cross_mask,3,0.7000000000000001,1165,1165,100,1164,0.6910299003322259,0.02879291251384275,0.060908084163898146,0.6400343642611683,0.6701030927835051,0.08762886597938144,0.35051546391752575,0.3634020618556701,0.6752577319587629
conf,mosei,TMDC,0,av,,7,,,selected,cross_mask,3,0.7000000000000001,1165,1165,100,1164,0.6910299003322259,0.029900332225913595,0.060908084163898146,0.6400343642611683,0.6709621993127147,0.08762886597938144,0.35051546391752575,0.36683848797250856,0.6752577319587629
conf,mosei,TMDC,0,av,,0,,,selected,cross_mask,3,0.7000000000000001,1165,1165,200,1164,0.6910299003322259,0.029900332225913595,0.060908084163898146,0.6400343642611683,0.6701030927835051,0.09621993127147767,0.35051546391752575,0.38917525773195877,0.6752577319587629
conf,mosei,TMDC,0,av,,1,,,selected,cross_mask,3,0.7000000000000001,1165,1165,200,1164,0.6910299003322259,0.029900332225913595,0.060908084163898146,0.6400343642611683,0.6701030927835051,0.09621993127147767,0.35051546391752575,0.38917525773195877,0.6752577319587629
conf,mosei,TMDC,0,av,,2,,,selected,cross_mask,3,0.7000000000000001,1165,1165,200,1164,0.6910299003322259,0.029900332225913595,0.060908084163898146,0.6400343642611683,0.6709621993127147,0.08762886597938144,0.35051546391752575,0.36683848797250856,0.6752577319587629
conf,mosei,TMDC,0,av,,3,,,selected,cross_mask,3,0.7000000000000001,1165,1165,200,1164,0.6910299003322259,0.029900332225913595,0.060908084163898146,0.6400343642611683,0.6709621993127147,0.08762886597938144,0.35051546391752575,0.36683848797250856,0.6752577319587629
conf,mosei,TMDC,0,av,,4,,,selected,cross_mask,3,0.7000000000000001,1165,1165,200,1164,0.6910299003322259,0.02879291251384275,0.060908084163898146,0.6400343642611683,0.6701030927835051,0.08762886597938144,0.35051546391752575,0.3634020618556701,0.6752577319587629
conf,mosei,TMDC,0,av,,5,,,selected,cross_mask,3,0.7000000000000001,1165,1165,200,1164,0.6910299003322259,0.02879291251384275,0.060908084163898146,0.6400343642611683,0.6701030927835051,0.08762886597938144,0.35051546391752575,0.3634020618556701,0.6752577319587629
conf,mosei,TMDC,0,av,,6,,,selected,cross_mask,3,0.7000000000000001,1165,1165,200,1164,0.6910299003322259,0.02879291251384275,0.060908084163898146,0.6400343642611683,0.6701030927835051,0.08762886597938144,0.35051546391752575,0.3634020618556701,0.6752577319587629
conf,mosei,TMDC,0,av,,7,,,selected,cross_mask,3,0.7000000000000001,1165,1165,200,1164,0.6910299003322259,0.02879291251384275,0.060908084163898146,0.6400343642611683,0.6701030927835051,0.08762886597938144,0.35051546391752575,0.3634020618556701,0.6752577319587629
conf,mosei,TMDC,0,av,,0,,,selected,cross_mask,3,0.7000000000000001,1165,1165,400,1164,0.6910299003322259,0.02879291251384275,0.060908084163898146,0.6400343642611683,0.6701030927835051,0.08762886597938144,0.35051546391752575,0.3634020618556701,0.6752577319587629
conf,mosei,TMDC,0,av,,1,,,selected,cross_mask,3,0.7000000000000001,1165,1165,400,1164,0.6910299003322259,0.02879291251384275,0.060908084163898146,0.6400343642611683,0.6701030927835051,0.08762886597938144,0.35051546391752575,0.3634020618556701,0.6752577319587629
conf,mosei,TMDC,0,av,,2,,,selected,cross_mask,3,0.7000000000000001,1165,1165,400,1164,0.6910299003322259,0.02879291251384275,0.060908084163898146,0.6400343642611683,0.6701030927835051,0.08762886597938144,0.35051546391752575,0.3634020618556701,0.6752577319587629
conf,mosei,TMDC,0,av,,3,,,selected,cross_mask,3,0.7000000000000001,1165,1165,400,1164,0.6910299003322259,0.02879291251384275,0.060908084163898146,0.6400343642611683,0.6701030927835051,0.08762886597938144,0.35051546391752575,0.3634020618556701,0.6752577319587629
conf,mosei,TMDC,0,av,,4,,,selected,cross_mask,3,0.7000000000000001,1165,1165,400,1164,0.6910299003322259,0.029900332225913595,0.060908084163898146,0.6400343642611683,0.6709621993127147,0.09192439862542956,0.35051546391752575,0.3788659793814433,0.6752577319587629
conf,mosei,TMDC,0,av,,5,,,selected,cross_mask,3,0.7000000000000001,1165,1165,400,1164,0.6910299003322259,0.02879291251384275,0.060908084163898146,0.6400343642611683,0.6701030927835051,0.08762886597938144,0.35051546391752575,0.3634020618556701,0.6752577319587629
conf,mosei,TMDC,0,av,,6,,,selected,cross_mask,3,0.7000000000000001,1165,1165,400,1164,0.6910299003322259,0.02879291251384275,0.060908084163898146,0.6400343642611683,0.6701030927835051,0.08762886597938144,0.35051546391752575,0.3634020618556701,0.6752577319587629
conf,mosei,TMDC,0,av,,7,,,selected,cross_mask,3,0.7000000000000001,1165,1165,400,1164,0.6910299003322259,0.029900332225913595,0.060908084163898146,0.6400343642611683,0.6701030927835051,0.09621993127147767,0.35051546391752575,0.38917525773195877,0.6752577319587629
conf,mosei,TMDC,1,av,,0,,,selected,cross_mask,12,0.5,1165,1165,1165,1164,0.658669574700109,0.05779716466739371,0.05997818974918212,0.6194158075601375,0.6460481099656358,0.09106529209621993,0.49054982817869414,0.2551546391752577,0.615979381443299
conf,mosei,TMDC,1,av,,0,,,selected,cross_mask,12,0.5,1165,1165,50,1164,0.658669574700109,0.058887677208287914,0.05997818974918212,0.6194158075601375,0.6469072164948454,0.09192439862542956,0.49054982817869414,0.2611683848797251,0.615979381443299
conf,mosei,TMDC,1,av,,1,,,selected,cross_mask,12,0.5,1165,1165,50,1164,0.658669574700109,0.058887677208287914,0.05997818974918212,0.6194158075601375,0.6469072164948454,0.09192439862542956,0.49054982817869414,0.2611683848797251,0.615979381443299
conf,mosei,TMDC,1,av,,2,,,selected,cross_mask,12,0.5,1165,1165,50,1164,0.658669574700109,0.058887677208287914,0.05997818974918212,0.6194158075601375,0.6469072164948454,0.09192439862542956,0.49054982817869414,0.2611683848797251,0.615979381443299
conf,mosei,TMDC,1,av,,3,,,selected,cross_mask,12,0.5,1165,1165,50,1164,0.658669574700109,0.058887677208287914,0.05997818974918212,0.6194158075601375,0.6469072164948454,0.09192439862542956,0.49054982817869414,0.2611683848797251,0.615979381443299
conf,mosei,TMDC,1,av,,4,,,selected,cross_mask,12,0.5,1165,1165,50,1164,0.658669574700109,0.058887677208287914,0.05997818974918212,0.6194158075601375,0.6503436426116839,0.109106529209622,0.49054982817869414,0.3333333333333333,0.615979381443299
conf,mosei,TMDC,1,av,,5,,,selected,cross_mask,12,0.5,1165,1165,50,1164,0.658669574700109,0.05779716466739371,0.05997818974918212,0.6194158075601375,0.6460481099656358,0.09106529209621993,0.49054982817869414,0.2551546391752577,0.615979381443299
conf,mosei,TMDC,1,av,,6,,,selected,cross_mask,12,0.5,1165,1165,50,1164,0.658669574700109,0.058887677208287914,0.05997818974918212,0.6194158075601375,0.6503436426116839,0.109106529209622,0.49054982817869414,0.3333333333333333,0.615979381443299
conf,mosei,TMDC,1,av,,7,,,selected,cross_mask,12,0.5,1165,1165,50,1164,0.658669574700109,0.058887677208287914,0.05997818974918212,0.6194158075601375,0.6503436426116839,0.109106529209622,0.49054982817869414,0.3333333333333333,0.615979381443299
conf,mosei,TMDC,1,av,,0,,,selected,cross_mask,12,0.5,1165,1165,100,1164,0.658669574700109,0.058887677208287914,0.05997818974918212,0.6194158075601375,0.6469072164948454,0.09192439862542956,0.49054982817869414,0.2611683848797251,0.615979381443299
conf,mosei,TMDC,1,av,,1,,,selected,cross_mask,12,0.5,1165,1165,100,1164,0.658669574700109,0.058887677208287914,0.05997818974918212,0.6194158075601375,0.6503436426116839,0.109106529209622,0.49054982817869414,0.3333333333333333,0.615979381443299
conf,mosei,TMDC,1,av,,2,,,selected,cross_mask,12,0.5,1165,1165,100,1164,0.658669574700109,0.058887677208287914,0.05997818974918212,0.6194158075601375,0.6469072164948454,0.09192439862542956,0.49054982817869414,0.2611683848797251,0.615979381443299
conf,mosei,TMDC,1,av,,3,,,selected,cross_mask,12,0.5,1165,1165,100,1164,0.658669574700109,0.058887677208287914,0.05997818974918212,0.6194158075601375,0.6503436426116839,0.109106529209622,0.49054982817869414,0.3333333333333333,0.615979381443299
conf,mosei,TMDC,1,av,,4,,,selected,cross_mask,12,0.5,1165,1165,100,1164,0.658669574700109,0.058887677208287914,0.05997818974918212,0.6194158075601375,0.6503436426116839,0.109106529209622,0.49054982817869414,0.3333333333333333,0.615979381443299
conf,mosei,TMDC,1,av,,5,,,selected,cross_mask,12,0.5,1165,1165,100,1164,0.658669574700109,0.058887677208287914,0.05997818974918212,0.6194158075601375,0.6503436426116839,0.109106529209622,0.49054982817869414,0.3333333333333333,0.615979381443299
conf,mosei,TMDC,1,av,,6,,,selected,cross_mask,12,0.5,1165,1165,100,1164,0.658669574700109,0.058887677208287914,0.05997818974918212,0.6194158075601375,0.6503436426116839,0.109106529209622,0.49054982817869414,0.3333333333333333,0.615979381443299
conf,mosei,TMDC,1,av,,7,,,selected,cross_mask,12,0.5,1165,1165,100,1164,0.658669574700109,0.058887677208287914,0.05997818974918212,0.6194158075601375,0.6503436426116839,0.109106529209622,0.49054982817869414,0.3333333333333333,0.615979381443299
conf,mosei,TMDC,1,av,,0,,,selected,cross_mask,12,0.5,1165,1165,200,1164,0.658669574700109,0.058887677208287914,0.05997818974918212,0.6194158075601375,0.6469072164948454,0.09192439862542956,0.49054982817869414,0.2611683848797251,0.615979381443299
conf,mosei,TMDC,1,av,,1,,,selected,cross_mask,12,0.5,1165,1165,200,1164,0.658669574700109,0.058887677208287914,0.05997818974918212,0.6194158075601375,0.6469072164948454,0.09192439862542956,0.49054982817869414,0.2611683848797251,0.615979381443299
conf,mosei,TMDC,1,av,,2,,,selected,cross_mask,12,0.5,1165,1165,200,1164,0.658669574700109,0.058887677208287914,0.05997818974918212,0.6194158075601375,0.6503436426116839,0.109106529209622,0.49054982817869414,0.3333333333333333,0.615979381443299
conf,mosei,TMDC,1,av,,3,,,selected,cross_mask,12,0.5,1165,1165,200,1164,0.658669574700109,0.05779716466739371,0.05997818974918212,0.6194158075601375,0.6460481099656358,0.09106529209621993,0.49054982817869414,0.2551546391752577,0.615979381443299
conf,mosei,TMDC,1,av,,4,,,selected,cross_mask,12,0.5,1165,1165,200,1164,0.658669574700109,0.05779716466739371,0.05997818974918212,0.6194158075601375,0.6460481099656358,0.09106529209621993,0.49054982817869414,0.2551546391752577,0.615979381443299
conf,mosei,TMDC,1,av,,5,,,selected,cross_mask,12,0.5,1165,1165,200,1164,0.658669574700109,0.058887677208287914,0.05997818974918212,0.6194158075601375,0.6503436426116839,0.109106529209622,0.49054982817869414,0.3333333333333333,0.615979381443299
conf,mosei,TMDC,1,av,,6,,,selected,cross_mask,12,0.5,1165,1165,200,1164,0.658669574700109,0.058887677208287914,0.05997818974918212,0.6194158075601375,0.6469072164948454,0.09192439862542956,0.49054982817869414,0.2611683848797251,0.615979381443299
conf,mosei,TMDC,1,av,,7,,,selected,cross_mask,12,0.5,1165,1165,200,1164,0.658669574700109,0.058887677208287914,0.05997818974918212,0.6194158075601375,0.6469072164948454,0.09192439862542956,0.49054982817869414,0.2611683848797251,0.615979381443299
conf,mosei,TMDC,1,av,,0,,,selected,cross_mask,12,0.5,1165,1165,400,1164,0.658669574700109,0.058887677208287914,0.05997818974918212,0.6194158075601375,0.6503436426116839,0.109106529209622,0.49054982817869414,0.3333333333333333,0.615979381443299
conf,mosei,TMDC,1,av,,1,,,selected,cross_mask,12,0.5,1165,1165,400,1164,0.658669574700109,0.058887677208287914,0.05997818974918212,0.6194158075601375,0.6469072164948454,0.09192439862542956,0.49054982817869414,0.2611683848797251,0.615979381443299
conf,mosei,TMDC,1,av,,2,,,selected,cross_mask,12,0.5,1165,1165,400,1164,0.658669574700109,0.058887677208287914,0.05997818974918212,0.6194158075601375,0.6503436426116839,0.109106529209622,0.49054982817869414,0.3333333333333333,0.615979381443299
conf,mosei,TMDC,1,av,,3,,,selected,cross_mask,12,0.5,1165,1165,400,1164,0.658669574700109,0.058887677208287914,0.05997818974918212,0.6194158075601375,0.6469072164948454,0.09192439862542956,0.49054982817869414,0.2611683848797251,0.615979381443299
conf,mosei,TMDC,1,av,,4,,,selected,cross_mask,12,0.5,1165,1165,400,1164,0.658669574700109,0.058887677208287914,0.05997818974918212,0.6194158075601375,0.6503436426116839,0.109106529209622,0.49054982817869414,0.3333333333333333,0.615979381443299
conf,mosei,TMDC,1,av,,5,,,selected,cross_mask,12,0.5,1165,1165,400,1164,0.658669574700109,0.058887677208287914,0.05997818974918212,0.6194158075601375,0.6503436426116839,0.109106529209622,0.49054982817869414,0.3333333333333333,0.615979381443299
conf,mosei,TMDC,1,av,,6,,,selected,cross_mask,12,0.5,1165,1165,400,1164,0.658669574700109,0.058887677208287914,0.05997818974918212,0.6194158075601375,0.6503436426116839,0.109106529209622,0.49054982817869414,0.3333333333333333,0.615979381443299
conf,mosei,TMDC,1,av,,7,,,selected,cross_mask,12,0.5,1165,1165,400,1164,0.658669574700109,0.058887677208287914,0.05997818974918212,0.6194158075601375,0.6503436426116839,0.109106529209622,0.49054982817869414,0.3333333333333333,0.615979381443299
conf,mosei,TMDC,2,av,,0,,,selected,cross_mask,8,0.7250000000000001,1165,1165,1165,1164,0.711731843575419,0.04357541899441342,0.042458100558659284,0.6451890034364262,0.6743986254295533,0.10223367697594501,0.38831615120274915,0.3238831615120275,0.6855670103092784
conf,mosei,TMDC,2,av,,0,,,selected,cross_mask,8,0.7250000000000001,1165,1165,50,1164,0.711731843575419,0.027932960893854775,0.042458100558659284,0.6451890034364262,0.665807560137457,0.05412371134020619,0.38831615120274915,0.20103092783505155,0.6855670103092784
conf,mosei,TMDC,2,av,,1,,,selected,cross_mask,8,0.7250000000000001,1165,1165,50,1164,0.711731843575419,0.04469273743016766,0.042458100558659284,0.6451890034364262,0.6743986254295533,0.09106529209621993,0.38831615120274915,0.29467353951890035,0.6855670103092784
conf,mosei,TMDC,2,av,,2,,,selected,cross_mask,8,0.7250000000000001,1165,1165,50,1164,0.711731843575419,0.04469273743016766,0.042458100558659284,0.6451890034364262,0.6743986254295533,0.09106529209621993,0.38831615120274915,0.29467353951890035,0.6855670103092784
conf,mosei,TMDC,2,av,,3,,,selected,cross_mask,8,0.7250000000000001,1165,1165,50,1164,0.711731843575419,0.04357541899441342,0.042458100558659284,0.6451890034364262,0.6735395189003437,0.10309278350515463,0.38831615120274915,0.32560137457044674,0.6855670103092784
conf,mosei,TMDC,2,av,,4,,,selected,cross_mask,8,0.7250000000000001,1165,1165,50,1164,0.711731843575419,0.04469273743016766,0.042458100558659284,0.6451890034364262,0.6743986254295533,0.09106529209621993,0.38831615120274915,0.29467353951890035,0.6855670103092784
conf,mosei,TMDC,2,av,,5,,,selected,cross_mask,8,0.7250000000000001,1165,1165,50,1164,0.711731843575419,0.04357541899441342,0.042458100558659284,0.6451890034364262,0.6735395189003437,0.10309278350515463,0.38831615120274915,0.32560137457044674,0.6855670103092784
conf,mosei,TMDC,2,av,,6,,,selected,cross_mask,8,0.7250000000000001,1165,1165,50,1164,0.711731843575419,0.030167597765363152,0.042458100558659284,0.6451890034364262,0.6666666666666666,0.05154639175257732,0.38831615120274915,0.19158075601374572,0.6855670103092784
conf,mosei,TMDC,2,av,,7,,,selected,cross_mask,8,0.7250000000000001,1165,1165,50,1164,0.711731843575419,0.04469273743016766,0.042458100558659284,0.6451890034364262,0.6743986254295533,0.09106529209621993,0.38831615120274915,0.29467353951890035,0.6855670103092784
conf,mosei,TMDC,2,av,,0,,,selected,cross_mask,8,0.7250000000000001,1165,1165,100,1164,0.711731843575419,0.04357541899441342,0.042458100558659284,0.6451890034364262,0.6743986254295533,0.10051546391752578,0.38831615120274915,0.31958762886597936,0.6855670103092784
conf,mosei,TMDC,2,av,,1,,,selected,cross_mask,8,0.7250000000000001,1165,1165,100,1164,0.711731843575419,0.04357541899441342,0.042458100558659284,0.6451890034364262,0.6735395189003437,0.10309278350515463,0.38831615120274915,0.32560137457044674,0.6855670103092784
conf,mosei,TMDC,2,av,,2,,,selected,cross_mask,8,0.7250000000000001,1165,1165,100,1164,0.711731843575419,0.04357541899441342,0.042458100558659284,0.6451890034364262,0.6735395189003437,0.10309278350515463,0.38831615120274915,0.32560137457044674,0.6855670103092784
conf,mosei,TMDC,2,av,,3,,,selected,cross_mask,8,0.7250000000000001,1165,1165,100,1164,0.711731843575419,0.04357541899441342,0.042458100558659284,0.6451890034364262,0.6735395189003437,0.10309278350515463,0.38831615120274915,0.32560137457044674,0.6855670103092784
conf,mosei,TMDC,2,av,,4,,,selected,cross_mask,8,0.7250000000000001,1165,1165,100,1164,0.711731843575419,0.04357541899441342,0.042458100558659284,0.6451890034364262,0.6735395189003437,0.10309278350515463,0.38831615120274915,0.32560137457044674,0.6855670103092784
conf,mosei,TMDC,2,av,,5,,,selected,cross_mask,8,0.7250000000000001,1165,1165,100,1164,0.711731843575419,0.04357541899441342,0.042458100558659284,0.6451890034364262,0.6743986254295533,0.10051546391752578,0.38831615120274915,0.31958762886597936,0.6855670103092784
conf,mosei,TMDC,2,av,,6,,,selected,cross_mask,8,0.7250000000000001,1165,1165,100,1164,0.711731843575419,0.04469273743016766,0.042458100558659284,0.6451890034364262,0.6743986254295533,0.09106529209621993,0.38831615120274915,0.29467353951890035,0.6855670103092784
conf,mosei,TMDC,2,av,,7,,,selected,cross_mask,8,0.7250000000000001,1165,1165,100,1164,0.711731843575419,0.04357541899441342,0.042458100558659284,0.6451890034364262,0.6735395189003437,0.10309278350515463,0.38831615120274915,0.32560137457044674,0.6855670103092784
conf,mosei,TMDC,2,av,,0,,,selected,cross_mask,8,0.7250000000000001,1165,1165,200,1164,0.711731843575419,0.04357541899441342,0.042458100558659284,0.6451890034364262,0.6743986254295533,0.1013745704467354,0.38831615120274915,0.32216494845360827,0.6855670103092784
conf,mosei,TMDC,2,av,,1,,,selected,cross_mask,8,0.7250000000000001,1165,1165,200,1164,0.711731843575419,0.04469273743016766,0.042458100558659284,0.6451890034364262,0.6743986254295533,0.09192439862542956,0.38831615120274915,0.29553264604810997,0.6855670103092784
conf,mosei,TMDC,2,av,,2,,,selected,cross_mask,8,0.7250000000000001,1165,1165,200,1164,0.711731843575419,0.04357541899441342,0.042458100558659284,0.6451890034364262,0.6735395189003437,0.10309278350515463,0.38831615120274915,0.32560137457044674,0.6855670103092784
conf,mosei,TMDC,2,av,,3,,,selected,cross_mask,8,0.7250000000000001,1165,1165,200,1164,0.711731843575419,0.04469273743016766,0.042458100558659284,0.6451890034364262,0.6743986254295533,0.09106529209621993,0.38831615120274915,0.29467353951890035,0.6855670103092784
conf,mosei,TMDC,2,av,,4,,,selected,cross_mask,8,0.7250000000000001,1165,1165,200,1164,0.711731843575419,0.04357541899441342,0.042458100558659284,0.6451890034364262,0.6735395189003437,0.10309278350515463,0.38831615120274915,0.32560137457044674,0.6855670103092784
conf,mosei,TMDC,2,av,,5,,,selected,cross_mask,8,0.7250000000000001,1165,1165,200,1164,0.711731843575419,0.04357541899441342,0.042458100558659284,0.6451890034364262,0.6735395189003437,0.10309278350515463,0.38831615120274915,0.32560137457044674,0.6855670103092784
conf,mosei,TMDC,2,av,,6,,,selected,cross_mask,8,0.7250000000000001,1165,1165,200,1164,0.711731843575419,0.04469273743016766,0.042458100558659284,0.6451890034364262,0.6743986254295533,0.09106529209621993,0.38831615120274915,0.29467353951890035,0.6855670103092784
conf,mosei,TMDC,2,av,,7,,,selected,cross_mask,8,0.7250000000000001,1165,1165,200,1164,0.711731843575419,0.04357541899441342,0.042458100558659284,0.6451890034364262,0.6743986254295533,0.1013745704467354,0.38831615120274915,0.32216494845360827,0.6855670103092784
conf,mosei,TMDC,2,av,,0,,,selected,cross_mask,8,0.7250000000000001,1165,1165,400,1164,0.711731843575419,0.04357541899441342,0.042458100558659284,0.6451890034364262,0.6735395189003437,0.10309278350515463,0.38831615120274915,0.32560137457044674,0.6855670103092784
conf,mosei,TMDC,2,av,,1,,,selected,cross_mask,8,0.7250000000000001,1165,1165,400,1164,0.711731843575419,0.04469273743016766,0.042458100558659284,0.6451890034364262,0.6743986254295533,0.09106529209621993,0.38831615120274915,0.29467353951890035,0.6855670103092784
conf,mosei,TMDC,2,av,,2,,,selected,cross_mask,8,0.7250000000000001,1165,1165,400,1164,0.711731843575419,0.04357541899441342,0.042458100558659284,0.6451890034364262,0.6735395189003437,0.10309278350515463,0.38831615120274915,0.32560137457044674,0.6855670103092784
conf,mosei,TMDC,2,av,,3,,,selected,cross_mask,8,0.7250000000000001,1165,1165,400,1164,0.711731843575419,0.04357541899441342,0.042458100558659284,0.6451890034364262,0.6743986254295533,0.10051546391752578,0.38831615120274915,0.31958762886597936,0.6855670103092784
conf,mosei,TMDC,2,av,,4,,,selected,cross_mask,8,0.7250000000000001,1165,1165,400,1164,0.711731843575419,0.04357541899441342,0.042458100558659284,0.6451890034364262,0.6735395189003437,0.10309278350515463,0.38831615120274915,0.32560137457044674,0.6855670103092784
conf,mosei,TMDC,2,av,,5,,,selected,cross_mask,8,0.7250000000000001,1165,1165,400,1164,0.711731843575419,0.04469273743016766,0.042458100558659284,0.6451890034364262,0.6743986254295533,0.09106529209621993,0.38831615120274915,0.29467353951890035,0.6855670103092784
conf,mosei,TMDC,2,av,,6,,,selected,cross_mask,8,0.7250000000000001,1165,1165,400,1164,0.711731843575419,0.045810055865921795,0.042458100558659284,0.6451890034364262,0.6769759450171822,0.0979381443298969,0.38831615120274915,0.3161512027491409,0.6855670103092784
conf,mosei,TMDC,2,av,,7,,,selected,cross_mask,8,0.7250000000000001,1165,1165,400,1164,0.711731843575419,0.04357541899441342,0.042458100558659284,0.6451890034364262,0.6735395189003437,0.10309278350515463,0.38831615120274915,0.32560137457044674,0.6855670103092784
conf,mosei,TMDC,3,av,,0,,,selected,cross_mask,8,0.75,1165,1165,1165,1164,0.6562847608453838,0.07786429365962177,0.08120133481646274,0.622852233676976,0.6726804123711341,0.16065292096219932,0.4475945017182131,0.5154639175257731,0.6701030927835051
conf,mosei,TMDC,3,av,,0,,,selected,cross_mask,8,0.75,1165,1165,50,1164,0.6562847608453838,0.07786429365962177,0.08120133481646274,0.622852233676976,0.6726804123711341,0.16065292096219932,0.4475945017182131,0.5154639175257731,0.6701030927835051
conf,mosei,TMDC,3,av,,1,,,selected,cross_mask,8,0.75,1165,1165,50,1164,0.6562847608453838,0.07675194660734141,0.08120133481646274,0.622852233676976,0.6718213058419243,0.16752577319587628,0.4475945017182131,0.5300687285223368,0.6701030927835051
conf,mosei,TMDC,3,av,,2,,,selected,cross_mask,8,0.75,1165,1165,50,1164,0.6562847608453838,0.06340378197997776,0.08120133481646274,0.622852233676976,0.6597938144329897,0.10481099656357389,0.4475945017182131,0.3281786941580756,0.6701030927835051
conf,mosei,TMDC,3,av,,3,,,selected,cross_mask,8,0.75,1165,1165,50,1164,0.6562847608453838,0.07675194660734141,0.08120133481646274,0.622852233676976,0.6718213058419243,0.16752577319587628,0.4475945017182131,0.5300687285223368,0.6701030927835051
conf,mosei,TMDC,3,av,,4,,,selected,cross_mask,8,0.75,1165,1165,50,1164,0.6562847608453838,0.07675194660734141,0.08120133481646274,0.622852233676976,0.6718213058419243,0.16752577319587628,0.4475945017182131,0.5300687285223368,0.6701030927835051
conf,mosei,TMDC,3,av,,5,,,selected,cross_mask,8,0.75,1165,1165,50,1164,0.6562847608453838,0.06340378197997776,0.08120133481646274,0.622852233676976,0.6597938144329897,0.10481099656357389,0.4475945017182131,0.3281786941580756,0.6701030927835051
conf,mosei,TMDC,3,av,,6,,,selected,cross_mask,8,0.75,1165,1165,50,1164,0.6562847608453838,0.07675194660734141,0.08120133481646274,0.622852233676976,0.6718213058419243,0.15893470790378006,0.4475945017182131,0.511168384879725,0.6701030927835051
conf,mosei,TMDC,3,av,,7,,,selected,cross_mask,8,0.75,1165,1165,50,1164,0.6562847608453838,0.06674082313681862,0.08120133481646274,0.622852233676976,0.665807560137457,0.1134020618556701,0.4475945017182131,0.3694158075601375,0.6701030927835051
conf,mosei,TMDC,3,av,,0,,,selected,cross_mask,8,0.75,1165,1165,100,1164,0.6562847608453838,0.07675194660734141,0.08120133481646274,0.622852233676976,0.6718213058419243,0.1563573883161512,0.4475945017182131,0.506872852233677,0.6701030927835051
conf,mosei,TMDC,3,av,,1,,,selected,cross_mask,8,0.75,1165,1165,100,1164,0.6562847608453838,0.0723025583982202,0.08120133481646274,0.622852233676976,0.6709621993127147,0.12457044673539519,0.4475945017182131,0.4166666666666667,0.6701030927835051
conf,mosei,TMDC,3,av,,2,,,selected,cross_mask,8,0.75,1165,1165,100,1164,0.6562847608453838,0.07675194660734141,0.08120133481646274,0.622852233676976,0.6718213058419243,0.1563573883161512,0.4475945017182131,0.506872852233677,0.6701030927835051
conf,mosei,TMDC,3,av,,3,,,selected,cross_mask,8,0.75,1165,1165,100,1164,0.6562847608453838,0.0422691879866518,0.08120133481646274,0.622852233676976,0.6460481099656358,0.07302405498281787,0.4475945017182131,0.20017182130584193,0.6701030927835051
conf,mosei,TMDC,3,av,,4,,,selected,cross_mask,8,0.75,1165,1165,100,1164,0.6562847608453838,0.0422691879866518,0.08120133481646274,0.622852233676976,0.6460481099656358,0.07216494845360824,0.4475945017182131,0.19931271477663232,0.6701030927835051
conf,mosei,TMDC,3,av,,5,,,selected,cross_mask,8,0.75,1165,1165,100,1164,0.6562847608453838,0.06340378197997776,0.08120133481646274,0.622852233676976,0.6597938144329897,0.10481099656357389,0.4475945017182131,0.3281786941580756,0.6701030927835051
conf,mosei,TMDC,3,av,,6,,,selected,cross_mask,8,0.75,1165,1165,100,1164,0.6562847608453838,0.07675194660734141,0.08120133481646274,0.622852233676976,0.6718213058419243,0.16752577319587628,0.4475945017182131,0.5300687285223368,0.6701030927835051
conf,mosei,TMDC,3,av,,7,,,selected,cross_mask,8,0.75,1165,1165,100,1164,0.6562847608453838,0.07675194660734141,0.08120133481646274,0.622852233676976,0.6718213058419243,0.1563573883161512,0.4475945017182131,0.506872852233677,0.6701030927835051
conf,mosei,TMDC,3,av,,0,,,selected,cross_mask,8,0.75,1165,1165,200,1164,0.6562847608453838,0.07119021134593995,0.08120133481646274,0.622852233676976,0.6701030927835051,0.1211340206185567,0.4475945017182131,0.40034364261168387,0.6701030927835051
conf,mosei,TMDC,3,av,,1,,,selected,cross_mask,8,0.75,1165,1165,200,1164,0.6562847608453838,0.07786429365962177,0.08120133481646274,0.622852233676976,0.6743986254295533,0.13144329896907217,0.4475945017182131,0.4475945017182131,0.6701030927835051
conf,mosei,TMDC,3,av,,2,,,selected,cross_mask,8,0.75,1165,1165,200,1164,0.6562847608453838,0.07675194660734141,0.08120133481646274,0.622852233676976,0.6718213058419243,0.16752577319587628,0.4475945017182131,0.5300687285223368,0.6701030927835051
conf,mosei,TMDC,3,av,,3,,,selected,cross_mask,8,0.75,1165,1165,200,1164,0.6562847608453838,0.07786429365962177,0.08120133481646274,0.622852233676976,0.6726804123711341,0.16065292096219932,0.4475945017182131,0.5154639175257731,0.6701030927835051
conf,mosei,TMDC,3,av,,4,,,selected,cross_mask,8,0.75,1165,1165,200,1164,0.6562847608453838,0.07786429365962177,0.08120133481646274,0.622852233676976,0.6726804123711341,0.16065292096219932,0.4475945017182131,0.5154639175257731,0.6701030927835051
conf,mosei,TMDC,3,av,,5,,,selected,cross_mask,8,0.75,1165,1165,200,1164,0.6562847608453838,0.07341490545050056,0.08120133481646274,0.622852233676976,0.6718213058419243,0.1254295532646048,0.4475945017182131,0.42010309278350516,0.6701030927835051
conf,mosei,TMDC,3,av,,6,,,selected,cross_mask,8,0.75,1165,1165,200,1164,0.6562847608453838,0.07786429365962177,0.08120133481646274,0.622852233676976,0.6726804123711341,0.16065292096219932,0.4475945017182131,0.5154639175257731,0.6701030927835051
conf,mosei,TMDC,3,av,,7,,,selected,cross_mask,8,0.75,1165,1165,200,1164,0.6562847608453838,0.07786429365962177,0.08120133481646274,0.622852233676976,0.6726804123711341,0.16065292096219932,0.4475945017182131,0.5154639175257731,0.6701030927835051
conf,mosei,TMDC,3,av,,0,,,selected,cross_mask,8,0.75,1165,1165,400,1164,0.6562847608453838,0.07786429365962177,0.08120133481646274,0.622852233676976,0.6726804123711341,0.16065292096219932,0.4475945017182131,0.5154639175257731,0.6701030927835051
conf,mosei,TMDC,3,av,,1,,,selected,cross_mask,8,0.75,1165,1165,400,1164,0.6562847608453838,0.07675194660734141,0.08120133481646274,0.622852233676976,0.6718213058419243,0.1563573883161512,0.4475945017182131,0.506872852233677,0.6701030927835051
conf,mosei,TMDC,3,av,,2,,,selected,cross_mask,8,0.75,1165,1165,400,1164,0.6562847608453838,0.07119021134593995,0.08120133481646274,0.622852233676976,0.6701030927835051,0.12457044673539519,0.4475945017182131,0.41494845360824745,0.6701030927835051
conf,mosei,TMDC,3,av,,3,,,selected,cross_mask,8,0.75,1165,1165,400,1164,0.6562847608453838,0.07786429365962177,0.08120133481646274,0.622852233676976,0.6726804123711341,0.16065292096219932,0.4475945017182131,0.5154639175257731,0.6701030927835051
conf,mosei,TMDC,3,av,,4,,,selected,cross_mask,8,0.75,1165,1165,400,1164,0.6562847608453838,0.07786429365962177,0.08120133481646274,0.622852233676976,0.6726804123711341,0.16065292096219932,0.4475945017182131,0.5154639175257731,0.6701030927835051
conf,mosei,TMDC,3,av,,5,,,selected,cross_mask,8,0.75,1165,1165,400,1164,0.6562847608453838,0.07786429365962177,0.08120133481646274,0.622852233676976,0.6726804123711341,0.16065292096219932,0.4475945017182131,0.5154639175257731,0.6701030927835051
conf,mosei,TMDC,3,av,,6,,,selected,cross_mask,8,0.75,1165,1165,400,1164,0.6562847608453838,0.07786429365962177,0.08120133481646274,0.622852233676976,0.6726804123711341,0.16065292096219932,0.4475945017182131,0.5154639175257731,0.6701030927835051
conf,mosei,TMDC,3,av,,7,,,selected,cross_mask,8,0.75,1165,1165,400,1164,0.6562847608453838,0.07786429365962177,0.08120133481646274,0.622852233676976,0.6726804123711341,0.16065292096219932,0.4475945017182131,0.5154639175257731,0.6701030927835051
conf,mosei,TMDC,4,av,,0,,,selected,cross_mask,5,0.55,1165,1165,1165,1164,0.6606942889137738,0.034714445688689755,0.0414333706606943,0.6005154639175257,0.6280068728522337,0.10309278350515463,0.3487972508591065,0.3006872852233677,0.6451890034364262
conf,mosei,TMDC,4,av,,0,,,selected,cross_mask,5,0.55,1165,1165,50,1164,0.6606942889137738,0.034714445688689755,0.0414333706606943,0.6005154639175257,0.6288659793814433,0.09965635738831616,0.3487972508591065,0.29381443298969073,0.6451890034364262
conf,mosei,TMDC,4,av,,1,,,selected,cross_mask,5,0.55,1165,1165,50,1164,0.6606942889137738,0.03247480403135494,0.0414333706606943,0.6005154639175257,0.6262886597938144,0.08934707903780069,0.3487972508591065,0.2654639175257732,0.6451890034364262
conf,mosei,TMDC,4,av,,2,,,selected,cross_mask,5,0.55,1165,1165,50,1164,0.6606942889137738,0.034714445688689755,0.0414333706606943,0.6005154639175257,0.6280068728522337,0.10309278350515463,0.3487972508591065,0.3006872852233677,0.6451890034364262
conf,mosei,TMDC,4,av,,3,,,selected,cross_mask,5,0.55,1165,1165,50,1164,0.6606942889137738,0.034714445688689755,0.0414333706606943,0.6005154639175257,0.6280068728522337,0.10309278350515463,0.3487972508591065,0.3006872852233677,0.6451890034364262
conf,mosei,TMDC,4,av,,4,,,selected,cross_mask,5,0.55,1165,1165,50,1164,0.6606942889137738,0.034714445688689755,0.0414333706606943,0.6005154639175257,0.6280068728522337,0.10309278350515463,0.3487972508591065,0.3006872852233677,0.6451890034364262
conf,mosei,TMDC,4,av,,5,,,selected,cross_mask,5,0.55,1165,1165,50,1164,0.6606942889137738,0.034714445688689755,0.0414333706606943,0.6005154639175257,0.6288659793814433,0.09965635738831616,0.3487972508591065,0.29381443298969073,0.6451890034364262
conf,mosei,TMDC,4,av,,6,,,selected,cross_mask,5,0.55,1165,1165,50,1164,0.6606942889137738,0.034714445688689755,0.0414333706606943,0.6005154639175257,0.6280068728522337,0.10395189003436427,0.3487972508591065,0.30326460481099654,0.6451890034364262
conf,mosei,TMDC,4,av,,7,,,selected,cross_mask,5,0.55,1165,1165,50,1164,0.6606942889137738,0.034714445688689755,0.0414333706606943,0.6005154639175257,0.6280068728522337,0.10309278350515463,0.3487972508591065,0.3006872852233677,0.6451890034364262
conf,mosei,TMDC,4,av,,0,,,selected,cross_mask,5,0.55,1165,1165,100,1164,0.6606942889137738,0.026875699888017968,0.0414333706606943,0.6005154639175257,0.622852233676976,0.07474226804123711,0.3487972508591065,0.23195876288659795,0.6451890034364262
conf,mosei,TMDC,4,av,,1,,,selected,cross_mask,5,0.55,1165,1165,100,1164,0.6606942889137738,0.034714445688689755,0.0414333706606943,0.6005154639175257,0.6280068728522337,0.10309278350515463,0.3487972508591065,0.3006872852233677,0.6451890034364262
conf,mosei,TMDC,4,av,,2,,,selected,cross_mask,5,0.55,1165,1165,100,1164,0.6606942889137738,0.034714445688689755,0.0414333706606943,0.6005154639175257,0.6280068728522337,0.10309278350515463,0.3487972508591065,0.3006872852233677,0.6451890034364262
conf,mosei,TMDC,4,av,,3,,,selected,cross_mask,5,0.55,1165,1165,100,1164,0.6606942889137738,0.034714445688689755,0.0414333706606943,0.6005154639175257,0.6280068728522337,0.10309278350515463,0.3487972508591065,0.3006872852233677,0.6451890034364262
conf,mosei,TMDC,4,av,,4,,,selected,cross_mask,5,0.55,1165,1165,100,1164,0.6606942889137738,0.034714445688689755,0.0414333706606943,0.6005154639175257,0.6288659793814433,0.09965635738831616,0.3487972508591065,0.29381443298969073,0.6451890034364262
conf,mosei,TMDC,4,av,,5,,,selected,cross_mask,5,0.55,1165,1165,100,1164,0.6606942889137738,0.034714445688689755,0.0414333706606943,0.6005154639175257,0.6288659793814433,0.09965635738831616,0.3487972508591065,0.29381443298969073,0.6451890034364262
conf,mosei,TMDC,4,av,,6,,,selected,cross_mask,5,0.55,1165,1165,100,1164,0.6606942889137738,0.03695408734602468,0.0414333706606943,0.6005154639175257,0.6305841924398625,0.0979381443298969,0.3487972508591065,0.2920962199312715,0.6451890034364262
conf,mosei,TMDC,4,av,,7,,,selected,cross_mask,5,0.55,1165,1165,100,1164,0.6606942889137738,0.034714445688689755,0.0414333706606943,0.6005154639175257,0.6280068728522337,0.10309278350515463,0.3487972508591065,0.3006872852233677,0.6451890034364262
conf,mosei,TMDC,4,av,,0,,,selected,cross_mask,5,0.55,1165,1165,200,1164,0.6606942889137738,0.034714445688689755,0.0414333706606943,0.6005154639175257,0.6288659793814433,0.09965635738831616,0.3487972508591065,0.29381443298969073,0.6451890034364262
conf,mosei,TMDC,4,av,,1,,,selected,cross_mask,5,0.55,1165,1165,200,1164,0.6606942889137738,0.034714445688689755,0.0414333706606943,0.6005154639175257,0.6280068728522337,0.10309278350515463,0.3487972508591065,0.3006872852233677,0.6451890034364262
conf,mosei,TMDC,4,av,,2,,,selected,cross_mask,5,0.55,1165,1165,200,1164,0.6606942889137738,0.034714445688689755,0.0414333706606943,0.6005154639175257,0.6280068728522337,0.10309278350515463,0.3487972508591065,0.3006872852233677,0.6451890034364262
conf,mosei,TMDC,4,av,,3,,,selected,cross_mask,5,0.55,1165,1165,200,1164,0.6606942889137738,0.034714445688689755,0.0414333706606943,0.6005154639175257,0.6280068728522337,0.10309278350515463,0.3487972508591065,0.3006872852233677,0.6451890034364262
conf,mosei,TMDC,4,av,,4,,,selected,cross_mask,5,0.55,1165,1165,200,1164,0.6606942889137738,0.034714445688689755,0.0414333706606943,0.6005154639175257,0.6280068728522337,0.10309278350515463,0.3487972508591065,0.3006872852233677,0.6451890034364262
conf,mosei,TMDC,4,av,,5,,,selected,cross_mask,5,0.55,1165,1165,200,1164,0.6606942889137738,0.034714445688689755,0.0414333706606943,0.6005154639175257,0.6280068728522337,0.10309278350515463,0.3487972508591065,0.3006872852233677,0.6451890034364262
conf,mosei,TMDC,4,av,,6,,,selected,cross_mask,5,0.55,1165,1165,200,1164,0.6606942889137738,0.034714445688689755,0.0414333706606943,0.6005154639175257,0.6288659793814433,0.09965635738831616,0.3487972508591065,0.29381443298969073,0.6451890034364262
conf,mosei,TMDC,4,av,,7,,,selected,cross_mask,5,0.55,1165,1165,200,1164,0.6606942889137738,0.03807390817469203,0.0414333706606943,0.6005154639175257,0.6314432989690721,0.09536082474226804,0.3487972508591065,0.28865979381443296,0.6451890034364262
conf,mosei,TMDC,4,av,,0,,,selected,cross_mask,5,0.55,1165,1165,400,1164,0.6606942889137738,0.034714445688689755,0.0414333706606943,0.6005154639175257,0.6280068728522337,0.10309278350515463,0.3487972508591065,0.3006872852233677,0.6451890034364262
conf,mosei,TMDC,4,av,,1,,,selected,cross_mask,5,0.55,1165,1165,400,1164,0.6606942889137738,0.034714445688689755,0.0414333706606943,0.6005154639175257,0.6280068728522337,0.10309278350515463,0.3487972508591065,0.3006872852233677,0.6451890034364262
conf,mosei,TMDC,4,av,,2,,,selected,cross_mask,5,0.55,1165,1165,400,1164,0.6606942889137738,0.034714445688689755,0.0414333706606943,0.6005154639175257,0.6280068728522337,0.10309278350515463,0.3487972508591065,0.3006872852233677,0.6451890034364262
conf,mosei,TMDC,4,av,,3,,,selected,cross_mask,5,0.55,1165,1165,400,1164,0.6606942889137738,0.034714445688689755,0.0414333706606943,0.6005154639175257,0.6280068728522337,0.10309278350515463,0.3487972508591065,0.3006872852233677,0.6451890034364262
conf,mosei,TMDC,4,av,,4,,,selected,cross_mask,5,0.55,1165,1165,400,1164,0.6606942889137738,0.034714445688689755,0.0414333706606943,0.6005154639175257,0.6280068728522337,0.10309278350515463,0.3487972508591065,0.3006872852233677,0.6451890034364262
conf,mosei,TMDC,4,av,,5,,,selected,cross_mask,5,0.55,1165,1165,400,1164,0.6606942889137738,0.034714445688689755,0.0414333706606943,0.6005154639175257,0.6280068728522337,0.10309278350515463,0.3487972508591065,0.3006872852233677,0.6451890034364262
conf,mosei,TMDC,4,av,,6,,,selected,cross_mask,5,0.55,1165,1165,400,1164,0.6606942889137738,0.034714445688689755,0.0414333706606943,0.6005154639175257,0.6280068728522337,0.10309278350515463,0.3487972508591065,0.3006872852233677,0.6451890034364262
conf,mosei,TMDC,4,av,,7,,,selected,cross_mask,5,0.55,1165,1165,400,1164,0.6606942889137738,0.034714445688689755,0.0414333706606943,0.6005154639175257,0.6280068728522337,0.10309278350515463,0.3487972508591065,0.3006872852233677,0.6451890034364262
conf,mosei,MoMKE,0,a,,0,,,selected,cross_mask,8,0.25,1165,1165,1165,1164,0.70874861572536,0.008859357696566983,0.024363233665559147,0.6400343642611683,0.6460481099656358,0.03264604810996564,0.13144329896907217,0.21563573883161513,0.6254295532646048
conf,mosei,MoMKE,0,a,,0,,,selected,cross_mask,8,0.25,1165,1165,50,1164,0.70874861572536,0.008859357696566983,0.024363233665559147,0.6400343642611683,0.6460481099656358,0.03264604810996564,0.13144329896907217,0.21563573883161513,0.6254295532646048
conf,mosei,MoMKE,0,a,,1,,,selected,cross_mask,8,0.25,1165,1165,50,1164,0.70874861572536,0.008859357696566983,0.024363233665559147,0.6400343642611683,0.6460481099656358,0.03264604810996564,0.13144329896907217,0.21563573883161513,0.6254295532646048
conf,mosei,MoMKE,0,a,,2,,,selected,cross_mask,8,0.25,1165,1165,50,1164,0.70874861572536,0.008859357696566983,0.024363233665559147,0.6400343642611683,0.6460481099656358,0.03264604810996564,0.13144329896907217,0.21563573883161513,0.6254295532646048
conf,mosei,MoMKE,0,a,,3,,,selected,cross_mask,8,0.25,1165,1165,50,1164,0.70874861572536,0.008859357696566983,0.024363233665559147,0.6400343642611683,0.6460481099656358,0.03264604810996564,0.13144329896907217,0.21563573883161513,0.6254295532646048
conf,mosei,MoMKE,0,a,,4,,,selected,cross_mask,8,0.25,1165,1165,50,1164,0.70874861572536,0.008859357696566983,0.024363233665559147,0.6400343642611683,0.6460481099656358,0.03264604810996564,0.13144329896907217,0.21563573883161513,0.6254295532646048
conf,mosei,MoMKE,0,a,,5,,,selected,cross_mask,8,0.25,1165,1165,50,1164,0.70874861572536,0.008859357696566983,0.024363233665559147,0.6400343642611683,0.6460481099656358,0.03264604810996564,0.13144329896907217,0.21563573883161513,0.6254295532646048
conf,mosei,MoMKE,0,a,,6,,,selected,cross_mask,8,0.25,1165,1165,50,1164,0.70874861572536,0.008859357696566983,0.024363233665559147,0.6400343642611683,0.6460481099656358,0.03264604810996564,0.13144329896907217,0.21563573883161513,0.6254295532646048
conf,mosei,MoMKE,0,a,,7,,,selected,cross_mask,8,0.25,1165,1165,50,1164,0.70874861572536,0.008859357696566983,0.024363233665559147,0.6400343642611683,0.6460481099656358,0.03264604810996564,0.13144329896907217,0.21563573883161513,0.6254295532646048
conf,mosei,MoMKE,0,a,,0,,,selected,cross_mask,8,0.25,1165,1165,100,1164,0.70874861572536,0.008859357696566983,0.024363233665559147,0.6400343642611683,0.6460481099656358,0.03264604810996564,0.13144329896907217,0.21563573883161513,0.6254295532646048
conf,mosei,MoMKE,0,a,,1,,,selected,cross_mask,8,0.25,1165,1165,100,1164,0.70874861572536,0.008859357696566983,0.024363233665559147,0.6400343642611683,0.6460481099656358,0.03264604810996564,0.13144329896907217,0.21563573883161513,0.6254295532646048
conf,mosei,MoMKE,0,a,,2,,,selected,cross_mask,8,0.25,1165,1165,100,1164,0.70874861572536,0.008859357696566983,0.024363233665559147,0.6400343642611683,0.6460481099656358,0.03264604810996564,0.13144329896907217,0.21563573883161513,0.6254295532646048
conf,mosei,MoMKE,0,a,,3,,,selected,cross_mask,8,0.25,1165,1165,100,1164,0.70874861572536,0.008859357696566983,0.024363233665559147,0.6400343642611683,0.6460481099656358,0.03264604810996564,0.13144329896907217,0.21563573883161513,0.6254295532646048
conf,mosei,MoMKE,0,a,,4,,,selected,cross_mask,8,0.25,1165,1165,100,1164,0.70874861572536,0.008859357696566983,0.024363233665559147,0.6400343642611683,0.6460481099656358,0.03264604810996564,0.13144329896907217,0.21563573883161513,0.6254295532646048
conf,mosei,MoMKE,0,a,,5,,,selected,cross_mask,8,0.25,1165,1165,100,1164,0.70874861572536,0.008859357696566983,0.024363233665559147,0.6400343642611683,0.6460481099656358,0.03264604810996564,0.13144329896907217,0.21563573883161513,0.6254295532646048
conf,mosei,MoMKE,0,a,,6,,,selected,cross_mask,8,0.25,1165,1165,100,1164,0.70874861572536,0.008859357696566983,0.024363233665559147,0.6400343642611683,0.6460481099656358,0.03264604810996564,0.13144329896907217,0.21563573883161513,0.6254295532646048
conf,mosei,MoMKE,0,a,,7,,,selected,cross_mask,8,0.25,1165,1165,100,1164,0.70874861572536,0.008859357696566983,0.024363233665559147,0.6400343642611683,0.6460481099656358,0.03264604810996564,0.13144329896907217,0.21563573883161513,0.6254295532646048
conf,mosei,MoMKE,0,a,,0,,,selected,cross_mask,8,0.25,1165,1165,200,1164,0.70874861572536,0.008859357696566983,0.024363233665559147,0.6400343642611683,0.6460481099656358,0.03264604810996564,0.13144329896907217,0.21563573883161513,0.6254295532646048
conf,mosei,MoMKE,0,a,,1,,,selected,cross_mask,8,0.25,1165,1165,200,1164,0.70874861572536,0.008859357696566983,0.024363233665559147,0.6400343642611683,0.6460481099656358,0.03264604810996564,0.13144329896907217,0.21563573883161513,0.6254295532646048
conf,mosei,MoMKE,0,a,,2,,,selected,cross_mask,8,0.25,1165,1165,200,1164,0.70874861572536,0.008859357696566983,0.024363233665559147,0.6400343642611683,0.6460481099656358,0.03264604810996564,0.13144329896907217,0.21563573883161513,0.6254295532646048
conf,mosei,MoMKE,0,a,,3,,,selected,cross_mask,8,0.25,1165,1165,200,1164,0.70874861572536,0.008859357696566983,0.024363233665559147,0.6400343642611683,0.6460481099656358,0.03264604810996564,0.13144329896907217,0.21563573883161513,0.6254295532646048
conf,mosei,MoMKE,0,a,,4,,,selected,cross_mask,8,0.25,1165,1165,200,1164,0.70874861572536,0.008859357696566983,0.024363233665559147,0.6400343642611683,0.6460481099656358,0.03264604810996564,0.13144329896907217,0.21563573883161513,0.6254295532646048
conf,mosei,MoMKE,0,a,,5,,,selected,cross_mask,8,0.25,1165,1165,200,1164,0.70874861572536,0.008859357696566983,0.024363233665559147,0.6400343642611683,0.6460481099656358,0.03264604810996564,0.13144329896907217,0.21563573883161513,0.6254295532646048
conf,mosei,MoMKE,0,a,,6,,,selected,cross_mask,8,0.25,1165,1165,200,1164,0.70874861572536,0.008859357696566983,0.024363233665559147,0.6400343642611683,0.6460481099656358,0.03264604810996564,0.13144329896907217,0.21563573883161513,0.6254295532646048
conf,mosei,MoMKE,0,a,,7,,,selected,cross_mask,8,0.25,1165,1165,200,1164,0.70874861572536,0.008859357696566983,0.024363233665559147,0.6400343642611683,0.6460481099656358,0.03264604810996564,0.13144329896907217,0.21563573883161513,0.6254295532646048
conf,mosei,MoMKE,0,a,,0,,,selected,cross_mask,8,0.25,1165,1165,400,1164,0.70874861572536,0.008859357696566983,0.024363233665559147,0.6400343642611683,0.6460481099656358,0.03264604810996564,0.13144329896907217,0.21563573883161513,0.6254295532646048
conf,mosei,MoMKE,0,a,,1,,,selected,cross_mask,8,0.25,1165,1165,400,1164,0.70874861572536,0.008859357696566983,0.024363233665559147,0.6400343642611683,0.6460481099656358,0.03264604810996564,0.13144329896907217,0.21563573883161513,0.6254295532646048
conf,mosei,MoMKE,0,a,,2,,,selected,cross_mask,8,0.25,1165,1165,400,1164,0.70874861572536,0.008859357696566983,0.024363233665559147,0.6400343642611683,0.6460481099656358,0.03264604810996564,0.13144329896907217,0.21563573883161513,0.6254295532646048
conf,mosei,MoMKE,0,a,,3,,,selected,cross_mask,8,0.25,1165,1165,400,1164,0.70874861572536,0.008859357696566983,0.024363233665559147,0.6400343642611683,0.6460481099656358,0.03264604810996564,0.13144329896907217,0.21563573883161513,0.6254295532646048
conf,mosei,MoMKE,0,a,,4,,,selected,cross_mask,8,0.25,1165,1165,400,1164,0.70874861572536,0.008859357696566983,0.024363233665559147,0.6400343642611683,0.6460481099656358,0.03264604810996564,0.13144329896907217,0.21563573883161513,0.6254295532646048
conf,mosei,MoMKE,0,a,,5,,,selected,cross_mask,8,0.25,1165,1165,400,1164,0.70874861572536,0.008859357696566983,0.024363233665559147,0.6400343642611683,0.6460481099656358,0.03264604810996564,0.13144329896907217,0.21563573883161513,0.6254295532646048
conf,mosei,MoMKE,0,a,,6,,,selected,cross_mask,8,0.25,1165,1165,400,1164,0.70874861572536,0.008859357696566983,0.024363233665559147,0.6400343642611683,0.6460481099656358,0.03264604810996564,0.13144329896907217,0.21563573883161513,0.6254295532646048
conf,mosei,MoMKE,0,a,,7,,,selected,cross_mask,8,0.25,1165,1165,400,1164,0.70874861572536,0.008859357696566983,0.024363233665559147,0.6400343642611683,0.6460481099656358,0.03264604810996564,0.13144329896907217,0.21563573883161513,0.6254295532646048
conf,mosei,MoMKE,1,a,,0,,,selected,cross_mask,3,0.35000000000000003,1165,1165,1165,1164,0.6990185387131952,0.01199563794983638,0.022900763358778664,0.634020618556701,0.6451890034364262,0.06013745704467354,0.24570446735395188,0.2654639175257732,0.6348797250859106
conf,mosei,MoMKE,1,a,,0,,,selected,cross_mask,3,0.35000000000000003,1165,1165,50,1164,0.6990185387131952,0.01199563794983638,0.022900763358778664,0.634020618556701,0.6451890034364262,0.06013745704467354,0.24570446735395188,0.2654639175257732,0.6348797250859106
conf,mosei,MoMKE,1,a,,1,,,selected,cross_mask,3,0.35000000000000003,1165,1165,50,1164,0.6990185387131952,0.01199563794983638,0.022900763358778664,0.634020618556701,0.6451890034364262,0.06013745704467354,0.24570446735395188,0.2654639175257732,0.6348797250859106
conf,mosei,MoMKE,1,a,,2,,,selected,cross_mask,3,0.35000000000000003,1165,1165,50,1164,0.6990185387131952,0.01199563794983638,0.022900763358778664,0.634020618556701,0.6451890034364262,0.06013745704467354,0.24570446735395188,0.2654639175257732,0.6348797250859106
conf,mosei,MoMKE,1,a,,3,,,selected,cross_mask,3,0.35000000000000003,1165,1165,50,1164,0.6990185387131952,0.01199563794983638,0.022900763358778664,0.634020618556701,0.6451890034364262,0.06013745704467354,0.24570446735395188,0.2654639175257732,0.6348797250859106
conf,mosei,MoMKE,1,a,,4,,,selected,cross_mask,3,0.35000000000000003,1165,1165,50,1164,0.6990185387131952,0.01199563794983638,0.022900763358778664,0.634020618556701,0.6451890034364262,0.06013745704467354,0.24570446735395188,0.2654639175257732,0.6348797250859106
conf,mosei,MoMKE,1,a,,5,,,selected,cross_mask,3,0.35000000000000003,1165,1165,50,1164,0.6990185387131952,0.01199563794983638,0.022900763358778664,0.634020618556701,0.6451890034364262,0.06013745704467354,0.24570446735395188,0.2654639175257732,0.6348797250859106
conf,mosei,MoMKE,1,a,,6,,,selected,cross_mask,3,0.35000000000000003,1165,1165,50,1164,0.6990185387131952,0.01199563794983638,0.022900763358778664,0.634020618556701,0.6451890034364262,0.06013745704467354,0.24570446735395188,0.2654639175257732,0.6348797250859106
conf,mosei,MoMKE,1,a,,7,,,selected,cross_mask,3,0.35000000000000003,1165,1165,50,1164,0.6990185387131952,0.01199563794983638,0.022900763358778664,0.634020618556701,0.6451890034364262,0.06013745704467354,0.24570446735395188,0.2654639175257732,0.6348797250859106
conf,mosei,MoMKE,1,a,,0,,,selected,cross_mask,3,0.35000000000000003,1165,1165,100,1164,0.6990185387131952,0.01199563794983638,0.022900763358778664,0.634020618556701,0.6451890034364262,0.06013745704467354,0.24570446735395188,0.2654639175257732,0.6348797250859106
conf,mosei,MoMKE,1,a,,1,,,selected,cross_mask,3,0.35000000000000003,1165,1165,100,1164,0.6990185387131952,0.01199563794983638,0.022900763358778664,0.634020618556701,0.6451890034364262,0.06013745704467354,0.24570446735395188,0.2654639175257732,0.6348797250859106
conf,mosei,MoMKE,1,a,,2,,,selected,cross_mask,3,0.35000000000000003,1165,1165,100,1164,0.6990185387131952,0.01199563794983638,0.022900763358778664,0.634020618556701,0.6451890034364262,0.06013745704467354,0.24570446735395188,0.2654639175257732,0.6348797250859106
conf,mosei,MoMKE,1,a,,3,,,selected,cross_mask,3,0.35000000000000003,1165,1165,100,1164,0.6990185387131952,0.01199563794983638,0.022900763358778664,0.634020618556701,0.6451890034364262,0.06013745704467354,0.24570446735395188,0.2654639175257732,0.6348797250859106
conf,mosei,MoMKE,1,a,,4,,,selected,cross_mask,3,0.35000000000000003,1165,1165,100,1164,0.6990185387131952,0.01199563794983638,0.022900763358778664,0.634020618556701,0.6451890034364262,0.06013745704467354,0.24570446735395188,0.2654639175257732,0.6348797250859106
conf,mosei,MoMKE,1,a,,5,,,selected,cross_mask,3,0.35000000000000003,1165,1165,100,1164,0.6990185387131952,0.01199563794983638,0.022900763358778664,0.634020618556701,0.6451890034364262,0.06013745704467354,0.24570446735395188,0.2654639175257732,0.6348797250859106
conf,mosei,MoMKE,1,a,,6,,,selected,cross_mask,3,0.35000000000000003,1165,1165,100,1164,0.6990185387131952,0.01199563794983638,0.022900763358778664,0.634020618556701,0.6451890034364262,0.06013745704467354,0.24570446735395188,0.2654639175257732,0.6348797250859106
conf,mosei,MoMKE,1,a,,7,,,selected,cross_mask,3,0.35000000000000003,1165,1165,100,1164,0.6990185387131952,0.01199563794983638,0.022900763358778664,0.634020618556701,0.6451890034364262,0.06013745704467354,0.24570446735395188,0.2654639175257732,0.6348797250859106
conf,mosei,MoMKE,1,a,,0,,,selected,cross_mask,3,0.35000000000000003,1165,1165,200,1164,0.6990185387131952,0.01199563794983638,0.022900763358778664,0.634020618556701,0.6451890034364262,0.06013745704467354,0.24570446735395188,0.2654639175257732,0.6348797250859106
conf,mosei,MoMKE,1,a,,1,,,selected,cross_mask,3,0.35000000000000003,1165,1165,200,1164,0.6990185387131952,0.01199563794983638,0.022900763358778664,0.634020618556701,0.6451890034364262,0.06013745704467354,0.24570446735395188,0.2654639175257732,0.6348797250859106
conf,mosei,MoMKE,1,a,,2,,,selected,cross_mask,3,0.35000000000000003,1165,1165,200,1164,0.6990185387131952,0.01199563794983638,0.022900763358778664,0.634020618556701,0.6451890034364262,0.06013745704467354,0.24570446735395188,0.2654639175257732,0.6348797250859106
conf,mosei,MoMKE,1,a,,3,,,selected,cross_mask,3,0.35000000000000003,1165,1165,200,1164,0.6990185387131952,0.01199563794983638,0.022900763358778664,0.634020618556701,0.6451890034364262,0.06013745704467354,0.24570446735395188,0.2654639175257732,0.6348797250859106
conf,mosei,MoMKE,1,a,,4,,,selected,cross_mask,3,0.35000000000000003,1165,1165,200,1164,0.6990185387131952,0.01199563794983638,0.022900763358778664,0.634020618556701,0.6451890034364262,0.06013745704467354,0.24570446735395188,0.2654639175257732,0.6348797250859106
conf,mosei,MoMKE,1,a,,5,,,selected,cross_mask,3,0.35000000000000003,1165,1165,200,1164,0.6990185387131952,0.01199563794983638,0.022900763358778664,0.634020618556701,0.6451890034364262,0.06013745704467354,0.24570446735395188,0.2654639175257732,0.6348797250859106
conf,mosei,MoMKE,1,a,,6,,,selected,cross_mask,3,0.35000000000000003,1165,1165,200,1164,0.6990185387131952,0.01199563794983638,0.022900763358778664,0.634020618556701,0.6451890034364262,0.06013745704467354,0.24570446735395188,0.2654639175257732,0.6348797250859106
conf,mosei,MoMKE,1,a,,7,,,selected,cross_mask,3,0.35000000000000003,1165,1165,200,1164,0.6990185387131952,0.01199563794983638,0.022900763358778664,0.634020618556701,0.6451890034364262,0.06013745704467354,0.24570446735395188,0.2654639175257732,0.6348797250859106
conf,mosei,MoMKE,1,a,,0,,,selected,cross_mask,3,0.35000000000000003,1165,1165,400,1164,0.6990185387131952,0.01199563794983638,0.022900763358778664,0.634020618556701,0.6451890034364262,0.06013745704467354,0.24570446735395188,0.2654639175257732,0.6348797250859106
conf,mosei,MoMKE,1,a,,1,,,selected,cross_mask,3,0.35000000000000003,1165,1165,400,1164,0.6990185387131952,0.01199563794983638,0.022900763358778664,0.634020618556701,0.6451890034364262,0.06013745704467354,0.24570446735395188,0.2654639175257732,0.6348797250859106
conf,mosei,MoMKE,1,a,,2,,,selected,cross_mask,3,0.35000000000000003,1165,1165,400,1164,0.6990185387131952,0.01199563794983638,0.022900763358778664,0.634020618556701,0.6451890034364262,0.06013745704467354,0.24570446735395188,0.2654639175257732,0.6348797250859106
conf,mosei,MoMKE,1,a,,3,,,selected,cross_mask,3,0.35000000000000003,1165,1165,400,1164,0.6990185387131952,0.01199563794983638,0.022900763358778664,0.634020618556701,0.6451890034364262,0.06013745704467354,0.24570446735395188,0.2654639175257732,0.6348797250859106
conf,mosei,MoMKE,1,a,,4,,,selected,cross_mask,3,0.35000000000000003,1165,1165,400,1164,0.6990185387131952,0.01199563794983638,0.022900763358778664,0.634020618556701,0.6451890034364262,0.06013745704467354,0.24570446735395188,0.2654639175257732,0.6348797250859106
conf,mosei,MoMKE,1,a,,5,,,selected,cross_mask,3,0.35000000000000003,1165,1165,400,1164,0.6990185387131952,0.01199563794983638,0.022900763358778664,0.634020618556701,0.6451890034364262,0.06013745704467354,0.24570446735395188,0.2654639175257732,0.6348797250859106
conf,mosei,MoMKE,1,a,,6,,,selected,cross_mask,3,0.35000000000000003,1165,1165,400,1164,0.6990185387131952,0.01199563794983638,0.022900763358778664,0.634020618556701,0.6451890034364262,0.06013745704467354,0.24570446735395188,0.2654639175257732,0.6348797250859106
conf,mosei,MoMKE,1,a,,7,,,selected,cross_mask,3,0.35000000000000003,1165,1165,400,1164,0.6990185387131952,0.01199563794983638,0.022900763358778664,0.634020618556701,0.6451890034364262,0.06013745704467354,0.24570446735395188,0.2654639175257732,0.6348797250859106
conf,mosei,MoMKE,2,a,,0,,,selected,cross_mask,3,0.55,1165,1165,1165,1164,0.7541899441340782,0.005586592178770888,0.034636871508379796,0.6743986254295533,0.6804123711340206,0.03436426116838488,0.3178694158075601,0.17096219931271478,0.6632302405498282
conf,mosei,MoMKE,2,a,,0,,,selected,cross_mask,3,0.55,1165,1165,50,1164,0.7541899441340782,0.005586592178770888,0.034636871508379796,0.6743986254295533,0.6804123711340206,0.03436426116838488,0.3178694158075601,0.17096219931271478,0.6632302405498282
conf,mosei,MoMKE,2,a,,1,,,selected,cross_mask,3,0.55,1165,1165,50,1164,0.7541899441340782,0.005586592178770888,0.034636871508379796,0.6743986254295533,0.6804123711340206,0.03436426116838488,0.3178694158075601,0.17096219931271478,0.6632302405498282
conf,mosei,MoMKE,2,a,,2,,,selected,cross_mask,3,0.55,1165,1165,50,1164,0.7541899441340782,0.005586592178770888,0.034636871508379796,0.6743986254295533,0.6804123711340206,0.03436426116838488,0.3178694158075601,0.17096219931271478,0.6632302405498282
conf,mosei,MoMKE,2,a,,3,,,selected,cross_mask,3,0.55,1165,1165,50,1164,0.7541899441340782,0.005586592178770888,0.034636871508379796,0.6743986254295533,0.6804123711340206,0.03436426116838488,0.3178694158075601,0.17096219931271478,0.6632302405498282
conf,mosei,MoMKE,2,a,,4,,,selected,cross_mask,3,0.55,1165,1165,50,1164,0.7541899441340782,0.010055865921787643,0.034636871508379796,0.6743986254295533,0.6838487972508591,0.03951890034364261,0.3178694158075601,0.20017182130584193,0.6632302405498282
conf,mosei,MoMKE,2,a,,5,,,selected,cross_mask,3,0.55,1165,1165,50,1164,0.7541899441340782,0.005586592178770888,0.034636871508379796,0.6743986254295533,0.6804123711340206,0.03436426116838488,0.3178694158075601,0.17096219931271478,0.6632302405498282
conf,mosei,MoMKE,2,a,,6,,,selected,cross_mask,3,0.55,1165,1165,50,1164,0.7541899441340782,0.005586592178770888,0.034636871508379796,0.6743986254295533,0.6804123711340206,0.03436426116838488,0.3178694158075601,0.17096219931271478,0.6632302405498282
conf,mosei,MoMKE,2,a,,7,,,selected,cross_mask,3,0.55,1165,1165,50,1164,0.7541899441340782,0.005586592178770888,0.034636871508379796,0.6743986254295533,0.6804123711340206,0.03436426116838488,0.3178694158075601,0.17096219931271478,0.6632302405498282
conf,mosei,MoMKE,2,a,,0,,,selected,cross_mask,3,0.55,1165,1165,100,1164,0.7541899441340782,0.005586592178770888,0.034636871508379796,0.6743986254295533,0.6804123711340206,0.03436426116838488,0.3178694158075601,0.17096219931271478,0.6632302405498282
conf,mosei,MoMKE,2,a,,1,,,selected,cross_mask,3,0.55,1165,1165,100,1164,0.7541899441340782,0.005586592178770888,0.034636871508379796,0.6743986254295533,0.6804123711340206,0.03436426116838488,0.3178694158075601,0.17096219931271478,0.6632302405498282
conf,mosei,MoMKE,2,a,,2,,,selected,cross_mask,3,0.55,1165,1165,100,1164,0.7541899441340782,0.005586592178770888,0.034636871508379796,0.6743986254295533,0.6804123711340206,0.03436426116838488,0.3178694158075601,0.17096219931271478,0.6632302405498282
conf,mosei,MoMKE,2,a,,3,,,selected,cross_mask,3,0.55,1165,1165,100,1164,0.7541899441340782,0.005586592178770888,0.034636871508379796,0.6743986254295533,0.6804123711340206,0.03436426116838488,0.3178694158075601,0.17096219931271478,0.6632302405498282
conf,mosei,MoMKE,2,a,,4,,,selected,cross_mask,3,0.55,1165,1165,100,1164,0.7541899441340782,0.005586592178770888,0.034636871508379796,0.6743986254295533,0.6804123711340206,0.03436426116838488,0.3178694158075601,0.17096219931271478,0.6632302405498282
conf,mosei,MoMKE,2,a,,5,,,selected,cross_mask,3,0.55,1165,1165,100,1164,0.7541899441340782,0.005586592178770888,0.034636871508379796,0.6743986254295533,0.6804123711340206,0.03436426116838488,0.3178694158075601,0.17096219931271478,0.6632302405498282
conf,mosei,MoMKE,2,a,,6,,,selected,cross_mask,3,0.55,1165,1165,100,1164,0.7541899441340782,0.005586592178770888,0.034636871508379796,0.6743986254295533,0.6804123711340206,0.03436426116838488,0.3178694158075601,0.17096219931271478,0.6632302405498282
conf,mosei,MoMKE,2,a,,7,,,selected,cross_mask,3,0.55,1165,1165,100,1164,0.7541899441340782,0.003351955307262511,0.034636871508379796,0.6743986254295533,0.6786941580756014,0.03264604810996564,0.3178694158075601,0.16151202749140894,0.6632302405498282
conf,mosei,MoMKE,2,a,,0,,,selected,cross_mask,3,0.55,1165,1165,200,1164,0.7541899441340782,0.005586592178770888,0.034636871508379796,0.6743986254295533,0.6804123711340206,0.03436426116838488,0.3178694158075601,0.17096219931271478,0.6632302405498282
conf,mosei,MoMKE,2,a,,1,,,selected,cross_mask,3,0.55,1165,1165,200,1164,0.7541899441340782,0.005586592178770888,0.034636871508379796,0.6743986254295533,0.6804123711340206,0.03436426116838488,0.3178694158075601,0.17096219931271478,0.6632302405498282
conf,mosei,MoMKE,2,a,,2,,,selected,cross_mask,3,0.55,1165,1165,200,1164,0.7541899441340782,0.005586592178770888,0.034636871508379796,0.6743986254295533,0.6804123711340206,0.03436426116838488,0.3178694158075601,0.17096219931271478,0.6632302405498282
conf,mosei,MoMKE,2,a,,3,,,selected,cross_mask,3,0.55,1165,1165,200,1164,0.7541899441340782,0.005586592178770888,0.034636871508379796,0.6743986254295533,0.6804123711340206,0.03436426116838488,0.3178694158075601,0.17096219931271478,0.6632302405498282
conf,mosei,MoMKE,2,a,,4,,,selected,cross_mask,3,0.55,1165,1165,200,1164,0.7541899441340782,0.005586592178770888,0.034636871508379796,0.6743986254295533,0.6804123711340206,0.03436426116838488,0.3178694158075601,0.17096219931271478,0.6632302405498282
conf,mosei,MoMKE,2,a,,5,,,selected,cross_mask,3,0.55,1165,1165,200,1164,0.7541899441340782,0.005586592178770888,0.034636871508379796,0.6743986254295533,0.6804123711340206,0.03436426116838488,0.3178694158075601,0.17096219931271478,0.6632302405498282
conf,mosei,MoMKE,2,a,,6,,,selected,cross_mask,3,0.55,1165,1165,200,1164,0.7541899441340782,0.005586592178770888,0.034636871508379796,0.6743986254295533,0.6804123711340206,0.03436426116838488,0.3178694158075601,0.17096219931271478,0.6632302405498282
conf,mosei,MoMKE,2,a,,7,,,selected,cross_mask,3,0.55,1165,1165,200,1164,0.7541899441340782,0.005586592178770888,0.034636871508379796,0.6743986254295533,0.6804123711340206,0.03436426116838488,0.3178694158075601,0.17096219931271478,0.6632302405498282
conf,mosei,MoMKE,2,a,,0,,,selected,cross_mask,3,0.55,1165,1165,400,1164,0.7541899441340782,0.005586592178770888,0.034636871508379796,0.6743986254295533,0.6804123711340206,0.03436426116838488,0.3178694158075601,0.17096219931271478,0.6632302405498282
conf,mosei,MoMKE,2,a,,1,,,selected,cross_mask,3,0.55,1165,1165,400,1164,0.7541899441340782,0.005586592178770888,0.034636871508379796,0.6743986254295533,0.6804123711340206,0.03436426116838488,0.3178694158075601,0.17096219931271478,0.6632302405498282
conf,mosei,MoMKE,2,a,,2,,,selected,cross_mask,3,0.55,1165,1165,400,1164,0.7541899441340782,0.005586592178770888,0.034636871508379796,0.6743986254295533,0.6804123711340206,0.03436426116838488,0.3178694158075601,0.17096219931271478,0.6632302405498282
conf,mosei,MoMKE,2,a,,3,,,selected,cross_mask,3,0.55,1165,1165,400,1164,0.7541899441340782,0.005586592178770888,0.034636871508379796,0.6743986254295533,0.6804123711340206,0.03436426116838488,0.3178694158075601,0.17096219931271478,0.6632302405498282
conf,mosei,MoMKE,2,a,,4,,,selected,cross_mask,3,0.55,1165,1165,400,1164,0.7541899441340782,0.005586592178770888,0.034636871508379796,0.6743986254295533,0.6804123711340206,0.03436426116838488,0.3178694158075601,0.17096219931271478,0.6632302405498282
conf,mosei,MoMKE,2,a,,5,,,selected,cross_mask,3,0.55,1165,1165,400,1164,0.7541899441340782,0.005586592178770888,0.034636871508379796,0.6743986254295533,0.6804123711340206,0.03436426116838488,0.3178694158075601,0.17096219931271478,0.6632302405498282
conf,mosei,MoMKE,2,a,,6,,,selected,cross_mask,3,0.55,1165,1165,400,1164,0.7541899441340782,0.005586592178770888,0.034636871508379796,0.6743986254295533,0.6804123711340206,0.03436426116838488,0.3178694158075601,0.17096219931271478,0.6632302405498282
conf,mosei,MoMKE,2,a,,7,,,selected,cross_mask,3,0.55,1165,1165,400,1164,0.7541899441340782,0.005586592178770888,0.034636871508379796,0.6743986254295533,0.6804123711340206,0.03436426116838488,0.3178694158075601,0.17096219931271478,0.6632302405498282
conf,mosei,MoMKE,3,a,,0,,,selected,cross_mask,5,0.55,1165,1165,1165,1164,0.692992213570634,0.020022246941045596,0.018909899888765347,0.6331615120274914,0.6408934707903781,0.05154639175257732,0.47508591065292094,0.17525773195876287,0.6030927835051546
conf,mosei,MoMKE,3,a,,0,,,selected,cross_mask,5,0.55,1165,1165,50,1164,0.692992213570634,0.020022246941045596,0.018909899888765347,0.6331615120274914,0.6408934707903781,0.05154639175257732,0.47508591065292094,0.17525773195876287,0.6030927835051546
conf,mosei,MoMKE,3,a,,1,,,selected,cross_mask,5,0.55,1165,1165,50,1164,0.692992213570634,0.020022246941045596,0.018909899888765347,0.6331615120274914,0.6408934707903781,0.05154639175257732,0.47508591065292094,0.17525773195876287,0.6030927835051546
conf,mosei,MoMKE,3,a,,2,,,selected,cross_mask,5,0.55,1165,1165,50,1164,0.692992213570634,0.020022246941045596,0.018909899888765347,0.6331615120274914,0.6408934707903781,0.05154639175257732,0.47508591065292094,0.17525773195876287,0.6030927835051546
conf,mosei,MoMKE,3,a,,3,,,selected,cross_mask,5,0.55,1165,1165,50,1164,0.692992213570634,0.020022246941045596,0.018909899888765347,0.6331615120274914,0.6408934707903781,0.05154639175257732,0.47508591065292094,0.17525773195876287,0.6030927835051546
conf,mosei,MoMKE,3,a,,4,,,selected,cross_mask,5,0.55,1165,1165,50,1164,0.692992213570634,0.020022246941045596,0.018909899888765347,0.6331615120274914,0.6408934707903781,0.05154639175257732,0.47508591065292094,0.17525773195876287,0.6030927835051546
conf,mosei,MoMKE,3,a,,5,,,selected,cross_mask,5,0.55,1165,1165,50,1164,0.692992213570634,0.020022246941045596,0.018909899888765347,0.6331615120274914,0.6408934707903781,0.05154639175257732,0.47508591065292094,0.17525773195876287,0.6030927835051546
conf,mosei,MoMKE,3,a,,6,,,selected,cross_mask,5,0.55,1165,1165,50,1164,0.692992213570634,0.020022246941045596,0.018909899888765347,0.6331615120274914,0.6408934707903781,0.05154639175257732,0.47508591065292094,0.17525773195876287,0.6030927835051546
conf,mosei,MoMKE,3,a,,7,,,selected,cross_mask,5,0.55,1165,1165,50,1164,0.692992213570634,0.020022246941045596,0.018909899888765347,0.6331615120274914,0.6408934707903781,0.05154639175257732,0.47508591065292094,0.17525773195876287,0.6030927835051546
conf,mosei,MoMKE,3,a,,0,,,selected,cross_mask,5,0.55,1165,1165,100,1164,0.692992213570634,0.020022246941045596,0.018909899888765347,0.6331615120274914,0.6408934707903781,0.05154639175257732,0.47508591065292094,0.17525773195876287,0.6030927835051546
conf,mosei,MoMKE,3,a,,1,,,selected,cross_mask,5,0.55,1165,1165,100,1164,0.692992213570634,0.020022246941045596,0.018909899888765347,0.6331615120274914,0.6408934707903781,0.05154639175257732,0.47508591065292094,0.17525773195876287,0.6030927835051546
conf,mosei,MoMKE,3,a,,2,,,selected,cross_mask,5,0.55,1165,1165,100,1164,0.692992213570634,0.020022246941045596,0.018909899888765347,0.6331615120274914,0.6408934707903781,0.05154639175257732,0.47508591065292094,0.17525773195876287,0.6030927835051546
conf,mosei,MoMKE,3,a,,3,,,selected,cross_mask,5,0.55,1165,1165,100,1164,0.692992213570634,0.020022246941045596,0.018909899888765347,0.6331615120274914,0.6408934707903781,0.05154639175257732,0.47508591065292094,0.17525773195876287,0.6030927835051546
conf,mosei,MoMKE,3,a,,4,,,selected,cross_mask,5,0.55,1165,1165,100,1164,0.692992213570634,0.020022246941045596,0.018909899888765347,0.6331615120274914,0.6408934707903781,0.05154639175257732,0.47508591065292094,0.17525773195876287,0.6030927835051546
conf,mosei,MoMKE,3,a,,5,,,selected,cross_mask,5,0.55,1165,1165,100,1164,0.692992213570634,0.020022246941045596,0.018909899888765347,0.6331615120274914,0.6408934707903781,0.05154639175257732,0.47508591065292094,0.17525773195876287,0.6030927835051546
conf,mosei,MoMKE,3,a,,6,,,selected,cross_mask,5,0.55,1165,1165,100,1164,0.692992213570634,0.020022246941045596,0.018909899888765347,0.6331615120274914,0.6408934707903781,0.05154639175257732,0.47508591065292094,0.17525773195876287,0.6030927835051546
conf,mosei,MoMKE,3,a,,7,,,selected,cross_mask,5,0.55,1165,1165,100,1164,0.692992213570634,0.020022246941045596,0.018909899888765347,0.6331615120274914,0.6408934707903781,0.05154639175257732,0.47508591065292094,0.17525773195876287,0.6030927835051546
conf,mosei,MoMKE,3,a,,0,,,selected,cross_mask,5,0.55,1165,1165,200,1164,0.692992213570634,0.020022246941045596,0.018909899888765347,0.6331615120274914,0.6408934707903781,0.05154639175257732,0.47508591065292094,0.17525773195876287,0.6030927835051546
conf,mosei,MoMKE,3,a,,1,,,selected,cross_mask,5,0.55,1165,1165,200,1164,0.692992213570634,0.020022246941045596,0.018909899888765347,0.6331615120274914,0.6408934707903781,0.05154639175257732,0.47508591065292094,0.17525773195876287,0.6030927835051546
conf,mosei,MoMKE,3,a,,2,,,selected,cross_mask,5,0.55,1165,1165,200,1164,0.692992213570634,0.020022246941045596,0.018909899888765347,0.6331615120274914,0.6408934707903781,0.05154639175257732,0.47508591065292094,0.17525773195876287,0.6030927835051546
conf,mosei,MoMKE,3,a,,3,,,selected,cross_mask,5,0.55,1165,1165,200,1164,0.692992213570634,0.020022246941045596,0.018909899888765347,0.6331615120274914,0.6408934707903781,0.05154639175257732,0.47508591065292094,0.17525773195876287,0.6030927835051546
conf,mosei,MoMKE,3,a,,4,,,selected,cross_mask,5,0.55,1165,1165,200,1164,0.692992213570634,0.020022246941045596,0.018909899888765347,0.6331615120274914,0.6408934707903781,0.05154639175257732,0.47508591065292094,0.17525773195876287,0.6030927835051546
conf,mosei,MoMKE,3,a,,5,,,selected,cross_mask,5,0.55,1165,1165,200,1164,0.692992213570634,0.020022246941045596,0.018909899888765347,0.6331615120274914,0.6408934707903781,0.05154639175257732,0.47508591065292094,0.17525773195876287,0.6030927835051546
conf,mosei,MoMKE,3,a,,6,,,selected,cross_mask,5,0.55,1165,1165,200,1164,0.692992213570634,0.020022246941045596,0.018909899888765347,0.6331615120274914,0.6408934707903781,0.05154639175257732,0.47508591065292094,0.17525773195876287,0.6030927835051546
conf,mosei,MoMKE,3,a,,7,,,selected,cross_mask,5,0.55,1165,1165,200,1164,0.692992213570634,0.020022246941045596,0.018909899888765347,0.6331615120274914,0.6408934707903781,0.05154639175257732,0.47508591065292094,0.17525773195876287,0.6030927835051546
conf,mosei,MoMKE,3,a,,0,,,selected,cross_mask,5,0.55,1165,1165,400,1164,0.692992213570634,0.020022246941045596,0.018909899888765347,0.6331615120274914,0.6408934707903781,0.05154639175257732,0.47508591065292094,0.17525773195876287,0.6030927835051546
conf,mosei,MoMKE,3,a,,1,,,selected,cross_mask,5,0.55,1165,1165,400,1164,0.692992213570634,0.020022246941045596,0.018909899888765347,0.6331615120274914,0.6408934707903781,0.05154639175257732,0.47508591065292094,0.17525773195876287,0.6030927835051546
conf,mosei,MoMKE,3,a,,2,,,selected,cross_mask,5,0.55,1165,1165,400,1164,0.692992213570634,0.020022246941045596,0.018909899888765347,0.6331615120274914,0.6408934707903781,0.05154639175257732,0.47508591065292094,0.17525773195876287,0.6030927835051546
conf,mosei,MoMKE,3,a,,3,,,selected,cross_mask,5,0.55,1165,1165,400,1164,0.692992213570634,0.020022246941045596,0.018909899888765347,0.6331615120274914,0.6408934707903781,0.05154639175257732,0.47508591065292094,0.17525773195876287,0.6030927835051546
conf,mosei,MoMKE,3,a,,4,,,selected,cross_mask,5,0.55,1165,1165,400,1164,0.692992213570634,0.020022246941045596,0.018909899888765347,0.6331615120274914,0.6408934707903781,0.05154639175257732,0.47508591065292094,0.17525773195876287,0.6030927835051546
conf,mosei,MoMKE,3,a,,5,,,selected,cross_mask,5,0.55,1165,1165,400,1164,0.692992213570634,0.020022246941045596,0.018909899888765347,0.6331615120274914,0.6408934707903781,0.05154639175257732,0.47508591065292094,0.17525773195876287,0.6030927835051546
conf,mosei,MoMKE,3,a,,6,,,selected,cross_mask,5,0.55,1165,1165,400,1164,0.692992213570634,0.020022246941045596,0.018909899888765347,0.6331615120274914,0.6408934707903781,0.05154639175257732,0.47508591065292094,0.17525773195876287,0.6030927835051546
conf,mosei,MoMKE,3,a,,7,,,selected,cross_mask,5,0.55,1165,1165,400,1164,0.692992213570634,0.020022246941045596,0.018909899888765347,0.6331615120274914,0.6408934707903781,0.05154639175257732,0.47508591065292094,0.17525773195876287,0.6030927835051546
conf,mosei,MoMKE,4,a,,0,,,selected,cross_mask,3,0.5750000000000001,1165,1165,1165,1164,0.7010078387458006,0.005599104143337086,0.027995520716685318,0.6202749140893471,0.6237113402061856,0.07302405498281787,0.33075601374570446,0.21993127147766323,0.6151202749140894
conf,mosei,MoMKE,4,a,,0,,,selected,cross_mask,3,0.5750000000000001,1165,1165,50,1164,0.7010078387458006,0.005599104143337086,0.027995520716685318,0.6202749140893471,0.6237113402061856,0.07302405498281787,0.33075601374570446,0.21993127147766323,0.6151202749140894
conf,mosei,MoMKE,4,a,,1,,,selected,cross_mask,3,0.5750000000000001,1165,1165,50,1164,0.7010078387458006,0.005599104143337086,0.027995520716685318,0.6202749140893471,0.622852233676976,0.06958762886597938,0.33075601374570446,0.20704467353951891,0.6151202749140894
conf,mosei,MoMKE,4,a,,2,,,selected,cross_mask,3,0.5750000000000001,1165,1165,50,1164,0.7010078387458006,0.0033594624860022737,0.027995520716685318,0.6202749140893471,0.6219931271477663,0.1013745704467354,0.33075601374570446,0.313573883161512,0.6151202749140894
conf,mosei,MoMKE,4,a,,3,,,selected,cross_mask,3,0.5750000000000001,1165,1165,50,1164,0.7010078387458006,0.005599104143337086,0.027995520716685318,0.6202749140893471,0.6237113402061856,0.07302405498281787,0.33075601374570446,0.21993127147766323,0.6151202749140894
conf,mosei,MoMKE,4,a,,4,,,selected,cross_mask,3,0.5750000000000001,1165,1165,50,1164,0.7010078387458006,0.005599104143337086,0.027995520716685318,0.6202749140893471,0.6237113402061856,0.07302405498281787,0.33075601374570446,0.21993127147766323,0.6151202749140894
conf,mosei,MoMKE,4,a,,5,,,selected,cross_mask,3,0.5750000000000001,1165,1165,50,1164,0.7010078387458006,0.005599104143337086,0.027995520716685318,0.6202749140893471,0.6237113402061856,0.07302405498281787,0.33075601374570446,0.21993127147766323,0.6151202749140894
conf,mosei,MoMKE,4,a,,6,,,selected,cross_mask,3,0.5750000000000001,1165,1165,50,1164,0.7010078387458006,0.005599104143337086,0.027995520716685318,0.6202749140893471,0.6237113402061856,0.07302405498281787,0.33075601374570446,0.21993127147766323,0.6151202749140894
conf,mosei,MoMKE,4,a,,7,,,selected,cross_mask,3,0.5750000000000001,1165,1165,50,1164,0.7010078387458006,0.005599104143337086,0.027995520716685318,0.6202749140893471,0.6237113402061856,0.07302405498281787,0.33075601374570446,0.21993127147766323,0.6151202749140894
conf,mosei,MoMKE,4,a,,0,,,selected,cross_mask,3,0.5750000000000001,1165,1165,100,1164,0.7010078387458006,0.005599104143337086,0.027995520716685318,0.6202749140893471,0.6237113402061856,0.07302405498281787,0.33075601374570446,0.21993127147766323,0.6151202749140894
conf,mosei,MoMKE,4,a,,1,,,selected,cross_mask,3,0.5750000000000001,1165,1165,100,1164,0.7010078387458006,0.005599104143337086,0.027995520716685318,0.6202749140893471,0.6237113402061856,0.07302405498281787,0.33075601374570446,0.21993127147766323,0.6151202749140894
conf,mosei,MoMKE,4,a,,2,,,selected,cross_mask,3,0.5750000000000001,1165,1165,100,1164,0.7010078387458006,0.005599104143337086,0.027995520716685318,0.6202749140893471,0.622852233676976,0.06958762886597938,0.33075601374570446,0.20704467353951891,0.6151202749140894
conf,mosei,MoMKE,4,a,,3,,,selected,cross_mask,3,0.5750000000000001,1165,1165,100,1164,0.7010078387458006,0.005599104143337086,0.027995520716685318,0.6202749140893471,0.6237113402061856,0.07302405498281787,0.33075601374570446,0.21993127147766323,0.6151202749140894
conf,mosei,MoMKE,4,a,,4,,,selected,cross_mask,3,0.5750000000000001,1165,1165,100,1164,0.7010078387458006,0.005599104143337086,0.027995520716685318,0.6202749140893471,0.6237113402061856,0.07302405498281787,0.33075601374570446,0.21993127147766323,0.6151202749140894
conf,mosei,MoMKE,4,a,,5,,,selected,cross_mask,3,0.5750000000000001,1165,1165,100,1164,0.7010078387458006,0.005599104143337086,0.027995520716685318,0.6202749140893471,0.6237113402061856,0.07302405498281787,0.33075601374570446,0.21993127147766323,0.6151202749140894
conf,mosei,MoMKE,4,a,,6,,,selected,cross_mask,3,0.5750000000000001,1165,1165,100,1164,0.7010078387458006,0.004479283314669735,0.027995520716685318,0.6202749140893471,0.622852233676976,0.09707903780068729,0.33075601374570446,0.3015463917525773,0.6151202749140894
conf,mosei,MoMKE,4,a,,7,,,selected,cross_mask,3,0.5750000000000001,1165,1165,100,1164,0.7010078387458006,0.0033594624860022737,0.027995520716685318,0.6202749140893471,0.6219931271477663,0.1013745704467354,0.33075601374570446,0.313573883161512,0.6151202749140894
conf,mosei,MoMKE,4,a,,0,,,selected,cross_mask,3,0.5750000000000001,1165,1165,200,1164,0.7010078387458006,0.005599104143337086,0.027995520716685318,0.6202749140893471,0.6237113402061856,0.07302405498281787,0.33075601374570446,0.21993127147766323,0.6151202749140894
conf,mosei,MoMKE,4,a,,1,,,selected,cross_mask,3,0.5750000000000001,1165,1165,200,1164,0.7010078387458006,0.005599104143337086,0.027995520716685318,0.6202749140893471,0.6237113402061856,0.07302405498281787,0.33075601374570446,0.21993127147766323,0.6151202749140894
conf,mosei,MoMKE,4,a,,2,,,selected,cross_mask,3,0.5750000000000001,1165,1165,200,1164,0.7010078387458006,0.005599104143337086,0.027995520716685318,0.6202749140893471,0.622852233676976,0.06958762886597938,0.33075601374570446,0.20704467353951891,0.6151202749140894
conf,mosei,MoMKE,4,a,,3,,,selected,cross_mask,3,0.5750000000000001,1165,1165,200,1164,0.7010078387458006,0.005599104143337086,0.027995520716685318,0.6202749140893471,0.6237113402061856,0.07302405498281787,0.33075601374570446,0.21993127147766323,0.6151202749140894
conf,mosei,MoMKE,4,a,,4,,,selected,cross_mask,3,0.5750000000000001,1165,1165,200,1164,0.7010078387458006,0.005599104143337086,0.027995520716685318,0.6202749140893471,0.6237113402061856,0.07388316151202749,0.33075601374570446,0.22164948453608246,0.6151202749140894
conf,mosei,MoMKE,4,a,,5,,,selected,cross_mask,3,0.5750000000000001,1165,1165,200,1164,0.7010078387458006,0.005599104143337086,0.027995520716685318,0.6202749140893471,0.6237113402061856,0.07302405498281787,0.33075601374570446,0.21993127147766323,0.6151202749140894
conf,mosei,MoMKE,4,a,,6,,,selected,cross_mask,3,0.5750000000000001,1165,1165,200,1164,0.7010078387458006,0.005599104143337086,0.027995520716685318,0.6202749140893471,0.6237113402061856,0.07302405498281787,0.33075601374570446,0.21993127147766323,0.6151202749140894
conf,mosei,MoMKE,4,a,,7,,,selected,cross_mask,3,0.5750000000000001,1165,1165,200,1164,0.7010078387458006,0.005599104143337086,0.027995520716685318,0.6202749140893471,0.6237113402061856,0.07302405498281787,0.33075601374570446,0.21993127147766323,0.6151202749140894
conf,mosei,MoMKE,4,a,,0,,,selected,cross_mask,3,0.5750000000000001,1165,1165,400,1164,0.7010078387458006,0.005599104143337086,0.027995520716685318,0.6202749140893471,0.6237113402061856,0.07302405498281787,0.33075601374570446,0.21993127147766323,0.6151202749140894
conf,mosei,MoMKE,4,a,,1,,,selected,cross_mask,3,0.5750000000000001,1165,1165,400,1164,0.7010078387458006,0.005599104143337086,0.027995520716685318,0.6202749140893471,0.6237113402061856,0.07302405498281787,0.33075601374570446,0.21993127147766323,0.6151202749140894
conf,mosei,MoMKE,4,a,,2,,,selected,cross_mask,3,0.5750000000000001,1165,1165,400,1164,0.7010078387458006,0.005599104143337086,0.027995520716685318,0.6202749140893471,0.6237113402061856,0.07302405498281787,0.33075601374570446,0.21993127147766323,0.6151202749140894
conf,mosei,MoMKE,4,a,,3,,,selected,cross_mask,3,0.5750000000000001,1165,1165,400,1164,0.7010078387458006,0.005599104143337086,0.027995520716685318,0.6202749140893471,0.6237113402061856,0.07302405498281787,0.33075601374570446,0.21993127147766323,0.6151202749140894
conf,mosei,MoMKE,4,a,,4,,,selected,cross_mask,3,0.5750000000000001,1165,1165,400,1164,0.7010078387458006,0.005599104143337086,0.027995520716685318,0.6202749140893471,0.6237113402061856,0.07302405498281787,0.33075601374570446,0.21993127147766323,0.6151202749140894
conf,mosei,MoMKE,4,a,,5,,,selected,cross_mask,3,0.5750000000000001,1165,1165,400,1164,0.7010078387458006,0.005599104143337086,0.027995520716685318,0.6202749140893471,0.6237113402061856,0.07302405498281787,0.33075601374570446,0.21993127147766323,0.6151202749140894
conf,mosei,MoMKE,4,a,,6,,,selected,cross_mask,3,0.5750000000000001,1165,1165,400,1164,0.7010078387458006,0.005599104143337086,0.027995520716685318,0.6202749140893471,0.6237113402061856,0.07302405498281787,0.33075601374570446,0.21993127147766323,0.6151202749140894
conf,mosei,MoMKE,4,a,,7,,,selected,cross_mask,3,0.5750000000000001,1165,1165,400,1164,0.7010078387458006,0.005599104143337086,0.027995520716685318,0.6202749140893471,0.6237113402061856,0.07302405498281787,0.33075601374570446,0.21993127147766323,0.6151202749140894
conf,mosei,MoMKE,0,v,,0,,,selected,cross_mask,8,0.6000000000000001,1165,1165,1165,1164,0.6954595791805094,0.017718715393134077,0.03654485049833889,0.6185567010309279,0.6297250859106529,0.07302405498281787,0.3316151202749141,0.25257731958762886,0.6443298969072165
conf,mosei,MoMKE,0,v,,0,,,selected,cross_mask,8,0.6000000000000001,1165,1165,50,1164,0.6954595791805094,0.017718715393134077,0.03654485049833889,0.6185567010309279,0.6297250859106529,0.07302405498281787,0.3316151202749141,0.25257731958762886,0.6443298969072165
conf,mosei,MoMKE,0,v,,1,,,selected,cross_mask,8,0.6000000000000001,1165,1165,50,1164,0.6954595791805094,0.017718715393134077,0.03654485049833889,0.6185567010309279,0.6297250859106529,0.07302405498281787,0.3316151202749141,0.25257731958762886,0.6443298969072165
conf,mosei,MoMKE,0,v,,2,,,selected,cross_mask,8,0.6000000000000001,1165,1165,50,1164,0.6954595791805094,0.01661129568106312,0.03654485049833889,0.6185567010309279,0.627147766323024,0.05412371134020619,0.3316151202749141,0.18127147766323023,0.6443298969072165
conf,mosei,MoMKE,0,v,,3,,,selected,cross_mask,8,0.6000000000000001,1165,1165,50,1164,0.6954595791805094,0.013289036544850585,0.03654485049833889,0.6185567010309279,0.627147766323024,0.048109965635738834,0.3316151202749141,0.16323024054982818,0.6443298969072165
conf,mosei,MoMKE,0,v,,4,,,selected,cross_mask,8,0.6000000000000001,1165,1165,50,1164,0.6954595791805094,0.017718715393134077,0.03654485049833889,0.6185567010309279,0.6297250859106529,0.07302405498281787,0.3316151202749141,0.25257731958762886,0.6443298969072165
conf,mosei,MoMKE,0,v,,5,,,selected,cross_mask,8,0.6000000000000001,1165,1165,50,1164,0.6954595791805094,0.01661129568106312,0.03654485049833889,0.6185567010309279,0.627147766323024,0.05412371134020619,0.3316151202749141,0.18127147766323023,0.6443298969072165
conf,mosei,MoMKE,0,v,,6,,,selected,cross_mask,8,0.6000000000000001,1165,1165,50,1164,0.6954595791805094,0.017718715393134077,0.03654485049833889,0.6185567010309279,0.6297250859106529,0.07302405498281787,0.3316151202749141,0.25257731958762886,0.6443298969072165
conf,mosei,MoMKE,0,v,,7,,,selected,cross_mask,8,0.6000000000000001,1165,1165,50,1164,0.6954595791805094,0.01661129568106312,0.03654485049833889,0.6185567010309279,0.627147766323024,0.05412371134020619,0.3316151202749141,0.18127147766323023,0.6443298969072165
conf,mosei,MoMKE,0,v,,0,,,selected,cross_mask,8,0.6000000000000001,1165,1165,100,1164,0.6954595791805094,0.017718715393134077,0.03654485049833889,0.6185567010309279,0.6297250859106529,0.07302405498281787,0.3316151202749141,0.25257731958762886,0.6443298969072165
conf,mosei,MoMKE,0,v,,1,,,selected,cross_mask,8,0.6000000000000001,1165,1165,100,1164,0.6954595791805094,0.017718715393134077,0.03654485049833889,0.6185567010309279,0.6297250859106529,0.07302405498281787,0.3316151202749141,0.25257731958762886,0.6443298969072165
conf,mosei,MoMKE,0,v,,2,,,selected,cross_mask,8,0.6000000000000001,1165,1165,100,1164,0.6954595791805094,0.017718715393134077,0.03654485049833889,0.6185567010309279,0.6297250859106529,0.07302405498281787,0.3316151202749141,0.25257731958762886,0.6443298969072165
conf,mosei,MoMKE,0,v,,3,,,selected,cross_mask,8,0.6000000000000001,1165,1165,100,1164,0.6954595791805094,0.017718715393134077,0.03654485049833889,0.6185567010309279,0.6297250859106529,0.07302405498281787,0.3316151202749141,0.25257731958762886,0.6443298969072165
conf,mosei,MoMKE,0,v,,4,,,selected,cross_mask,8,0.6000000000000001,1165,1165,100,1164,0.6954595791805094,0.017718715393134077,0.03654485049833889,0.6185567010309279,0.6297250859106529,0.07302405498281787,0.3316151202749141,0.25257731958762886,0.6443298969072165
conf,mosei,MoMKE,0,v,,5,,,selected,cross_mask,8,0.6000000000000001,1165,1165,100,1164,0.6954595791805094,0.017718715393134077,0.03654485049833889,0.6185567010309279,0.6297250859106529,0.07302405498281787,0.3316151202749141,0.25257731958762886,0.6443298969072165
conf,mosei,MoMKE,0,v,,6,,,selected,cross_mask,8,0.6000000000000001,1165,1165,100,1164,0.6954595791805094,0.017718715393134077,0.03654485049833889,0.6185567010309279,0.6297250859106529,0.07302405498281787,0.3316151202749141,0.25257731958762886,0.6443298969072165
conf,mosei,MoMKE,0,v,,7,,,selected,cross_mask,8,0.6000000000000001,1165,1165,100,1164,0.6954595791805094,0.01661129568106312,0.03654485049833889,0.6185567010309279,0.627147766323024,0.05412371134020619,0.3316151202749141,0.18127147766323023,0.6443298969072165
conf,mosei,MoMKE,0,v,,0,,,selected,cross_mask,8,0.6000000000000001,1165,1165,200,1164,0.6954595791805094,0.017718715393134077,0.03654485049833889,0.6185567010309279,0.6297250859106529,0.07302405498281787,0.3316151202749141,0.25257731958762886,0.6443298969072165
conf,mosei,MoMKE,0,v,,1,,,selected,cross_mask,8,0.6000000000000001,1165,1165,200,1164,0.6954595791805094,0.017718715393134077,0.03654485049833889,0.6185567010309279,0.6297250859106529,0.07302405498281787,0.3316151202749141,0.25257731958762886,0.6443298969072165
conf,mosei,MoMKE,0,v,,2,,,selected,cross_mask,8,0.6000000000000001,1165,1165,200,1164,0.6954595791805094,0.017718715393134077,0.03654485049833889,0.6185567010309279,0.6297250859106529,0.07302405498281787,0.3316151202749141,0.25257731958762886,0.6443298969072165
conf,mosei,MoMKE,0,v,,3,,,selected,cross_mask,8,0.6000000000000001,1165,1165,200,1164,0.6954595791805094,0.017718715393134077,0.03654485049833889,0.6185567010309279,0.6297250859106529,0.07302405498281787,0.3316151202749141,0.25257731958762886,0.6443298969072165
conf,mosei,MoMKE,0,v,,4,,,selected,cross_mask,8,0.6000000000000001,1165,1165,200,1164,0.6954595791805094,0.017718715393134077,0.03654485049833889,0.6185567010309279,0.6297250859106529,0.07302405498281787,0.3316151202749141,0.25257731958762886,0.6443298969072165
conf,mosei,MoMKE,0,v,,5,,,selected,cross_mask,8,0.6000000000000001,1165,1165,200,1164,0.6954595791805094,0.01661129568106312,0.03654485049833889,0.6185567010309279,0.627147766323024,0.05412371134020619,0.3316151202749141,0.18127147766323023,0.6443298969072165
conf,mosei,MoMKE,0,v,,6,,,selected,cross_mask,8,0.6000000000000001,1165,1165,200,1164,0.6954595791805094,0.017718715393134077,0.03654485049833889,0.6185567010309279,0.6297250859106529,0.07302405498281787,0.3316151202749141,0.25257731958762886,0.6443298969072165
conf,mosei,MoMKE,0,v,,7,,,selected,cross_mask,8,0.6000000000000001,1165,1165,200,1164,0.6954595791805094,0.017718715393134077,0.03654485049833889,0.6185567010309279,0.6297250859106529,0.07302405498281787,0.3316151202749141,0.25257731958762886,0.6443298969072165
conf,mosei,MoMKE,0,v,,0,,,selected,cross_mask,8,0.6000000000000001,1165,1165,400,1164,0.6954595791805094,0.017718715393134077,0.03654485049833889,0.6185567010309279,0.6297250859106529,0.07302405498281787,0.3316151202749141,0.25257731958762886,0.6443298969072165
conf,mosei,MoMKE,0,v,,1,,,selected,cross_mask,8,0.6000000000000001,1165,1165,400,1164,0.6954595791805094,0.017718715393134077,0.03654485049833889,0.6185567010309279,0.6297250859106529,0.07302405498281787,0.3316151202749141,0.25257731958762886,0.6443298969072165
conf,mosei,MoMKE,0,v,,2,,,selected,cross_mask,8,0.6000000000000001,1165,1165,400,1164,0.6954595791805094,0.01661129568106312,0.03654485049833889,0.6185567010309279,0.627147766323024,0.05412371134020619,0.3316151202749141,0.18127147766323023,0.6443298969072165
conf,mosei,MoMKE,0,v,,3,,,selected,cross_mask,8,0.6000000000000001,1165,1165,400,1164,0.6954595791805094,0.017718715393134077,0.03654485049833889,0.6185567010309279,0.6297250859106529,0.07302405498281787,0.3316151202749141,0.25257731958762886,0.6443298969072165
conf,mosei,MoMKE,0,v,,4,,,selected,cross_mask,8,0.6000000000000001,1165,1165,400,1164,0.6954595791805094,0.017718715393134077,0.03654485049833889,0.6185567010309279,0.6297250859106529,0.07302405498281787,0.3316151202749141,0.25257731958762886,0.6443298969072165
conf,mosei,MoMKE,0,v,,5,,,selected,cross_mask,8,0.6000000000000001,1165,1165,400,1164,0.6954595791805094,0.01661129568106312,0.03654485049833889,0.6185567010309279,0.627147766323024,0.05412371134020619,0.3316151202749141,0.18127147766323023,0.6443298969072165
conf,mosei,MoMKE,0,v,,6,,,selected,cross_mask,8,0.6000000000000001,1165,1165,400,1164,0.6954595791805094,0.017718715393134077,0.03654485049833889,0.6185567010309279,0.6297250859106529,0.07302405498281787,0.3316151202749141,0.25257731958762886,0.6443298969072165
conf,mosei,MoMKE,0,v,,7,,,selected,cross_mask,8,0.6000000000000001,1165,1165,400,1164,0.6954595791805094,0.01661129568106312,0.03654485049833889,0.6185567010309279,0.627147766323024,0.05412371134020619,0.3316151202749141,0.18127147766323023,0.6443298969072165
conf,mosei,MoMKE,1,v,,0,,,selected,cross_mask,3,0.8500000000000001,1165,1165,1165,1164,0.7121046892039259,0.025081788440567077,0.017448200654307522,0.6348797250859106,0.6580756013745704,0.06872852233676977,0.3333333333333333,0.2663230240549828,0.6554982817869416
conf,mosei,MoMKE,1,v,,0,,,selected,cross_mask,3,0.8500000000000001,1165,1165,50,1164,0.7121046892039259,0.02071973827699014,0.017448200654307522,0.6348797250859106,0.6554982817869416,0.11597938144329897,0.3333333333333333,0.4029209621993127,0.6554982817869416
conf,mosei,MoMKE,1,v,,1,,,selected,cross_mask,3,0.8500000000000001,1165,1165,50,1164,0.7121046892039259,0.022900763358778553,0.017448200654307522,0.6348797250859106,0.6563573883161512,0.06872852233676977,0.3333333333333333,0.2646048109965636,0.6554982817869416
conf,mosei,MoMKE,1,v,,2,,,selected,cross_mask,3,0.8500000000000001,1165,1165,50,1164,0.7121046892039259,0.022900763358778553,0.017448200654307522,0.6348797250859106,0.6563573883161512,0.06872852233676977,0.3333333333333333,0.2646048109965636,0.6554982817869416
conf,mosei,MoMKE,1,v,,3,,,selected,cross_mask,3,0.8500000000000001,1165,1165,50,1164,0.7121046892039259,0.022900763358778553,0.017448200654307522,0.6348797250859106,0.6563573883161512,0.06872852233676977,0.3333333333333333,0.2646048109965636,0.6554982817869416
conf,mosei,MoMKE,1,v,,4,,,selected,cross_mask,3,0.8500000000000001,1165,1165,50,1164,0.7121046892039259,0.02071973827699014,0.017448200654307522,0.6348797250859106,0.6554982817869416,0.11597938144329897,0.3333333333333333,0.4029209621993127,0.6554982817869416
conf,mosei,MoMKE,1,v,,5,,,selected,cross_mask,3,0.8500000000000001,1165,1165,50,1164,0.7121046892039259,0.02071973827699014,0.017448200654307522,0.6348797250859106,0.6554982817869416,0.11597938144329897,0.3333333333333333,0.4029209621993127,0.6554982817869416
conf,mosei,MoMKE,1,v,,6,,,selected,cross_mask,3,0.8500000000000001,1165,1165,50,1164,0.7121046892039259,0.025081788440567077,0.017448200654307522,0.6348797250859106,0.6580756013745704,0.06872852233676977,0.3333333333333333,0.2663230240549828,0.6554982817869416
conf,mosei,MoMKE,1,v,,7,,,selected,cross_mask,3,0.8500000000000001,1165,1165,50,1164,0.7121046892039259,0.022900763358778553,0.017448200654307522,0.6348797250859106,0.6563573883161512,0.06872852233676977,0.3333333333333333,0.2646048109965636,0.6554982817869416
conf,mosei,MoMKE,1,v,,0,,,selected,cross_mask,3,0.8500000000000001,1165,1165,100,1164,0.7121046892039259,0.025081788440567077,0.017448200654307522,0.6348797250859106,0.6597938144329897,0.0936426116838488,0.3333333333333333,0.33505154639175255,0.6554982817869416
conf,mosei,MoMKE,1,v,,1,,,selected,cross_mask,3,0.8500000000000001,1165,1165,100,1164,0.7121046892039259,0.022900763358778553,0.017448200654307522,0.6348797250859106,0.6563573883161512,0.06872852233676977,0.3333333333333333,0.2646048109965636,0.6554982817869416
conf,mosei,MoMKE,1,v,,2,,,selected,cross_mask,3,0.8500000000000001,1165,1165,100,1164,0.7121046892039259,0.025081788440567077,0.017448200654307522,0.6348797250859106,0.6597938144329897,0.09278350515463918,0.3333333333333333,0.3333333333333333,0.6554982817869416
conf,mosei,MoMKE,1,v,,3,,,selected,cross_mask,3,0.8500000000000001,1165,1165,100,1164,0.7121046892039259,0.025081788440567077,0.017448200654307522,0.6348797250859106,0.6580756013745704,0.06872852233676977,0.3333333333333333,0.2663230240549828,0.6554982817869416
conf,mosei,MoMKE,1,v,,4,,,selected,cross_mask,3,0.8500000000000001,1165,1165,100,1164,0.7121046892039259,0.022900763358778553,0.017448200654307522,0.6348797250859106,0.6563573883161512,0.06872852233676977,0.3333333333333333,0.2646048109965636,0.6554982817869416
conf,mosei,MoMKE,1,v,,5,,,selected,cross_mask,3,0.8500000000000001,1165,1165,100,1164,0.7121046892039259,0.022900763358778553,0.017448200654307522,0.6348797250859106,0.6563573883161512,0.06872852233676977,0.3333333333333333,0.2646048109965636,0.6554982817869416
conf,mosei,MoMKE,1,v,,6,,,selected,cross_mask,3,0.8500000000000001,1165,1165,100,1164,0.7121046892039259,0.022900763358778553,0.017448200654307522,0.6348797250859106,0.6563573883161512,0.06872852233676977,0.3333333333333333,0.2646048109965636,0.6554982817869416
conf,mosei,MoMKE,1,v,,7,,,selected,cross_mask,3,0.8500000000000001,1165,1165,100,1164,0.7121046892039259,0.022900763358778553,0.017448200654307522,0.6348797250859106,0.6563573883161512,0.06872852233676977,0.3333333333333333,0.2646048109965636,0.6554982817869416
conf,mosei,MoMKE,1,v,,0,,,selected,cross_mask,3,0.8500000000000001,1165,1165,200,1164,0.7121046892039259,0.02399127589967276,0.017448200654307522,0.6348797250859106,0.6572164948453608,0.06958762886597938,0.3333333333333333,0.26718213058419243,0.6554982817869416
conf,mosei,MoMKE,1,v,,1,,,selected,cross_mask,3,0.8500000000000001,1165,1165,200,1164,0.7121046892039259,0.022900763358778553,0.017448200654307522,0.6348797250859106,0.6563573883161512,0.06872852233676977,0.3333333333333333,0.2646048109965636,0.6554982817869416
conf,mosei,MoMKE,1,v,,2,,,selected,cross_mask,3,0.8500000000000001,1165,1165,200,1164,0.7121046892039259,0.025081788440567077,0.017448200654307522,0.6348797250859106,0.6597938144329897,0.09192439862542956,0.3333333333333333,0.33075601374570446,0.6554982817869416
conf,mosei,MoMKE,1,v,,3,,,selected,cross_mask,3,0.8500000000000001,1165,1165,200,1164,0.7121046892039259,0.022900763358778553,0.017448200654307522,0.6348797250859106,0.6563573883161512,0.06872852233676977,0.3333333333333333,0.2646048109965636,0.6554982817869416
conf,mosei,MoMKE,1,v,,4,,,selected,cross_mask,3,0.8500000000000001,1165,1165,200,1164,0.7121046892039259,0.025081788440567077,0.017448200654307522,0.6348797250859106,0.6597938144329897,0.09278350515463918,0.3333333333333333,0.3333333333333333,0.6554982817869416
conf,mosei,MoMKE,1,v,,5,,,selected,cross_mask,3,0.8500000000000001,1165,1165,200,1164,0.7121046892039259,0.022900763358778553,0.017448200654307522,0.6348797250859106,0.6563573883161512,0.06872852233676977,0.3333333333333333,0.2646048109965636,0.6554982817869416
conf,mosei,MoMKE,1,v,,6,,,selected,cross_mask,3,0.8500000000000001,1165,1165,200,1164,0.7121046892039259,0.025081788440567077,0.017448200654307522,0.6348797250859106,0.6597938144329897,0.09192439862542956,0.3333333333333333,0.33075601374570446,0.6554982817869416
conf,mosei,MoMKE,1,v,,7,,,selected,cross_mask,3,0.8500000000000001,1165,1165,200,1164,0.7121046892039259,0.025081788440567077,0.017448200654307522,0.6348797250859106,0.6580756013745704,0.07903780068728522,0.3333333333333333,0.2869415807560137,0.6554982817869416
conf,mosei,MoMKE,1,v,,0,,,selected,cross_mask,3,0.8500000000000001,1165,1165,400,1164,0.7121046892039259,0.022900763358778553,0.017448200654307522,0.6348797250859106,0.6563573883161512,0.06872852233676977,0.3333333333333333,0.2646048109965636,0.6554982817869416
conf,mosei,MoMKE,1,v,,1,,,selected,cross_mask,3,0.8500000000000001,1165,1165,400,1164,0.7121046892039259,0.025081788440567077,0.017448200654307522,0.6348797250859106,0.6580756013745704,0.06872852233676977,0.3333333333333333,0.2663230240549828,0.6554982817869416
conf,mosei,MoMKE,1,v,,2,,,selected,cross_mask,3,0.8500000000000001,1165,1165,400,1164,0.7121046892039259,0.025081788440567077,0.017448200654307522,0.6348797250859106,0.6580756013745704,0.06872852233676977,0.3333333333333333,0.2663230240549828,0.6554982817869416
conf,mosei,MoMKE,1,v,,3,,,selected,cross_mask,3,0.8500000000000001,1165,1165,400,1164,0.7121046892039259,0.025081788440567077,0.017448200654307522,0.6348797250859106,0.6580756013745704,0.06872852233676977,0.3333333333333333,0.2663230240549828,0.6554982817869416
conf,mosei,MoMKE,1,v,,4,,,selected,cross_mask,3,0.8500000000000001,1165,1165,400,1164,0.7121046892039259,0.025081788440567077,0.017448200654307522,0.6348797250859106,0.6580756013745704,0.06872852233676977,0.3333333333333333,0.2663230240549828,0.6554982817869416
conf,mosei,MoMKE,1,v,,5,,,selected,cross_mask,3,0.8500000000000001,1165,1165,400,1164,0.7121046892039259,0.025081788440567077,0.017448200654307522,0.6348797250859106,0.6580756013745704,0.06872852233676977,0.3333333333333333,0.2663230240549828,0.6554982817869416
conf,mosei,MoMKE,1,v,,6,,,selected,cross_mask,3,0.8500000000000001,1165,1165,400,1164,0.7121046892039259,0.025081788440567077,0.017448200654307522,0.6348797250859106,0.6580756013745704,0.06872852233676977,0.3333333333333333,0.2663230240549828,0.6554982817869416
conf,mosei,MoMKE,1,v,,7,,,selected,cross_mask,3,0.8500000000000001,1165,1165,400,1164,0.7121046892039259,0.022900763358778553,0.017448200654307522,0.6348797250859106,0.6563573883161512,0.06872852233676977,0.3333333333333333,0.2646048109965636,0.6554982817869416
conf,mosei,MoMKE,2,v,,0,,,selected,cross_mask,5,0.8500000000000001,1165,1165,1165,1164,0.7307262569832402,0.03351955307262566,0.040223463687150796,0.6357388316151202,0.6554982817869416,0.0936426116838488,0.35652920962199314,0.359106529209622,0.6675257731958762
conf,mosei,MoMKE,2,v,,0,,,selected,cross_mask,5,0.8500000000000001,1165,1165,50,1164,0.7307262569832402,0.03463687150837991,0.040223463687150796,0.6357388316151202,0.6563573883161512,0.08419243986254296,0.35652920962199314,0.3393470790378007,0.6675257731958762
conf,mosei,MoMKE,2,v,,1,,,selected,cross_mask,5,0.8500000000000001,1165,1165,50,1164,0.7307262569832402,0.02681564245810053,0.040223463687150796,0.6357388316151202,0.6512027491408935,0.048109965635738834,0.35652920962199314,0.218213058419244,0.6675257731958762
conf,mosei,MoMKE,2,v,,2,,,selected,cross_mask,5,0.8500000000000001,1165,1165,50,1164,0.7307262569832402,0.03463687150837991,0.040223463687150796,0.6357388316151202,0.6554982817869416,0.08676975945017182,0.35652920962199314,0.3436426116838488,0.6675257731958762
conf,mosei,MoMKE,2,v,,3,,,selected,cross_mask,5,0.8500000000000001,1165,1165,50,1164,0.7307262569832402,0.040223463687150796,0.040223463687150796,0.6357388316151202,0.6606529209621993,0.11769759450171821,0.35652920962199314,0.4175257731958763,0.6675257731958762
conf,mosei,MoMKE,2,v,,4,,,selected,cross_mask,5,0.8500000000000001,1165,1165,50,1164,0.7307262569832402,0.03351955307262566,0.040223463687150796,0.6357388316151202,0.6554982817869416,0.0936426116838488,0.35652920962199314,0.3582474226804124,0.6675257731958762
conf,mosei,MoMKE,2,v,,5,,,selected,cross_mask,5,0.8500000000000001,1165,1165,50,1164,0.7307262569832402,0.040223463687150796,0.040223463687150796,0.6357388316151202,0.6606529209621993,0.11769759450171821,0.35652920962199314,0.4175257731958763,0.6675257731958762
conf,mosei,MoMKE,2,v,,6,,,selected,cross_mask,5,0.8500000000000001,1165,1165,50,1164,0.7307262569832402,0.03351955307262566,0.040223463687150796,0.6357388316151202,0.6554982817869416,0.0936426116838488,0.35652920962199314,0.359106529209622,0.6675257731958762
conf,mosei,MoMKE,2,v,,7,,,selected,cross_mask,5,0.8500000000000001,1165,1165,50,1164,0.7307262569832402,0.03463687150837991,0.040223463687150796,0.6357388316151202,0.6563573883161512,0.08419243986254296,0.35652920962199314,0.3393470790378007,0.6675257731958762
conf,mosei,MoMKE,2,v,,0,,,selected,cross_mask,5,0.8500000000000001,1165,1165,100,1164,0.7307262569832402,0.040223463687150796,0.040223463687150796,0.6357388316151202,0.6606529209621993,0.11769759450171821,0.35652920962199314,0.4175257731958763,0.6675257731958762
conf,mosei,MoMKE,2,v,,1,,,selected,cross_mask,5,0.8500000000000001,1165,1165,100,1164,0.7307262569832402,0.040223463687150796,0.040223463687150796,0.6357388316151202,0.6606529209621993,0.11769759450171821,0.35652920962199314,0.4175257731958763,0.6675257731958762
conf,mosei,MoMKE,2,v,,2,,,selected,cross_mask,5,0.8500000000000001,1165,1165,100,1164,0.7307262569832402,0.040223463687150796,0.040223463687150796,0.6357388316151202,0.6606529209621993,0.11769759450171821,0.35652920962199314,0.4175257731958763,0.6675257731958762
conf,mosei,MoMKE,2,v,,3,,,selected,cross_mask,5,0.8500000000000001,1165,1165,100,1164,0.7307262569832402,0.040223463687150796,0.040223463687150796,0.6357388316151202,0.6606529209621993,0.11769759450171821,0.35652920962199314,0.4175257731958763,0.6675257731958762
conf,mosei,MoMKE,2,v,,4,,,selected,cross_mask,5,0.8500000000000001,1165,1165,100,1164,0.7307262569832402,0.040223463687150796,0.040223463687150796,0.6357388316151202,0.6606529209621993,0.11769759450171821,0.35652920962199314,0.4175257731958763,0.6675257731958762
conf,mosei,MoMKE,2,v,,5,,,selected,cross_mask,5,0.8500000000000001,1165,1165,100,1164,0.7307262569832402,0.040223463687150796,0.040223463687150796,0.6357388316151202,0.6606529209621993,0.11769759450171821,0.35652920962199314,0.4175257731958763,0.6675257731958762
conf,mosei,MoMKE,2,v,,6,,,selected,cross_mask,5,0.8500000000000001,1165,1165,100,1164,0.7307262569832402,0.03463687150837991,0.040223463687150796,0.6357388316151202,0.6563573883161512,0.08419243986254296,0.35652920962199314,0.3393470790378007,0.6675257731958762
conf,mosei,MoMKE,2,v,,7,,,selected,cross_mask,5,0.8500000000000001,1165,1165,100,1164,0.7307262569832402,0.03351955307262566,0.040223463687150796,0.6357388316151202,0.6554982817869416,0.0936426116838488,0.35652920962199314,0.3582474226804124,0.6675257731958762
conf,mosei,MoMKE,2,v,,0,,,selected,cross_mask,5,0.8500000000000001,1165,1165,200,1164,0.7307262569832402,0.03463687150837991,0.040223463687150796,0.6357388316151202,0.6563573883161512,0.08419243986254296,0.35652920962199314,0.3393470790378007,0.6675257731958762
conf,mosei,MoMKE,2,v,,1,,,selected,cross_mask,5,0.8500000000000001,1165,1165,200,1164,0.7307262569832402,0.03463687150837991,0.040223463687150796,0.6357388316151202,0.6563573883161512,0.09707903780068729,0.35652920962199314,0.36597938144329895,0.6675257731958762
conf,mosei,MoMKE,2,v,,2,,,selected,cross_mask,5,0.8500000000000001,1165,1165,200,1164,0.7307262569832402,0.040223463687150796,0.040223463687150796,0.6357388316151202,0.6606529209621993,0.11769759450171821,0.35652920962199314,0.4175257731958763,0.6675257731958762
conf,mosei,MoMKE,2,v,,3,,,selected,cross_mask,5,0.8500000000000001,1165,1165,200,1164,0.7307262569832402,0.03463687150837991,0.040223463687150796,0.6357388316151202,0.6563573883161512,0.0859106529209622,0.35652920962199314,0.34192439862542956,0.6675257731958762
conf,mosei,MoMKE,2,v,,4,,,selected,cross_mask,5,0.8500000000000001,1165,1165,200,1164,0.7307262569832402,0.040223463687150796,0.040223463687150796,0.6357388316151202,0.6606529209621993,0.11769759450171821,0.35652920962199314,0.4175257731958763,0.6675257731958762
conf,mosei,MoMKE,2,v,,5,,,selected,cross_mask,5,0.8500000000000001,1165,1165,200,1164,0.7307262569832402,0.04134078212290504,0.040223463687150796,0.6357388316151202,0.6632302405498282,0.13058419243986255,0.35652920962199314,0.4630584192439863,0.6675257731958762
conf,mosei,MoMKE,2,v,,6,,,selected,cross_mask,5,0.8500000000000001,1165,1165,200,1164,0.7307262569832402,0.03463687150837991,0.040223463687150796,0.6357388316151202,0.6563573883161512,0.08419243986254296,0.35652920962199314,0.3393470790378007,0.6675257731958762
conf,mosei,MoMKE,2,v,,7,,,selected,cross_mask,5,0.8500000000000001,1165,1165,200,1164,0.7307262569832402,0.03351955307262566,0.040223463687150796,0.6357388316151202,0.6554982817869416,0.0936426116838488,0.35652920962199314,0.3582474226804124,0.6675257731958762
conf,mosei,MoMKE,2,v,,0,,,selected,cross_mask,5,0.8500000000000001,1165,1165,400,1164,0.7307262569832402,0.03351955307262566,0.040223463687150796,0.6357388316151202,0.6554982817869416,0.0936426116838488,0.35652920962199314,0.359106529209622,0.6675257731958762
conf,mosei,MoMKE,2,v,,1,,,selected,cross_mask,5,0.8500000000000001,1165,1165,400,1164,0.7307262569832402,0.03351955307262566,0.040223463687150796,0.6357388316151202,0.6554982817869416,0.0936426116838488,0.35652920962199314,0.3582474226804124,0.6675257731958762
conf,mosei,MoMKE,2,v,,2,,,selected,cross_mask,5,0.8500000000000001,1165,1165,400,1164,0.7307262569832402,0.040223463687150796,0.040223463687150796,0.6357388316151202,0.6606529209621993,0.11769759450171821,0.35652920962199314,0.4175257731958763,0.6675257731958762
conf,mosei,MoMKE,2,v,,3,,,selected,cross_mask,5,0.8500000000000001,1165,1165,400,1164,0.7307262569832402,0.03351955307262566,0.040223463687150796,0.6357388316151202,0.6554982817869416,0.0936426116838488,0.35652920962199314,0.3582474226804124,0.6675257731958762
conf,mosei,MoMKE,2,v,,4,,,selected,cross_mask,5,0.8500000000000001,1165,1165,400,1164,0.7307262569832402,0.03463687150837991,0.040223463687150796,0.6357388316151202,0.6563573883161512,0.09707903780068729,0.35652920962199314,0.36597938144329895,0.6675257731958762
conf,mosei,MoMKE,2,v,,5,,,selected,cross_mask,5,0.8500000000000001,1165,1165,400,1164,0.7307262569832402,0.03351955307262566,0.040223463687150796,0.6357388316151202,0.6554982817869416,0.0936426116838488,0.35652920962199314,0.3582474226804124,0.6675257731958762
conf,mosei,MoMKE,2,v,,6,,,selected,cross_mask,5,0.8500000000000001,1165,1165,400,1164,0.7307262569832402,0.03351955307262566,0.040223463687150796,0.6357388316151202,0.6554982817869416,0.0936426116838488,0.35652920962199314,0.359106529209622,0.6675257731958762
conf,mosei,MoMKE,2,v,,7,,,selected,cross_mask,5,0.8500000000000001,1165,1165,400,1164,0.7307262569832402,0.040223463687150796,0.040223463687150796,0.6357388316151202,0.6606529209621993,0.11769759450171821,0.35652920962199314,0.4175257731958763,0.6675257731958762
conf,mosei,MoMKE,3,v,,0,,,selected,cross_mask,12,0.675,1165,1165,1165,1164,0.6674082313681868,0.03559510567296997,0.036707452725250334,0.5919243986254296,0.6176975945017182,0.10824742268041238,0.3384879725085911,0.32646048109965636,0.6237113402061856
conf,mosei,MoMKE,3,v,,0,,,selected,cross_mask,12,0.675,1165,1165,50,1164,0.6674082313681868,0.03559510567296997,0.036707452725250334,0.5919243986254296,0.6176975945017182,0.10824742268041238,0.3384879725085911,0.32646048109965636,0.6237113402061856
conf,mosei,MoMKE,3,v,,1,,,selected,cross_mask,12,0.675,1165,1165,50,1164,0.6674082313681868,0.03559510567296997,0.036707452725250334,0.5919243986254296,0.6176975945017182,0.10824742268041238,0.3384879725085911,0.32646048109965636,0.6237113402061856
conf,mosei,MoMKE,3,v,,2,,,selected,cross_mask,12,0.675,1165,1165,50,1164,0.6674082313681868,0.03559510567296997,0.036707452725250334,0.5919243986254296,0.6176975945017182,0.10824742268041238,0.3384879725085911,0.32646048109965636,0.6237113402061856
conf,mosei,MoMKE,3,v,,3,,,selected,cross_mask,12,0.675,1165,1165,50,1164,0.6674082313681868,0.03559510567296997,0.036707452725250334,0.5919243986254296,0.6176975945017182,0.10824742268041238,0.3384879725085911,0.32646048109965636,0.6237113402061856
conf,mosei,MoMKE,3,v,,4,,,selected,cross_mask,12,0.675,1165,1165,50,1164,0.6674082313681868,0.03559510567296997,0.036707452725250334,0.5919243986254296,0.6176975945017182,0.10824742268041238,0.3384879725085911,0.32646048109965636,0.6237113402061856
conf,mosei,MoMKE,3,v,,5,,,selected,cross_mask,12,0.675,1165,1165,50,1164,0.6674082313681868,0.03559510567296997,0.036707452725250334,0.5919243986254296,0.6176975945017182,0.10824742268041238,0.3384879725085911,0.32646048109965636,0.6237113402061856
conf,mosei,MoMKE,3,v,,6,,,selected,cross_mask,12,0.675,1165,1165,50,1164,0.6674082313681868,0.030033370411568505,0.036707452725250334,0.5919243986254296,0.6142611683848798,0.08934707903780069,0.3384879725085911,0.2663230240549828,0.6237113402061856
conf,mosei,MoMKE,3,v,,7,,,selected,cross_mask,12,0.675,1165,1165,50,1164,0.6674082313681868,0.012235817575083519,0.036707452725250334,0.5919243986254296,0.602233676975945,0.061855670103092786,0.3384879725085911,0.18384879725085912,0.6237113402061856
conf,mosei,MoMKE,3,v,,0,,,selected,cross_mask,12,0.675,1165,1165,100,1164,0.6674082313681868,0.03559510567296997,0.036707452725250334,0.5919243986254296,0.6176975945017182,0.10824742268041238,0.3384879725085911,0.32646048109965636,0.6237113402061856
conf,mosei,MoMKE,3,v,,1,,,selected,cross_mask,12,0.675,1165,1165,100,1164,0.6674082313681868,0.03559510567296997,0.036707452725250334,0.5919243986254296,0.6176975945017182,0.10824742268041238,0.3384879725085911,0.32646048109965636,0.6237113402061856
conf,mosei,MoMKE,3,v,,2,,,selected,cross_mask,12,0.675,1165,1165,100,1164,0.6674082313681868,0.03559510567296997,0.036707452725250334,0.5919243986254296,0.6176975945017182,0.10824742268041238,0.3384879725085911,0.32646048109965636,0.6237113402061856
conf,mosei,MoMKE,3,v,,3,,,selected,cross_mask,12,0.675,1165,1165,100,1164,0.6674082313681868,0.03559510567296997,0.036707452725250334,0.5919243986254296,0.6176975945017182,0.10824742268041238,0.3384879725085911,0.32646048109965636,0.6237113402061856
conf,mosei,MoMKE,3,v,,4,,,selected,cross_mask,12,0.675,1165,1165,100,1164,0.6674082313681868,0.03559510567296997,0.036707452725250334,0.5919243986254296,0.6176975945017182,0.10824742268041238,0.3384879725085911,0.32646048109965636,0.6237113402061856
conf,mosei,MoMKE,3,v,,5,,,selected,cross_mask,12,0.675,1165,1165,100,1164,0.6674082313681868,0.03559510567296997,0.036707452725250334,0.5919243986254296,0.6176975945017182,0.10824742268041238,0.3384879725085911,0.32646048109965636,0.6237113402061856
conf,mosei,MoMKE,3,v,,6,,,selected,cross_mask,12,0.675,1165,1165,100,1164,0.6674082313681868,0.03559510567296997,0.036707452725250334,0.5919243986254296,0.6176975945017182,0.10824742268041238,0.3384879725085911,0.32646048109965636,0.6237113402061856
conf,mosei,MoMKE,3,v,,7,,,selected,cross_mask,12,0.675,1165,1165,100,1164,0.6674082313681868,0.03559510567296997,0.036707452725250334,0.5919243986254296,0.6176975945017182,0.10824742268041238,0.3384879725085911,0.32646048109965636,0.6237113402061856
conf,mosei,MoMKE,3,v,,0,,,selected,cross_mask,12,0.675,1165,1165,200,1164,0.6674082313681868,0.03559510567296997,0.036707452725250334,0.5919243986254296,0.6176975945017182,0.10824742268041238,0.3384879725085911,0.32646048109965636,0.6237113402061856
conf,mosei,MoMKE,3,v,,1,,,selected,cross_mask,12,0.675,1165,1165,200,1164,0.6674082313681868,0.03559510567296997,0.036707452725250334,0.5919243986254296,0.6176975945017182,0.10824742268041238,0.3384879725085911,0.32646048109965636,0.6237113402061856
conf,mosei,MoMKE,3,v,,2,,,selected,cross_mask,12,0.675,1165,1165,200,1164,0.6674082313681868,0.03559510567296997,0.036707452725250334,0.5919243986254296,0.6176975945017182,0.10824742268041238,0.3384879725085911,0.32646048109965636,0.6237113402061856
conf,mosei,MoMKE,3,v,,3,,,selected,cross_mask,12,0.675,1165,1165,200,1164,0.6674082313681868,0.03559510567296997,0.036707452725250334,0.5919243986254296,0.6176975945017182,0.10824742268041238,0.3384879725085911,0.32646048109965636,0.6237113402061856
conf,mosei,MoMKE,3,v,,4,,,selected,cross_mask,12,0.675,1165,1165,200,1164,0.6674082313681868,0.03559510567296997,0.036707452725250334,0.5919243986254296,0.6176975945017182,0.10824742268041238,0.3384879725085911,0.32646048109965636,0.6237113402061856
conf,mosei,MoMKE,3,v,,5,,,selected,cross_mask,12,0.675,1165,1165,200,1164,0.6674082313681868,0.03559510567296997,0.036707452725250334,0.5919243986254296,0.6176975945017182,0.10824742268041238,0.3384879725085911,0.32646048109965636,0.6237113402061856
conf,mosei,MoMKE,3,v,,6,,,selected,cross_mask,12,0.675,1165,1165,200,1164,0.6674082313681868,0.03559510567296997,0.036707452725250334,0.5919243986254296,0.6176975945017182,0.10824742268041238,0.3384879725085911,0.32646048109965636,0.6237113402061856
conf,mosei,MoMKE,3,v,,7,,,selected,cross_mask,12,0.675,1165,1165,200,1164,0.6674082313681868,0.03559510567296997,0.036707452725250334,0.5919243986254296,0.6176975945017182,0.10824742268041238,0.3384879725085911,0.32646048109965636,0.6237113402061856
conf,mosei,MoMKE,3,v,,0,,,selected,cross_mask,12,0.675,1165,1165,400,1164,0.6674082313681868,0.03559510567296997,0.036707452725250334,0.5919243986254296,0.6176975945017182,0.10824742268041238,0.3384879725085911,0.32646048109965636,0.6237113402061856
conf,mosei,MoMKE,3,v,,1,,,selected,cross_mask,12,0.675,1165,1165,400,1164,0.6674082313681868,0.03559510567296997,0.036707452725250334,0.5919243986254296,0.6176975945017182,0.10824742268041238,0.3384879725085911,0.32646048109965636,0.6237113402061856
conf,mosei,MoMKE,3,v,,2,,,selected,cross_mask,12,0.675,1165,1165,400,1164,0.6674082313681868,0.03559510567296997,0.036707452725250334,0.5919243986254296,0.6176975945017182,0.10824742268041238,0.3384879725085911,0.32646048109965636,0.6237113402061856
conf,mosei,MoMKE,3,v,,3,,,selected,cross_mask,12,0.675,1165,1165,400,1164,0.6674082313681868,0.03559510567296997,0.036707452725250334,0.5919243986254296,0.6176975945017182,0.10824742268041238,0.3384879725085911,0.32646048109965636,0.6237113402061856
conf,mosei,MoMKE,3,v,,4,,,selected,cross_mask,12,0.675,1165,1165,400,1164,0.6674082313681868,0.03559510567296997,0.036707452725250334,0.5919243986254296,0.6176975945017182,0.10824742268041238,0.3384879725085911,0.32646048109965636,0.6237113402061856
conf,mosei,MoMKE,3,v,,5,,,selected,cross_mask,12,0.675,1165,1165,400,1164,0.6674082313681868,0.03559510567296997,0.036707452725250334,0.5919243986254296,0.6176975945017182,0.10824742268041238,0.3384879725085911,0.32646048109965636,0.6237113402061856
conf,mosei,MoMKE,3,v,,6,,,selected,cross_mask,12,0.675,1165,1165,400,1164,0.6674082313681868,0.03559510567296997,0.036707452725250334,0.5919243986254296,0.6176975945017182,0.10824742268041238,0.3384879725085911,0.32646048109965636,0.6237113402061856
conf,mosei,MoMKE,3,v,,7,,,selected,cross_mask,12,0.675,1165,1165,400,1164,0.6674082313681868,0.03559510567296997,0.036707452725250334,0.5919243986254296,0.6176975945017182,0.10824742268041238,0.3384879725085911,0.32646048109965636,0.6237113402061856
conf,mosei,MoMKE,4,v,,0,,,selected,cross_mask,8,0.7250000000000001,1165,1165,1165,1164,0.7021276595744681,0.027995520716685318,0.021276595744680882,0.6151202749140894,0.6262886597938144,0.13831615120274915,0.34965635738831613,0.3943298969072165,0.6357388316151202
conf,mosei,MoMKE,4,v,,0,,,selected,cross_mask,8,0.7250000000000001,1165,1165,50,1164,0.7021276595744681,0.027995520716685318,0.021276595744680882,0.6151202749140894,0.6262886597938144,0.13831615120274915,0.34965635738831613,0.3943298969072165,0.6357388316151202
conf,mosei,MoMKE,4,v,,1,,,selected,cross_mask,8,0.7250000000000001,1165,1165,50,1164,0.7021276595744681,0.027995520716685318,0.021276595744680882,0.6151202749140894,0.6262886597938144,0.13831615120274915,0.34965635738831613,0.3943298969072165,0.6357388316151202
conf,mosei,MoMKE,4,v,,2,,,selected,cross_mask,8,0.7250000000000001,1165,1165,50,1164,0.7021276595744681,0.026875699888017857,0.021276595744680882,0.6151202749140894,0.627147766323024,0.1323024054982818,0.34965635738831613,0.3788659793814433,0.6357388316151202
conf,mosei,MoMKE,4,v,,3,,,selected,cross_mask,8,0.7250000000000001,1165,1165,50,1164,0.7021276595744681,0.027995520716685318,0.021276595744680882,0.6151202749140894,0.6262886597938144,0.13831615120274915,0.34965635738831613,0.3943298969072165,0.6357388316151202
conf,mosei,MoMKE,4,v,,4,,,selected,cross_mask,8,0.7250000000000001,1165,1165,50,1164,0.7021276595744681,0.02015677491601342,0.021276595744680882,0.6151202749140894,0.6288659793814433,0.0429553264604811,0.34965635738831613,0.13917525773195877,0.6357388316151202
conf,mosei,MoMKE,4,v,,5,,,selected,cross_mask,8,0.7250000000000001,1165,1165,50,1164,0.7021276595744681,0.027995520716685318,0.021276595744680882,0.6151202749140894,0.6262886597938144,0.13831615120274915,0.34965635738831613,0.3943298969072165,0.6357388316151202
conf,mosei,MoMKE,4,v,,6,,,selected,cross_mask,8,0.7250000000000001,1165,1165,50,1164,0.7021276595744681,0.027995520716685318,0.021276595744680882,0.6151202749140894,0.6262886597938144,0.13831615120274915,0.34965635738831613,0.3943298969072165,0.6357388316151202
conf,mosei,MoMKE,4,v,,7,,,selected,cross_mask,8,0.7250000000000001,1165,1165,50,1164,0.7021276595744681,0.027995520716685318,0.021276595744680882,0.6151202749140894,0.6262886597938144,0.13831615120274915,0.34965635738831613,0.3943298969072165,0.6357388316151202
conf,mosei,MoMKE,4,v,,0,,,selected,cross_mask,8,0.7250000000000001,1165,1165,100,1164,0.7021276595744681,0.027995520716685318,0.021276595744680882,0.6151202749140894,0.6262886597938144,0.13831615120274915,0.34965635738831613,0.3943298969072165,0.6357388316151202
conf,mosei,MoMKE,4,v,,1,,,selected,cross_mask,8,0.7250000000000001,1165,1165,100,1164,0.7021276595744681,0.027995520716685318,0.021276595744680882,0.6151202749140894,0.6262886597938144,0.13831615120274915,0.34965635738831613,0.3943298969072165,0.6357388316151202
conf,mosei,MoMKE,4,v,,2,,,selected,cross_mask,8,0.7250000000000001,1165,1165,100,1164,0.7021276595744681,0.027995520716685318,0.021276595744680882,0.6151202749140894,0.6262886597938144,0.13831615120274915,0.34965635738831613,0.3943298969072165,0.6357388316151202
conf,mosei,MoMKE,4,v,,3,,,selected,cross_mask,8,0.7250000000000001,1165,1165,100,1164,0.7021276595744681,0.027995520716685318,0.021276595744680882,0.6151202749140894,0.6262886597938144,0.13831615120274915,0.34965635738831613,0.3943298969072165,0.6357388316151202
conf,mosei,MoMKE,4,v,,4,,,selected,cross_mask,8,0.7250000000000001,1165,1165,100,1164,0.7021276595744681,0.027995520716685318,0.021276595744680882,0.6151202749140894,0.6262886597938144,0.13831615120274915,0.34965635738831613,0.3943298969072165,0.6357388316151202
conf,mosei,MoMKE,4,v,,5,,,selected,cross_mask,8,0.7250000000000001,1165,1165,100,1164,0.7021276595744681,0.027995520716685318,0.021276595744680882,0.6151202749140894,0.6262886597938144,0.13831615120274915,0.34965635738831613,0.3943298969072165,0.6357388316151202
conf,mosei,MoMKE,4,v,,6,,,selected,cross_mask,8,0.7250000000000001,1165,1165,100,1164,0.7021276595744681,0.027995520716685318,0.021276595744680882,0.6151202749140894,0.6262886597938144,0.13831615120274915,0.34965635738831613,0.3943298969072165,0.6357388316151202
conf,mosei,MoMKE,4,v,,7,,,selected,cross_mask,8,0.7250000000000001,1165,1165,100,1164,0.7021276595744681,0.027995520716685318,0.021276595744680882,0.6151202749140894,0.6262886597938144,0.13831615120274915,0.34965635738831613,0.3943298969072165,0.6357388316151202
conf,mosei,MoMKE,4,v,,0,,,selected,cross_mask,8,0.7250000000000001,1165,1165,200,1164,0.7021276595744681,0.027995520716685318,0.021276595744680882,0.6151202749140894,0.6262886597938144,0.13831615120274915,0.34965635738831613,0.3943298969072165,0.6357388316151202
conf,mosei,MoMKE,4,v,,1,,,selected,cross_mask,8,0.7250000000000001,1165,1165,200,1164,0.7021276595744681,0.027995520716685318,0.021276595744680882,0.6151202749140894,0.6262886597938144,0.13831615120274915,0.34965635738831613,0.3943298969072165,0.6357388316151202
conf,mosei,MoMKE,4,v,,2,,,selected,cross_mask,8,0.7250000000000001,1165,1165,200,1164,0.7021276595744681,0.027995520716685318,0.021276595744680882,0.6151202749140894,0.6262886597938144,0.13831615120274915,0.34965635738831613,0.3943298969072165,0.6357388316151202
conf,mosei,MoMKE,4,v,,3,,,selected,cross_mask,8,0.7250000000000001,1165,1165,200,1164,0.7021276595744681,0.027995520716685318,0.021276595744680882,0.6151202749140894,0.6262886597938144,0.13831615120274915,0.34965635738831613,0.3943298969072165,0.6357388316151202
conf,mosei,MoMKE,4,v,,4,,,selected,cross_mask,8,0.7250000000000001,1165,1165,200,1164,0.7021276595744681,0.027995520716685318,0.021276595744680882,0.6151202749140894,0.6262886597938144,0.13831615120274915,0.34965635738831613,0.3943298969072165,0.6357388316151202
conf,mosei,MoMKE,4,v,,5,,,selected,cross_mask,8,0.7250000000000001,1165,1165,200,1164,0.7021276595744681,0.027995520716685318,0.021276595744680882,0.6151202749140894,0.6262886597938144,0.13831615120274915,0.34965635738831613,0.3943298969072165,0.6357388316151202
conf,mosei,MoMKE,4,v,,6,,,selected,cross_mask,8,0.7250000000000001,1165,1165,200,1164,0.7021276595744681,0.027995520716685318,0.021276595744680882,0.6151202749140894,0.6262886597938144,0.13831615120274915,0.34965635738831613,0.3943298969072165,0.6357388316151202
conf,mosei,MoMKE,4,v,,7,,,selected,cross_mask,8,0.7250000000000001,1165,1165,200,1164,0.7021276595744681,0.027995520716685318,0.021276595744680882,0.6151202749140894,0.6262886597938144,0.13831615120274915,0.34965635738831613,0.3943298969072165,0.6357388316151202
conf,mosei,MoMKE,4,v,,0,,,selected,cross_mask,8,0.7250000000000001,1165,1165,400,1164,0.7021276595744681,0.027995520716685318,0.021276595744680882,0.6151202749140894,0.6262886597938144,0.13831615120274915,0.34965635738831613,0.3943298969072165,0.6357388316151202
conf,mosei,MoMKE,4,v,,1,,,selected,cross_mask,8,0.7250000000000001,1165,1165,400,1164,0.7021276595744681,0.027995520716685318,0.021276595744680882,0.6151202749140894,0.6262886597938144,0.13831615120274915,0.34965635738831613,0.3943298969072165,0.6357388316151202
conf,mosei,MoMKE,4,v,,2,,,selected,cross_mask,8,0.7250000000000001,1165,1165,400,1164,0.7021276595744681,0.027995520716685318,0.021276595744680882,0.6151202749140894,0.6262886597938144,0.13831615120274915,0.34965635738831613,0.3943298969072165,0.6357388316151202
conf,mosei,MoMKE,4,v,,3,,,selected,cross_mask,8,0.7250000000000001,1165,1165,400,1164,0.7021276595744681,0.027995520716685318,0.021276595744680882,0.6151202749140894,0.6262886597938144,0.13831615120274915,0.34965635738831613,0.3943298969072165,0.6357388316151202
conf,mosei,MoMKE,4,v,,4,,,selected,cross_mask,8,0.7250000000000001,1165,1165,400,1164,0.7021276595744681,0.027995520716685318,0.021276595744680882,0.6151202749140894,0.6262886597938144,0.13831615120274915,0.34965635738831613,0.3943298969072165,0.6357388316151202
conf,mosei,MoMKE,4,v,,5,,,selected,cross_mask,8,0.7250000000000001,1165,1165,400,1164,0.7021276595744681,0.027995520716685318,0.021276595744680882,0.6151202749140894,0.6262886597938144,0.13831615120274915,0.34965635738831613,0.3943298969072165,0.6357388316151202
conf,mosei,MoMKE,4,v,,6,,,selected,cross_mask,8,0.7250000000000001,1165,1165,400,1164,0.7021276595744681,0.027995520716685318,0.021276595744680882,0.6151202749140894,0.6262886597938144,0.13831615120274915,0.34965635738831613,0.3943298969072165,0.6357388316151202
conf,mosei,MoMKE,4,v,,7,,,selected,cross_mask,8,0.7250000000000001,1165,1165,400,1164,0.7021276595744681,0.027995520716685318,0.021276595744680882,0.6151202749140894,0.6262886597938144,0.13831615120274915,0.34965635738831613,0.3943298969072165,0.6357388316151202
conf,mosei,MoMKE,0,av,,0,,,selected,cross_mask,3,1.0,1165,1165,1165,1164,0.7253599114064231,0.048726467331118406,0.029900332225913595,0.647766323024055,0.6838487972508591,0.07216494845360824,0.3848797250859107,0.2654639175257732,0.6726804123711341
conf,mosei,MoMKE,0,av,,0,,,selected,cross_mask,3,1.0,1165,1165,50,1164,0.7253599114064231,0.044296788482834915,0.029900332225913595,0.647766323024055,0.6804123711340206,0.05240549828178694,0.3848797250859107,0.20017182130584193,0.6726804123711341
conf,mosei,MoMKE,0,av,,1,,,selected,cross_mask,3,1.0,1165,1165,50,1164,0.7253599114064231,0.048726467331118406,0.029900332225913595,0.647766323024055,0.6838487972508591,0.07216494845360824,0.3848797250859107,0.2654639175257732,0.6726804123711341
conf,mosei,MoMKE,0,av,,2,,,selected,cross_mask,3,1.0,1165,1165,50,1164,0.7253599114064231,0.048726467331118406,0.029900332225913595,0.647766323024055,0.6838487972508591,0.07216494845360824,0.3848797250859107,0.2654639175257732,0.6726804123711341
conf,mosei,MoMKE,0,av,,3,,,selected,cross_mask,3,1.0,1165,1165,50,1164,0.7253599114064231,0.02879291251384275,0.029900332225913595,0.647766323024055,0.6709621993127147,0.029209621993127148,0.3848797250859107,0.1211340206185567,0.6726804123711341
conf,mosei,MoMKE,0,av,,4,,,selected,cross_mask,3,1.0,1165,1165,50,1164,0.7253599114064231,0.048726467331118406,0.029900332225913595,0.647766323024055,0.6838487972508591,0.07216494845360824,0.3848797250859107,0.2654639175257732,0.6726804123711341
conf,mosei,MoMKE,0,av,,5,,,selected,cross_mask,3,1.0,1165,1165,50,1164,0.7253599114064231,0.048726467331118406,0.029900332225913595,0.647766323024055,0.6838487972508591,0.07216494845360824,0.3848797250859107,0.2654639175257732,0.6726804123711341
conf,mosei,MoMKE,0,av,,6,,,selected,cross_mask,3,1.0,1165,1165,50,1164,0.7253599114064231,0.048726467331118406,0.029900332225913595,0.647766323024055,0.6838487972508591,0.07216494845360824,0.3848797250859107,0.2654639175257732,0.6726804123711341
conf,mosei,MoMKE,0,av,,7,,,selected,cross_mask,3,1.0,1165,1165,50,1164,0.7253599114064231,0.048726467331118406,0.029900332225913595,0.647766323024055,0.6838487972508591,0.07216494845360824,0.3848797250859107,0.2654639175257732,0.6726804123711341
conf,mosei,MoMKE,0,av,,0,,,selected,cross_mask,3,1.0,1165,1165,100,1164,0.7253599114064231,0.048726467331118406,0.029900332225913595,0.647766323024055,0.6838487972508591,0.07216494845360824,0.3848797250859107,0.2654639175257732,0.6726804123711341
conf,mosei,MoMKE,0,av,,1,,,selected,cross_mask,3,1.0,1165,1165,100,1164,0.7253599114064231,0.048726467331118406,0.029900332225913595,0.647766323024055,0.6838487972508591,0.07216494845360824,0.3848797250859107,0.2654639175257732,0.6726804123711341
conf,mosei,MoMKE,0,av,,2,,,selected,cross_mask,3,1.0,1165,1165,100,1164,0.7253599114064231,0.048726467331118406,0.029900332225913595,0.647766323024055,0.6838487972508591,0.07216494845360824,0.3848797250859107,0.2654639175257732,0.6726804123711341
conf,mosei,MoMKE,0,av,,3,,,selected,cross_mask,3,1.0,1165,1165,100,1164,0.7253599114064231,0.048726467331118406,0.029900332225913595,0.647766323024055,0.6838487972508591,0.07216494845360824,0.3848797250859107,0.2654639175257732,0.6726804123711341
conf,mosei,MoMKE,0,av,,4,,,selected,cross_mask,3,1.0,1165,1165,100,1164,0.7253599114064231,0.048726467331118406,0.029900332225913595,0.647766323024055,0.6838487972508591,0.07216494845360824,0.3848797250859107,0.2654639175257732,0.6726804123711341
conf,mosei,MoMKE,0,av,,5,,,selected,cross_mask,3,1.0,1165,1165,100,1164,0.7253599114064231,0.048726467331118406,0.029900332225913595,0.647766323024055,0.6838487972508591,0.07216494845360824,0.3848797250859107,0.2654639175257732,0.6726804123711341
conf,mosei,MoMKE,0,av,,6,,,selected,cross_mask,3,1.0,1165,1165,100,1164,0.7253599114064231,0.048726467331118406,0.029900332225913595,0.647766323024055,0.6838487972508591,0.07216494845360824,0.3848797250859107,0.2654639175257732,0.6726804123711341
conf,mosei,MoMKE,0,av,,7,,,selected,cross_mask,3,1.0,1165,1165,100,1164,0.7253599114064231,0.048726467331118406,0.029900332225913595,0.647766323024055,0.6838487972508591,0.07216494845360824,0.3848797250859107,0.2654639175257732,0.6726804123711341
conf,mosei,MoMKE,0,av,,0,,,selected,cross_mask,3,1.0,1165,1165,200,1164,0.7253599114064231,0.048726467331118406,0.029900332225913595,0.647766323024055,0.6838487972508591,0.07216494845360824,0.3848797250859107,0.2654639175257732,0.6726804123711341
conf,mosei,MoMKE,0,av,,1,,,selected,cross_mask,3,1.0,1165,1165,200,1164,0.7253599114064231,0.048726467331118406,0.029900332225913595,0.647766323024055,0.6838487972508591,0.07216494845360824,0.3848797250859107,0.2654639175257732,0.6726804123711341
conf,mosei,MoMKE,0,av,,2,,,selected,cross_mask,3,1.0,1165,1165,200,1164,0.7253599114064231,0.048726467331118406,0.029900332225913595,0.647766323024055,0.6838487972508591,0.07216494845360824,0.3848797250859107,0.2654639175257732,0.6726804123711341
conf,mosei,MoMKE,0,av,,3,,,selected,cross_mask,3,1.0,1165,1165,200,1164,0.7253599114064231,0.048726467331118406,0.029900332225913595,0.647766323024055,0.6838487972508591,0.07216494845360824,0.3848797250859107,0.2654639175257732,0.6726804123711341
conf,mosei,MoMKE,0,av,,4,,,selected,cross_mask,3,1.0,1165,1165,200,1164,0.7253599114064231,0.048726467331118406,0.029900332225913595,0.647766323024055,0.6838487972508591,0.07216494845360824,0.3848797250859107,0.2654639175257732,0.6726804123711341
conf,mosei,MoMKE,0,av,,5,,,selected,cross_mask,3,1.0,1165,1165,200,1164,0.7253599114064231,0.048726467331118406,0.029900332225913595,0.647766323024055,0.6838487972508591,0.07216494845360824,0.3848797250859107,0.2654639175257732,0.6726804123711341
conf,mosei,MoMKE,0,av,,6,,,selected,cross_mask,3,1.0,1165,1165,200,1164,0.7253599114064231,0.048726467331118406,0.029900332225913595,0.647766323024055,0.6838487972508591,0.07216494845360824,0.3848797250859107,0.2654639175257732,0.6726804123711341
conf,mosei,MoMKE,0,av,,7,,,selected,cross_mask,3,1.0,1165,1165,200,1164,0.7253599114064231,0.048726467331118406,0.029900332225913595,0.647766323024055,0.6838487972508591,0.07216494845360824,0.3848797250859107,0.2654639175257732,0.6726804123711341
conf,mosei,MoMKE,0,av,,0,,,selected,cross_mask,3,1.0,1165,1165,400,1164,0.7253599114064231,0.048726467331118406,0.029900332225913595,0.647766323024055,0.6838487972508591,0.07216494845360824,0.3848797250859107,0.2654639175257732,0.6726804123711341
conf,mosei,MoMKE,0,av,,1,,,selected,cross_mask,3,1.0,1165,1165,400,1164,0.7253599114064231,0.048726467331118406,0.029900332225913595,0.647766323024055,0.6838487972508591,0.07216494845360824,0.3848797250859107,0.2654639175257732,0.6726804123711341
conf,mosei,MoMKE,0,av,,2,,,selected,cross_mask,3,1.0,1165,1165,400,1164,0.7253599114064231,0.048726467331118406,0.029900332225913595,0.647766323024055,0.6838487972508591,0.07216494845360824,0.3848797250859107,0.2654639175257732,0.6726804123711341
conf,mosei,MoMKE,0,av,,3,,,selected,cross_mask,3,1.0,1165,1165,400,1164,0.7253599114064231,0.048726467331118406,0.029900332225913595,0.647766323024055,0.6838487972508591,0.07216494845360824,0.3848797250859107,0.2654639175257732,0.6726804123711341
conf,mosei,MoMKE,0,av,,4,,,selected,cross_mask,3,1.0,1165,1165,400,1164,0.7253599114064231,0.048726467331118406,0.029900332225913595,0.647766323024055,0.6838487972508591,0.07216494845360824,0.3848797250859107,0.2654639175257732,0.6726804123711341
conf,mosei,MoMKE,0,av,,5,,,selected,cross_mask,3,1.0,1165,1165,400,1164,0.7253599114064231,0.048726467331118406,0.029900332225913595,0.647766323024055,0.6838487972508591,0.07216494845360824,0.3848797250859107,0.2654639175257732,0.6726804123711341
conf,mosei,MoMKE,0,av,,6,,,selected,cross_mask,3,1.0,1165,1165,400,1164,0.7253599114064231,0.048726467331118406,0.029900332225913595,0.647766323024055,0.6838487972508591,0.07216494845360824,0.3848797250859107,0.2654639175257732,0.6726804123711341
conf,mosei,MoMKE,0,av,,7,,,selected,cross_mask,3,1.0,1165,1165,400,1164,0.7253599114064231,0.048726467331118406,0.029900332225913595,0.647766323024055,0.6838487972508591,0.07216494845360824,0.3848797250859107,0.2654639175257732,0.6726804123711341
conf,mosei,MoMKE,1,av,,0,,,selected,cross_mask,3,0.7250000000000001,1165,1165,1165,1164,0.7273718647764449,0.009814612868048078,0.017448200654307522,0.6512027491408935,0.6615120274914089,0.048109965635738834,0.327319587628866,0.22079037800687284,0.6400343642611683
conf,mosei,MoMKE,1,av,,0,,,selected,cross_mask,3,0.7250000000000001,1165,1165,50,1164,0.7273718647764449,0.009814612868048078,0.017448200654307522,0.6512027491408935,0.6615120274914089,0.048109965635738834,0.327319587628866,0.22079037800687284,0.6400343642611683
conf,mosei,MoMKE,1,av,,1,,,selected,cross_mask,3,0.7250000000000001,1165,1165,50,1164,0.7273718647764449,0.009814612868048078,0.017448200654307522,0.6512027491408935,0.6615120274914089,0.048109965635738834,0.327319587628866,0.22079037800687284,0.6400343642611683
conf,mosei,MoMKE,1,av,,2,,,selected,cross_mask,3,0.7250000000000001,1165,1165,50,1164,0.7273718647764449,0.009814612868048078,0.017448200654307522,0.6512027491408935,0.6615120274914089,0.048109965635738834,0.327319587628866,0.22079037800687284,0.6400343642611683
conf,mosei,MoMKE,1,av,,3,,,selected,cross_mask,3,0.7250000000000001,1165,1165,50,1164,0.7273718647764449,0.009814612868048078,0.017448200654307522,0.6512027491408935,0.6615120274914089,0.048109965635738834,0.327319587628866,0.22079037800687284,0.6400343642611683
conf,mosei,MoMKE,1,av,,4,,,selected,cross_mask,3,0.7250000000000001,1165,1165,50,1164,0.7273718647764449,0.009814612868048078,0.017448200654307522,0.6512027491408935,0.6615120274914089,0.048109965635738834,0.327319587628866,0.22079037800687284,0.6400343642611683
conf,mosei,MoMKE,1,av,,5,,,selected,cross_mask,3,0.7250000000000001,1165,1165,50,1164,0.7273718647764449,0.009814612868048078,0.017448200654307522,0.6512027491408935,0.6615120274914089,0.048109965635738834,0.327319587628866,0.22079037800687284,0.6400343642611683
conf,mosei,MoMKE,1,av,,6,,,selected,cross_mask,3,0.7250000000000001,1165,1165,50,1164,0.7273718647764449,0.009814612868048078,0.017448200654307522,0.6512027491408935,0.6615120274914089,0.048109965635738834,0.327319587628866,0.22079037800687284,0.6400343642611683
conf,mosei,MoMKE,1,av,,7,,,selected,cross_mask,3,0.7250000000000001,1165,1165,50,1164,0.7273718647764449,0.009814612868048078,0.017448200654307522,0.6512027491408935,0.6615120274914089,0.048109965635738834,0.327319587628866,0.22079037800687284,0.6400343642611683
conf,mosei,MoMKE,1,av,,0,,,selected,cross_mask,3,0.7250000000000001,1165,1165,100,1164,0.7273718647764449,0.009814612868048078,0.017448200654307522,0.6512027491408935,0.6615120274914089,0.048109965635738834,0.327319587628866,0.22079037800687284,0.6400343642611683
conf,mosei,MoMKE,1,av,,1,,,selected,cross_mask,3,0.7250000000000001,1165,1165,100,1164,0.7273718647764449,0.009814612868048078,0.017448200654307522,0.6512027491408935,0.6615120274914089,0.048109965635738834,0.327319587628866,0.22079037800687284,0.6400343642611683
conf,mosei,MoMKE,1,av,,2,,,selected,cross_mask,3,0.7250000000000001,1165,1165,100,1164,0.7273718647764449,0.009814612868048078,0.017448200654307522,0.6512027491408935,0.6615120274914089,0.048109965635738834,0.327319587628866,0.22079037800687284,0.6400343642611683
conf,mosei,MoMKE,1,av,,3,,,selected,cross_mask,3,0.7250000000000001,1165,1165,100,1164,0.7273718647764449,0.009814612868048078,0.017448200654307522,0.6512027491408935,0.6615120274914089,0.048109965635738834,0.327319587628866,0.22079037800687284,0.6400343642611683
conf,mosei,MoMKE,1,av,,4,,,selected,cross_mask,3,0.7250000000000001,1165,1165,100,1164,0.7273718647764449,0.009814612868048078,0.017448200654307522,0.6512027491408935,0.6615120274914089,0.048109965635738834,0.327319587628866,0.22079037800687284,0.6400343642611683
conf,mosei,MoMKE,1,av,,5,,,selected,cross_mask,3,0.7250000000000001,1165,1165,100,1164,0.7273718647764449,0.009814612868048078,0.017448200654307522,0.6512027491408935,0.6615120274914089,0.048109965635738834,0.327319587628866,0.22079037800687284,0.6400343642611683
conf,mosei,MoMKE,1,av,,6,,,selected,cross_mask,3,0.7250000000000001,1165,1165,100,1164,0.7273718647764449,0.009814612868048078,0.017448200654307522,0.6512027491408935,0.6615120274914089,0.048109965635738834,0.327319587628866,0.22079037800687284,0.6400343642611683
conf,mosei,MoMKE,1,av,,7,,,selected,cross_mask,3,0.7250000000000001,1165,1165,100,1164,0.7273718647764449,0.009814612868048078,0.017448200654307522,0.6512027491408935,0.6615120274914089,0.048109965635738834,0.327319587628866,0.22079037800687284,0.6400343642611683
conf,mosei,MoMKE,1,av,,0,,,selected,cross_mask,3,0.7250000000000001,1165,1165,200,1164,0.7273718647764449,0.009814612868048078,0.017448200654307522,0.6512027491408935,0.6615120274914089,0.048109965635738834,0.327319587628866,0.22079037800687284,0.6400343642611683
conf,mosei,MoMKE,1,av,,1,,,selected,cross_mask,3,0.7250000000000001,1165,1165,200,1164,0.7273718647764449,0.009814612868048078,0.017448200654307522,0.6512027491408935,0.6615120274914089,0.048109965635738834,0.327319587628866,0.22079037800687284,0.6400343642611683
conf,mosei,MoMKE,1,av,,2,,,selected,cross_mask,3,0.7250000000000001,1165,1165,200,1164,0.7273718647764449,0.009814612868048078,0.017448200654307522,0.6512027491408935,0.6615120274914089,0.048109965635738834,0.327319587628866,0.22079037800687284,0.6400343642611683
conf,mosei,MoMKE,1,av,,3,,,selected,cross_mask,3,0.7250000000000001,1165,1165,200,1164,0.7273718647764449,0.009814612868048078,0.017448200654307522,0.6512027491408935,0.6615120274914089,0.048109965635738834,0.327319587628866,0.22079037800687284,0.6400343642611683
conf,mosei,MoMKE,1,av,,4,,,selected,cross_mask,3,0.7250000000000001,1165,1165,200,1164,0.7273718647764449,0.009814612868048078,0.017448200654307522,0.6512027491408935,0.6615120274914089,0.048109965635738834,0.327319587628866,0.22079037800687284,0.6400343642611683
conf,mosei,MoMKE,1,av,,5,,,selected,cross_mask,3,0.7250000000000001,1165,1165,200,1164,0.7273718647764449,0.009814612868048078,0.017448200654307522,0.6512027491408935,0.6615120274914089,0.048109965635738834,0.327319587628866,0.22079037800687284,0.6400343642611683
conf,mosei,MoMKE,1,av,,6,,,selected,cross_mask,3,0.7250000000000001,1165,1165,200,1164,0.7273718647764449,0.009814612868048078,0.017448200654307522,0.6512027491408935,0.6615120274914089,0.048109965635738834,0.327319587628866,0.22079037800687284,0.6400343642611683
conf,mosei,MoMKE,1,av,,7,,,selected,cross_mask,3,0.7250000000000001,1165,1165,200,1164,0.7273718647764449,0.009814612868048078,0.017448200654307522,0.6512027491408935,0.6615120274914089,0.048109965635738834,0.327319587628866,0.22079037800687284,0.6400343642611683
conf,mosei,MoMKE,1,av,,0,,,selected,cross_mask,3,0.7250000000000001,1165,1165,400,1164,0.7273718647764449,0.009814612868048078,0.017448200654307522,0.6512027491408935,0.6615120274914089,0.048109965635738834,0.327319587628866,0.22079037800687284,0.6400343642611683
conf,mosei,MoMKE,1,av,,1,,,selected,cross_mask,3,0.7250000000000001,1165,1165,400,1164,0.7273718647764449,0.009814612868048078,0.017448200654307522,0.6512027491408935,0.6615120274914089,0.048109965635738834,0.327319587628866,0.22079037800687284,0.6400343642611683
conf,mosei,MoMKE,1,av,,2,,,selected,cross_mask,3,0.7250000000000001,1165,1165,400,1164,0.7273718647764449,0.009814612868048078,0.017448200654307522,0.6512027491408935,0.6615120274914089,0.048109965635738834,0.327319587628866,0.22079037800687284,0.6400343642611683
conf,mosei,MoMKE,1,av,,3,,,selected,cross_mask,3,0.7250000000000001,1165,1165,400,1164,0.7273718647764449,0.009814612868048078,0.017448200654307522,0.6512027491408935,0.6615120274914089,0.048109965635738834,0.327319587628866,0.22079037800687284,0.6400343642611683
conf,mosei,MoMKE,1,av,,4,,,selected,cross_mask,3,0.7250000000000001,1165,1165,400,1164,0.7273718647764449,0.009814612868048078,0.017448200654307522,0.6512027491408935,0.6615120274914089,0.048109965635738834,0.327319587628866,0.22079037800687284,0.6400343642611683
conf,mosei,MoMKE,1,av,,5,,,selected,cross_mask,3,0.7250000000000001,1165,1165,400,1164,0.7273718647764449,0.009814612868048078,0.017448200654307522,0.6512027491408935,0.6615120274914089,0.048109965635738834,0.327319587628866,0.22079037800687284,0.6400343642611683
conf,mosei,MoMKE,1,av,,6,,,selected,cross_mask,3,0.7250000000000001,1165,1165,400,1164,0.7273718647764449,0.009814612868048078,0.017448200654307522,0.6512027491408935,0.6615120274914089,0.048109965635738834,0.327319587628866,0.22079037800687284,0.6400343642611683
conf,mosei,MoMKE,1,av,,7,,,selected,cross_mask,3,0.7250000000000001,1165,1165,400,1164,0.7273718647764449,0.009814612868048078,0.017448200654307522,0.6512027491408935,0.6615120274914089,0.048109965635738834,0.327319587628866,0.22079037800687284,0.6400343642611683
conf,mosei,MoMKE,2,av,,0,,,selected,cross_mask,3,0.75,1165,1165,1165,1164,0.7553072625698324,0.01452513966480451,0.027932960893854775,0.6692439862542955,0.6778350515463918,0.09106529209621993,0.31958762886597936,0.4072164948453608,0.6606529209621993
conf,mosei,MoMKE,2,av,,0,,,selected,cross_mask,3,0.75,1165,1165,50,1164,0.7553072625698324,0.01452513966480451,0.027932960893854775,0.6692439862542955,0.6778350515463918,0.09106529209621993,0.31958762886597936,0.4072164948453608,0.6606529209621993
conf,mosei,MoMKE,2,av,,1,,,selected,cross_mask,3,0.75,1165,1165,50,1164,0.7553072625698324,0.01452513966480451,0.027932960893854775,0.6692439862542955,0.6778350515463918,0.09106529209621993,0.31958762886597936,0.4072164948453608,0.6606529209621993
conf,mosei,MoMKE,2,av,,2,,,selected,cross_mask,3,0.75,1165,1165,50,1164,0.7553072625698324,0.012290502793296132,0.027932960893854775,0.6692439862542955,0.679553264604811,0.0429553264604811,0.31958762886597936,0.2508591065292096,0.6606529209621993
conf,mosei,MoMKE,2,av,,3,,,selected,cross_mask,3,0.75,1165,1165,50,1164,0.7553072625698324,0.01452513966480451,0.027932960893854775,0.6692439862542955,0.6778350515463918,0.09106529209621993,0.31958762886597936,0.4072164948453608,0.6606529209621993
conf,mosei,MoMKE,2,av,,4,,,selected,cross_mask,3,0.75,1165,1165,50,1164,0.7553072625698324,0.01452513966480451,0.027932960893854775,0.6692439862542955,0.6778350515463918,0.09106529209621993,0.31958762886597936,0.4072164948453608,0.6606529209621993
conf,mosei,MoMKE,2,av,,5,,,selected,cross_mask,3,0.75,1165,1165,50,1164,0.7553072625698324,0.011173184357541888,0.027932960893854775,0.6692439862542955,0.6761168384879725,0.07989690721649484,0.31958762886597936,0.3797250859106529,0.6606529209621993
conf,mosei,MoMKE,2,av,,6,,,selected,cross_mask,3,0.75,1165,1165,50,1164,0.7553072625698324,0.011173184357541888,0.027932960893854775,0.6692439862542955,0.6761168384879725,0.07989690721649484,0.31958762886597936,0.37714776632302405,0.6606529209621993
conf,mosei,MoMKE,2,av,,7,,,selected,cross_mask,3,0.75,1165,1165,50,1164,0.7553072625698324,0.01452513966480451,0.027932960893854775,0.6692439862542955,0.6778350515463918,0.09106529209621993,0.31958762886597936,0.4072164948453608,0.6606529209621993
conf,mosei,MoMKE,2,av,,0,,,selected,cross_mask,3,0.75,1165,1165,100,1164,0.7553072625698324,0.01452513966480451,0.027932960893854775,0.6692439862542955,0.6778350515463918,0.09106529209621993,0.31958762886597936,0.4072164948453608,0.6606529209621993
conf,mosei,MoMKE,2,av,,1,,,selected,cross_mask,3,0.75,1165,1165,100,1164,0.7553072625698324,0.01452513966480451,0.027932960893854775,0.6692439862542955,0.6778350515463918,0.09106529209621993,0.31958762886597936,0.4072164948453608,0.6606529209621993
conf,mosei,MoMKE,2,av,,2,,,selected,cross_mask,3,0.75,1165,1165,100,1164,0.7553072625698324,0.01452513966480451,0.027932960893854775,0.6692439862542955,0.6778350515463918,0.09106529209621993,0.31958762886597936,0.4072164948453608,0.6606529209621993
conf,mosei,MoMKE,2,av,,3,,,selected,cross_mask,3,0.75,1165,1165,100,1164,0.7553072625698324,0.00893854748603351,0.027932960893854775,0.6692439862542955,0.6752577319587629,0.05584192439862543,0.31958762886597936,0.2981099656357388,0.6606529209621993
conf,mosei,MoMKE,2,av,,4,,,selected,cross_mask,3,0.75,1165,1165,100,1164,0.7553072625698324,0.01452513966480451,0.027932960893854775,0.6692439862542955,0.6778350515463918,0.09106529209621993,0.31958762886597936,0.4072164948453608,0.6606529209621993
conf,mosei,MoMKE,2,av,,5,,,selected,cross_mask,3,0.75,1165,1165,100,1164,0.7553072625698324,0.01452513966480451,0.027932960893854775,0.6692439862542955,0.6778350515463918,0.09106529209621993,0.31958762886597936,0.4072164948453608,0.6606529209621993
conf,mosei,MoMKE,2,av,,6,,,selected,cross_mask,3,0.75,1165,1165,100,1164,0.7553072625698324,0.01452513966480451,0.027932960893854775,0.6692439862542955,0.6778350515463918,0.09106529209621993,0.31958762886597936,0.4072164948453608,0.6606529209621993
conf,mosei,MoMKE,2,av,,7,,,selected,cross_mask,3,0.75,1165,1165,100,1164,0.7553072625698324,0.01452513966480451,0.027932960893854775,0.6692439862542955,0.6778350515463918,0.09106529209621993,0.31958762886597936,0.4054982817869416,0.6606529209621993
conf,mosei,MoMKE,2,av,,0,,,selected,cross_mask,3,0.75,1165,1165,200,1164,0.7553072625698324,0.01452513966480451,0.027932960893854775,0.6692439862542955,0.6778350515463918,0.09106529209621993,0.31958762886597936,0.4072164948453608,0.6606529209621993
conf,mosei,MoMKE,2,av,,1,,,selected,cross_mask,3,0.75,1165,1165,200,1164,0.7553072625698324,0.01452513966480451,0.027932960893854775,0.6692439862542955,0.6778350515463918,0.09106529209621993,0.31958762886597936,0.4072164948453608,0.6606529209621993
conf,mosei,MoMKE,2,av,,2,,,selected,cross_mask,3,0.75,1165,1165,200,1164,0.7553072625698324,0.01452513966480451,0.027932960893854775,0.6692439862542955,0.6778350515463918,0.09106529209621993,0.31958762886597936,0.4072164948453608,0.6606529209621993
conf,mosei,MoMKE,2,av,,3,,,selected,cross_mask,3,0.75,1165,1165,200,1164,0.7553072625698324,0.01452513966480451,0.027932960893854775,0.6692439862542955,0.6778350515463918,0.09106529209621993,0.31958762886597936,0.4072164948453608,0.6606529209621993
conf,mosei,MoMKE,2,av,,4,,,selected,cross_mask,3,0.75,1165,1165,200,1164,0.7553072625698324,0.01452513966480451,0.027932960893854775,0.6692439862542955,0.6778350515463918,0.09106529209621993,0.31958762886597936,0.4072164948453608,0.6606529209621993
conf,mosei,MoMKE,2,av,,5,,,selected,cross_mask,3,0.75,1165,1165,200,1164,0.7553072625698324,0.01452513966480451,0.027932960893854775,0.6692439862542955,0.6778350515463918,0.09106529209621993,0.31958762886597936,0.4072164948453608,0.6606529209621993
conf,mosei,MoMKE,2,av,,6,,,selected,cross_mask,3,0.75,1165,1165,200,1164,0.7553072625698324,0.011173184357541888,0.027932960893854775,0.6692439862542955,0.6761168384879725,0.0781786941580756,0.31958762886597936,0.3711340206185567,0.6606529209621993
conf,mosei,MoMKE,2,av,,7,,,selected,cross_mask,3,0.75,1165,1165,200,1164,0.7553072625698324,0.01452513966480451,0.027932960893854775,0.6692439862542955,0.6778350515463918,0.09106529209621993,0.31958762886597936,0.4072164948453608,0.6606529209621993
conf,mosei,MoMKE,2,av,,0,,,selected,cross_mask,3,0.75,1165,1165,400,1164,0.7553072625698324,0.01452513966480451,0.027932960893854775,0.6692439862542955,0.6778350515463918,0.09106529209621993,0.31958762886597936,0.4072164948453608,0.6606529209621993
conf,mosei,MoMKE,2,av,,1,,,selected,cross_mask,3,0.75,1165,1165,400,1164,0.7553072625698324,0.01452513966480451,0.027932960893854775,0.6692439862542955,0.6778350515463918,0.09106529209621993,0.31958762886597936,0.4072164948453608,0.6606529209621993
conf,mosei,MoMKE,2,av,,2,,,selected,cross_mask,3,0.75,1165,1165,400,1164,0.7553072625698324,0.01452513966480451,0.027932960893854775,0.6692439862542955,0.6778350515463918,0.09106529209621993,0.31958762886597936,0.4072164948453608,0.6606529209621993
conf,mosei,MoMKE,2,av,,3,,,selected,cross_mask,3,0.75,1165,1165,400,1164,0.7553072625698324,0.01452513966480451,0.027932960893854775,0.6692439862542955,0.6778350515463918,0.09106529209621993,0.31958762886597936,0.4072164948453608,0.6606529209621993
conf,mosei,MoMKE,2,av,,4,,,selected,cross_mask,3,0.75,1165,1165,400,1164,0.7553072625698324,0.01452513966480451,0.027932960893854775,0.6692439862542955,0.6778350515463918,0.09106529209621993,0.31958762886597936,0.4072164948453608,0.6606529209621993
conf,mosei,MoMKE,2,av,,5,,,selected,cross_mask,3,0.75,1165,1165,400,1164,0.7553072625698324,0.01452513966480451,0.027932960893854775,0.6692439862542955,0.6778350515463918,0.09106529209621993,0.31958762886597936,0.4072164948453608,0.6606529209621993
conf,mosei,MoMKE,2,av,,6,,,selected,cross_mask,3,0.75,1165,1165,400,1164,0.7553072625698324,0.01452513966480451,0.027932960893854775,0.6692439862542955,0.6778350515463918,0.09106529209621993,0.31958762886597936,0.4072164948453608,0.6606529209621993
conf,mosei,MoMKE,2,av,,7,,,selected,cross_mask,3,0.75,1165,1165,400,1164,0.7553072625698324,0.01452513966480451,0.027932960893854775,0.6692439862542955,0.6778350515463918,0.09106529209621993,0.31958762886597936,0.4072164948453608,0.6606529209621993
conf,mosei,MoMKE,3,av,,0,,,selected,cross_mask,8,0.525,1165,1165,1165,1164,0.7096774193548387,0.020022246941045596,0.027808676307007785,0.6391752577319587,0.6460481099656358,0.10051546391752578,0.27405498281786944,0.31529209621993126,0.6434707903780069
conf,mosei,MoMKE,3,av,,0,,,selected,cross_mask,8,0.525,1165,1165,50,1164,0.7096774193548387,0.020022246941045596,0.027808676307007785,0.6391752577319587,0.6460481099656358,0.10051546391752578,0.27405498281786944,0.31529209621993126,0.6434707903780069
conf,mosei,MoMKE,3,av,,1,,,selected,cross_mask,8,0.525,1165,1165,50,1164,0.7096774193548387,0.020022246941045596,0.027808676307007785,0.6391752577319587,0.6460481099656358,0.10051546391752578,0.27405498281786944,0.31529209621993126,0.6434707903780069
conf,mosei,MoMKE,3,av,,2,,,selected,cross_mask,8,0.525,1165,1165,50,1164,0.7096774193548387,0.020022246941045596,0.027808676307007785,0.6391752577319587,0.6460481099656358,0.10051546391752578,0.27405498281786944,0.31529209621993126,0.6434707903780069
conf,mosei,MoMKE,3,av,,3,,,selected,cross_mask,8,0.525,1165,1165,50,1164,0.7096774193548387,0.020022246941045596,0.027808676307007785,0.6391752577319587,0.6460481099656358,0.10051546391752578,0.27405498281786944,0.31529209621993126,0.6434707903780069
conf,mosei,MoMKE,3,av,,4,,,selected,cross_mask,8,0.525,1165,1165,50,1164,0.7096774193548387,0.020022246941045596,0.027808676307007785,0.6391752577319587,0.6460481099656358,0.10051546391752578,0.27405498281786944,0.31529209621993126,0.6434707903780069
conf,mosei,MoMKE,3,av,,5,,,selected,cross_mask,8,0.525,1165,1165,50,1164,0.7096774193548387,0.020022246941045596,0.027808676307007785,0.6391752577319587,0.6460481099656358,0.10051546391752578,0.27405498281786944,0.31529209621993126,0.6434707903780069
conf,mosei,MoMKE,3,av,,6,,,selected,cross_mask,8,0.525,1165,1165,50,1164,0.7096774193548387,0.020022246941045596,0.027808676307007785,0.6391752577319587,0.6460481099656358,0.10051546391752578,0.27405498281786944,0.31529209621993126,0.6434707903780069
conf,mosei,MoMKE,3,av,,7,,,selected,cross_mask,8,0.525,1165,1165,50,1164,0.7096774193548387,0.014460511679644017,0.027808676307007785,0.6391752577319587,0.6443298969072165,0.058419243986254296,0.27405498281786944,0.19845360824742267,0.6434707903780069
conf,mosei,MoMKE,3,av,,0,,,selected,cross_mask,8,0.525,1165,1165,100,1164,0.7096774193548387,0.020022246941045596,0.027808676307007785,0.6391752577319587,0.6460481099656358,0.10051546391752578,0.27405498281786944,0.31529209621993126,0.6434707903780069
conf,mosei,MoMKE,3,av,,1,,,selected,cross_mask,8,0.525,1165,1165,100,1164,0.7096774193548387,0.020022246941045596,0.027808676307007785,0.6391752577319587,0.6460481099656358,0.10051546391752578,0.27405498281786944,0.31529209621993126,0.6434707903780069
conf,mosei,MoMKE,3,av,,2,,,selected,cross_mask,8,0.525,1165,1165,100,1164,0.7096774193548387,0.020022246941045596,0.027808676307007785,0.6391752577319587,0.6460481099656358,0.10051546391752578,0.27405498281786944,0.31529209621993126,0.6434707903780069
conf,mosei,MoMKE,3,av,,3,,,selected,cross_mask,8,0.525,1165,1165,100,1164,0.7096774193548387,0.020022246941045596,0.027808676307007785,0.6391752577319587,0.6460481099656358,0.10051546391752578,0.27405498281786944,0.31529209621993126,0.6434707903780069
conf,mosei,MoMKE,3,av,,4,,,selected,cross_mask,8,0.525,1165,1165,100,1164,0.7096774193548387,0.020022246941045596,0.027808676307007785,0.6391752577319587,0.6460481099656358,0.10051546391752578,0.27405498281786944,0.31529209621993126,0.6434707903780069
conf,mosei,MoMKE,3,av,,5,,,selected,cross_mask,8,0.525,1165,1165,100,1164,0.7096774193548387,0.020022246941045596,0.027808676307007785,0.6391752577319587,0.6460481099656358,0.10051546391752578,0.27405498281786944,0.31529209621993126,0.6434707903780069
conf,mosei,MoMKE,3,av,,6,,,selected,cross_mask,8,0.525,1165,1165,100,1164,0.7096774193548387,0.020022246941045596,0.027808676307007785,0.6391752577319587,0.6460481099656358,0.10051546391752578,0.27405498281786944,0.31529209621993126,0.6434707903780069
conf,mosei,MoMKE,3,av,,7,,,selected,cross_mask,8,0.525,1165,1165,100,1164,0.7096774193548387,0.020022246941045596,0.027808676307007785,0.6391752577319587,0.6460481099656358,0.10051546391752578,0.27405498281786944,0.31529209621993126,0.6434707903780069
conf,mosei,MoMKE,3,av,,0,,,selected,cross_mask,8,0.525,1165,1165,200,1164,0.7096774193548387,0.020022246941045596,0.027808676307007785,0.6391752577319587,0.6460481099656358,0.10051546391752578,0.27405498281786944,0.31529209621993126,0.6434707903780069
conf,mosei,MoMKE,3,av,,1,,,selected,cross_mask,8,0.525,1165,1165,200,1164,0.7096774193548387,0.020022246941045596,0.027808676307007785,0.6391752577319587,0.6460481099656358,0.10051546391752578,0.27405498281786944,0.31529209621993126,0.6434707903780069
conf,mosei,MoMKE,3,av,,2,,,selected,cross_mask,8,0.525,1165,1165,200,1164,0.7096774193548387,0.020022246941045596,0.027808676307007785,0.6391752577319587,0.6460481099656358,0.10051546391752578,0.27405498281786944,0.31529209621993126,0.6434707903780069
conf,mosei,MoMKE,3,av,,3,,,selected,cross_mask,8,0.525,1165,1165,200,1164,0.7096774193548387,0.020022246941045596,0.027808676307007785,0.6391752577319587,0.6460481099656358,0.10051546391752578,0.27405498281786944,0.31529209621993126,0.6434707903780069
conf,mosei,MoMKE,3,av,,4,,,selected,cross_mask,8,0.525,1165,1165,200,1164,0.7096774193548387,0.020022246941045596,0.027808676307007785,0.6391752577319587,0.6460481099656358,0.10051546391752578,0.27405498281786944,0.31529209621993126,0.6434707903780069
conf,mosei,MoMKE,3,av,,5,,,selected,cross_mask,8,0.525,1165,1165,200,1164,0.7096774193548387,0.020022246941045596,0.027808676307007785,0.6391752577319587,0.6460481099656358,0.10051546391752578,0.27405498281786944,0.31529209621993126,0.6434707903780069
conf,mosei,MoMKE,3,av,,6,,,selected,cross_mask,8,0.525,1165,1165,200,1164,0.7096774193548387,0.020022246941045596,0.027808676307007785,0.6391752577319587,0.6460481099656358,0.10051546391752578,0.27405498281786944,0.31529209621993126,0.6434707903780069
conf,mosei,MoMKE,3,av,,7,,,selected,cross_mask,8,0.525,1165,1165,200,1164,0.7096774193548387,0.020022246941045596,0.027808676307007785,0.6391752577319587,0.6460481099656358,0.10051546391752578,0.27405498281786944,0.31529209621993126,0.6434707903780069
conf,mosei,MoMKE,3,av,,0,,,selected,cross_mask,8,0.525,1165,1165,400,1164,0.7096774193548387,0.020022246941045596,0.027808676307007785,0.6391752577319587,0.6460481099656358,0.10051546391752578,0.27405498281786944,0.31529209621993126,0.6434707903780069
conf,mosei,MoMKE,3,av,,1,,,selected,cross_mask,8,0.525,1165,1165,400,1164,0.7096774193548387,0.020022246941045596,0.027808676307007785,0.6391752577319587,0.6460481099656358,0.10051546391752578,0.27405498281786944,0.31529209621993126,0.6434707903780069
conf,mosei,MoMKE,3,av,,2,,,selected,cross_mask,8,0.525,1165,1165,400,1164,0.7096774193548387,0.020022246941045596,0.027808676307007785,0.6391752577319587,0.6460481099656358,0.10051546391752578,0.27405498281786944,0.31529209621993126,0.6434707903780069
conf,mosei,MoMKE,3,av,,3,,,selected,cross_mask,8,0.525,1165,1165,400,1164,0.7096774193548387,0.020022246941045596,0.027808676307007785,0.6391752577319587,0.6460481099656358,0.10051546391752578,0.27405498281786944,0.31529209621993126,0.6434707903780069
conf,mosei,MoMKE,3,av,,4,,,selected,cross_mask,8,0.525,1165,1165,400,1164,0.7096774193548387,0.020022246941045596,0.027808676307007785,0.6391752577319587,0.6460481099656358,0.10051546391752578,0.27405498281786944,0.31529209621993126,0.6434707903780069
conf,mosei,MoMKE,3,av,,5,,,selected,cross_mask,8,0.525,1165,1165,400,1164,0.7096774193548387,0.020022246941045596,0.027808676307007785,0.6391752577319587,0.6460481099656358,0.10051546391752578,0.27405498281786944,0.31529209621993126,0.6434707903780069
conf,mosei,MoMKE,3,av,,6,,,selected,cross_mask,8,0.525,1165,1165,400,1164,0.7096774193548387,0.020022246941045596,0.027808676307007785,0.6391752577319587,0.6460481099656358,0.10051546391752578,0.27405498281786944,0.31529209621993126,0.6434707903780069
conf,mosei,MoMKE,3,av,,7,,,selected,cross_mask,8,0.525,1165,1165,400,1164,0.7096774193548387,0.020022246941045596,0.027808676307007785,0.6391752577319587,0.6460481099656358,0.10051546391752578,0.27405498281786944,0.31529209621993126,0.6434707903780069
conf,mosei,MoMKE,4,av,,0,,,selected,cross_mask,3,0.7000000000000001,1165,1165,1165,1164,0.7166853303471444,0.017917133258678608,0.03023516237402013,0.6297250859106529,0.6426116838487973,0.06786941580756013,0.30927835051546393,0.33419243986254293,0.6417525773195877
conf,mosei,MoMKE,4,av,,0,,,selected,cross_mask,3,0.7000000000000001,1165,1165,50,1164,0.7166853303471444,0.017917133258678608,0.03023516237402013,0.6297250859106529,0.6426116838487973,0.06786941580756013,0.30927835051546393,0.33419243986254293,0.6417525773195877
conf,mosei,MoMKE,4,av,,1,,,selected,cross_mask,3,0.7000000000000001,1165,1165,50,1164,0.7166853303471444,0.015677491601343796,0.03023516237402013,0.6297250859106529,0.6408934707903781,0.06099656357388316,0.30927835051546393,0.31013745704467355,0.6417525773195877
conf,mosei,MoMKE,4,av,,2,,,selected,cross_mask,3,0.7000000000000001,1165,1165,50,1164,0.7166853303471444,0.017917133258678608,0.03023516237402013,0.6297250859106529,0.6426116838487973,0.06786941580756013,0.30927835051546393,0.33419243986254293,0.6417525773195877
conf,mosei,MoMKE,4,av,,3,,,selected,cross_mask,3,0.7000000000000001,1165,1165,50,1164,0.7166853303471444,0.017917133258678608,0.03023516237402013,0.6297250859106529,0.6426116838487973,0.06786941580756013,0.30927835051546393,0.33419243986254293,0.6417525773195877
conf,mosei,MoMKE,4,av,,4,,,selected,cross_mask,3,0.7000000000000001,1165,1165,50,1164,0.7166853303471444,0.017917133258678608,0.03023516237402013,0.6297250859106529,0.6426116838487973,0.06786941580756013,0.30927835051546393,0.33419243986254293,0.6417525773195877
conf,mosei,MoMKE,4,av,,5,,,selected,cross_mask,3,0.7000000000000001,1165,1165,50,1164,0.7166853303471444,0.017917133258678608,0.03023516237402013,0.6297250859106529,0.6426116838487973,0.06786941580756013,0.30927835051546393,0.33419243986254293,0.6417525773195877
conf,mosei,MoMKE,4,av,,6,,,selected,cross_mask,3,0.7000000000000001,1165,1165,50,1164,0.7166853303471444,0.017917133258678608,0.03023516237402013,0.6297250859106529,0.6426116838487973,0.06786941580756013,0.30927835051546393,0.33419243986254293,0.6417525773195877
conf,mosei,MoMKE,4,av,,7,,,selected,cross_mask,3,0.7000000000000001,1165,1165,50,1164,0.7166853303471444,0.017917133258678608,0.03023516237402013,0.6297250859106529,0.6426116838487973,0.06786941580756013,0.30927835051546393,0.33419243986254293,0.6417525773195877
conf,mosei,MoMKE,4,av,,0,,,selected,cross_mask,3,0.7000000000000001,1165,1165,100,1164,0.7166853303471444,0.017917133258678608,0.03023516237402013,0.6297250859106529,0.6426116838487973,0.06786941580756013,0.30927835051546393,0.33419243986254293,0.6417525773195877
conf,mosei,MoMKE,4,av,,1,,,selected,cross_mask,3,0.7000000000000001,1165,1165,100,1164,0.7166853303471444,0.017917133258678608,0.03023516237402013,0.6297250859106529,0.6426116838487973,0.06786941580756013,0.30927835051546393,0.33419243986254293,0.6417525773195877
conf,mosei,MoMKE,4,av,,2,,,selected,cross_mask,3,0.7000000000000001,1165,1165,100,1164,0.7166853303471444,0.017917133258678608,0.03023516237402013,0.6297250859106529,0.6426116838487973,0.06786941580756013,0.30927835051546393,0.33419243986254293,0.6417525773195877
conf,mosei,MoMKE,4,av,,3,,,selected,cross_mask,3,0.7000000000000001,1165,1165,100,1164,0.7166853303471444,0.017917133258678608,0.03023516237402013,0.6297250859106529,0.6426116838487973,0.06786941580756013,0.30927835051546393,0.33419243986254293,0.6417525773195877
conf,mosei,MoMKE,4,av,,4,,,selected,cross_mask,3,0.7000000000000001,1165,1165,100,1164,0.7166853303471444,0.017917133258678608,0.03023516237402013,0.6297250859106529,0.6426116838487973,0.06786941580756013,0.30927835051546393,0.33419243986254293,0.6417525773195877
conf,mosei,MoMKE,4,av,,5,,,selected,cross_mask,3,0.7000000000000001,1165,1165,100,1164,0.7166853303471444,0.017917133258678608,0.03023516237402013,0.6297250859106529,0.6426116838487973,0.06786941580756013,0.30927835051546393,0.33419243986254293,0.6417525773195877
conf,mosei,MoMKE,4,av,,6,,,selected,cross_mask,3,0.7000000000000001,1165,1165,100,1164,0.7166853303471444,0.017917133258678608,0.03023516237402013,0.6297250859106529,0.6426116838487973,0.06786941580756013,0.30927835051546393,0.33419243986254293,0.6417525773195877
conf,mosei,MoMKE,4,av,,7,,,selected,cross_mask,3,0.7000000000000001,1165,1165,100,1164,0.7166853303471444,0.017917133258678608,0.03023516237402013,0.6297250859106529,0.6426116838487973,0.06786941580756013,0.30927835051546393,0.33419243986254293,0.6417525773195877
conf,mosei,MoMKE,4,av,,0,,,selected,cross_mask,3,0.7000000000000001,1165,1165,200,1164,0.7166853303471444,0.017917133258678608,0.03023516237402013,0.6297250859106529,0.6426116838487973,0.06786941580756013,0.30927835051546393,0.33419243986254293,0.6417525773195877
conf,mosei,MoMKE,4,av,,1,,,selected,cross_mask,3,0.7000000000000001,1165,1165,200,1164,0.7166853303471444,0.017917133258678608,0.03023516237402013,0.6297250859106529,0.6426116838487973,0.06786941580756013,0.30927835051546393,0.33419243986254293,0.6417525773195877
conf,mosei,MoMKE,4,av,,2,,,selected,cross_mask,3,0.7000000000000001,1165,1165,200,1164,0.7166853303471444,0.017917133258678608,0.03023516237402013,0.6297250859106529,0.6426116838487973,0.06786941580756013,0.30927835051546393,0.33419243986254293,0.6417525773195877
conf,mosei,MoMKE,4,av,,3,,,selected,cross_mask,3,0.7000000000000001,1165,1165,200,1164,0.7166853303471444,0.017917133258678608,0.03023516237402013,0.6297250859106529,0.6426116838487973,0.06786941580756013,0.30927835051546393,0.33419243986254293,0.6417525773195877
conf,mosei,MoMKE,4,av,,4,,,selected,cross_mask,3,0.7000000000000001,1165,1165,200,1164,0.7166853303471444,0.017917133258678608,0.03023516237402013,0.6297250859106529,0.6426116838487973,0.06786941580756013,0.30927835051546393,0.33419243986254293,0.6417525773195877
conf,mosei,MoMKE,4,av,,5,,,selected,cross_mask,3,0.7000000000000001,1165,1165,200,1164,0.7166853303471444,0.017917133258678608,0.03023516237402013,0.6297250859106529,0.6426116838487973,0.06786941580756013,0.30927835051546393,0.33419243986254293,0.6417525773195877
conf,mosei,MoMKE,4,av,,6,,,selected,cross_mask,3,0.7000000000000001,1165,1165,200,1164,0.7166853303471444,0.017917133258678608,0.03023516237402013,0.6297250859106529,0.6426116838487973,0.06786941580756013,0.30927835051546393,0.33419243986254293,0.6417525773195877
conf,mosei,MoMKE,4,av,,7,,,selected,cross_mask,3,0.7000000000000001,1165,1165,200,1164,0.7166853303471444,0.017917133258678608,0.03023516237402013,0.6297250859106529,0.6426116838487973,0.06786941580756013,0.30927835051546393,0.33419243986254293,0.6417525773195877
conf,mosei,MoMKE,4,av,,0,,,selected,cross_mask,3,0.7000000000000001,1165,1165,400,1164,0.7166853303471444,0.017917133258678608,0.03023516237402013,0.6297250859106529,0.6426116838487973,0.06786941580756013,0.30927835051546393,0.33419243986254293,0.6417525773195877
conf,mosei,MoMKE,4,av,,1,,,selected,cross_mask,3,0.7000000000000001,1165,1165,400,1164,0.7166853303471444,0.017917133258678608,0.03023516237402013,0.6297250859106529,0.6426116838487973,0.06786941580756013,0.30927835051546393,0.33419243986254293,0.6417525773195877
conf,mosei,MoMKE,4,av,,2,,,selected,cross_mask,3,0.7000000000000001,1165,1165,400,1164,0.7166853303471444,0.017917133258678608,0.03023516237402013,0.6297250859106529,0.6426116838487973,0.06786941580756013,0.30927835051546393,0.33419243986254293,0.6417525773195877
conf,mosei,MoMKE,4,av,,3,,,selected,cross_mask,3,0.7000000000000001,1165,1165,400,1164,0.7166853303471444,0.017917133258678608,0.03023516237402013,0.6297250859106529,0.6426116838487973,0.06786941580756013,0.30927835051546393,0.33419243986254293,0.6417525773195877
conf,mosei,MoMKE,4,av,,4,,,selected,cross_mask,3,0.7000000000000001,1165,1165,400,1164,0.7166853303471444,0.017917133258678608,0.03023516237402013,0.6297250859106529,0.6426116838487973,0.06786941580756013,0.30927835051546393,0.33419243986254293,0.6417525773195877
conf,mosei,MoMKE,4,av,,5,,,selected,cross_mask,3,0.7000000000000001,1165,1165,400,1164,0.7166853303471444,0.017917133258678608,0.03023516237402013,0.6297250859106529,0.6426116838487973,0.06786941580756013,0.30927835051546393,0.33419243986254293,0.6417525773195877
conf,mosei,MoMKE,4,av,,6,,,selected,cross_mask,3,0.7000000000000001,1165,1165,400,1164,0.7166853303471444,0.017917133258678608,0.03023516237402013,0.6297250859106529,0.6426116838487973,0.06786941580756013,0.30927835051546393,0.33419243986254293,0.6417525773195877
conf,mosei,MoMKE,4,av,,7,,,selected,cross_mask,3,0.7000000000000001,1165,1165,400,1164,0.7166853303471444,0.017917133258678608,0.03023516237402013,0.6297250859106529,0.6426116838487973,0.06786941580756013,0.30927835051546393,0.33419243986254293,0.6417525773195877
